text,category,query_length,label
I am still waiting on my card?,card_arrival,30,12
What can I do if my card still hasn't arrived after 2 weeks?,card_arrival,60,12
I have been waiting over a week. Is the card still coming?,card_arrival,58,12
Can I track my card while it is in the process of delivery?,card_arrival,59,12
"How do I know if I will get my card, or if it is lost?",card_arrival,54,12
When did you send me my new card?,card_arrival,33,12
Do you have info about the card on delivery?,card_arrival,44,12
What do I do if I still have not received my new card?,card_arrival,54,12
Does the package with my card have tracking?,card_arrival,44,12
I ordered my card but it still isn't here,card_arrival,41,12
Why has my new card still not come?,card_arrival,35,12
"I still haven't received my card after two weeks, is it lost?",card_arrival,61,12
Can you track my card for me?,card_arrival,29,12
Is there a way to track the delivery of my card?,card_arrival,48,12
It's been a week since I ordered my card and it's not here. Please help?,card_arrival,72,12
Will I be able to track the card that was sent to me?,card_arrival,53,12
I don't have my card in 1 week.  Should I be worried?,card_arrival,53,12
How do I know when my new card is going to arrive?,card_arrival,50,12
My new card has not been delivered to my home yet. What is going on?,card_arrival,68,12
It's been a week since you issued me a card and I still didn't get it. Should I keep waiting?,card_arrival,93,12
"On the card that is coming, what's the tracking info?",card_arrival,53,12
What is the status of my card's delivery?,card_arrival,41,12
Have you sent out my card yet?,card_arrival,30,12
My card isn't here yet.,card_arrival,23,12
where is my new card?,card_arrival,21,12
It's been a week since you sent my card and I still don't have it.,card_arrival,66,12
How do I track the card you sent me?,card_arrival,36,12
When will I recieve my new card?,card_arrival,32,12
When will I get my new card?,card_arrival,28,12
What is the expected delivery date for my card?,card_arrival,47,12
Is there a tracking number for the card you sent me?,card_arrival,52,12
I would like to track the card you sent to me.,card_arrival,46,12
Has my card been lost in delivery?,card_arrival,34,12
My new card hasn't came in.,card_arrival,27,12
Where is the card I ordered 2 weeks ago?,card_arrival,40,12
Can I get an update on my replacement card?,card_arrival,43,12
How long does it take for a new card to ship?,card_arrival,45,12
What's the tracking on the card you sent?,card_arrival,41,12
I haven't received my card and am worried it is lost.,card_arrival,53,12
My card still hasn't been delivered,card_arrival,35,12
I need to find out where the card is that I ordered.,card_arrival,52,12
Where is my credit card that was to be mailed?,card_arrival,46,12
I ordered my card but it hasn't been delivered yet,card_arrival,50,12
Am I able to track the card that was just sent to me?,card_arrival,53,12
Can you tell me why I haven't received my new card?,card_arrival,51,12
I'm still waiting for my new card.,card_arrival,34,12
Is my card lost? I am still waiting for it to be delivered.,card_arrival,59,12
Should I keep waiting for my card to be delivered?,card_arrival,50,12
Can I track when my card will be delivered?,card_arrival,43,12
How can I check on the status of my new card?,card_arrival,45,12
"A card has been sent to me, how do I track it?",card_arrival,46,12
Is there a way I can get my card expedited?,card_arrival,43,12
What can I do to track the card you sent me?,card_arrival,44,12
why hasnt my card come in yet?,card_arrival,30,12
How can I periodically check the delivery of the card you sent?,card_arrival,63,12
What's the reason my new card hasn't come?,card_arrival,42,12
How long does it take for me to get my new card?,card_arrival,48,12
I don't have my card after 1 week. What are my next steps?,card_arrival,58,12
I know I'm getting a new card but would like know when I can expect to receive it.,card_arrival,82,12
I want to find out what happened to my new card?,card_arrival,48,12
Was there a way for me to get tracking for that?,card_arrival,48,12
I am still waiting for my card.,card_arrival,31,12
My card hasn't arrived.,card_arrival,23,12
Can I track the card you sent to me?,card_arrival,36,12
I haven't gotten my new card.,card_arrival,29,12
How long should it take for my new card to arrive in them mail? What should I do if I never receive it?,card_arrival,103,12
Will I have to wait much longer for my new card to arrive?,card_arrival,58,12
how to track the card you sent,card_arrival,30,12
2 weeks ago I ordered my new card.  It isn't here.  What should I do?,card_arrival,69,12
How can I check on the delivery status of my card?,card_arrival,50,12
"My card has not been delivered yet and its been a week since I ordered it, please help",card_arrival,86,12
What's the expected wait time to recieve my new card?,card_arrival,53,12
How can I see the progress of delivery of the card that was sent?,card_arrival,65,12
"My card was supposed to arrive, but hasn't?",card_arrival,43,12
I ordered a card and would like to know how to track the delivery progress of it.,card_arrival,81,12
How long will it take for me to get my card?,card_arrival,44,12
My card hasn't shown up yet.,card_arrival,28,12
Does the card you sent have a tracking number?,card_arrival,46,12
My card hasn't arrived in the mail yet. I ordered it two weeks ago. What can I do?,card_arrival,82,12
maximum how many days get the courier?,card_arrival,38,12
Is there a reason my new card hasn't arrived yet?,card_arrival,49,12
"I've been waiting a while for my card, is there a way to know when it will arrive?",card_arrival,82,12
How can I track my card's delivery?,card_arrival,35,12
Can I track the card that was just sent to me?,card_arrival,46,12
"If I ordered my new card last week, how much longer should I wait to receive it?",card_arrival,80,12
"What's go on, where is my new card?",card_arrival,35,12
Where is my new card if I haven't received it yet?,card_arrival,50,12
Where is my card?,card_arrival,17,12
Can you tell me why I haven't received my new card yet?,card_arrival,55,12
Is there a way to track my card?,card_arrival,32,12
Is there a way to track the new card you sent me?,card_arrival,49,12
I'm still waiting for my card.,card_arrival,30,12
What do I need to do to get my new card which I have requested 2 weeks ago?,card_arrival,75,12
WHAT IS THE SOLUTION OF THIS PROBLEM,card_arrival,36,12
Could I get tracking on the card?,card_arrival,33,12
Can you help me track my card?,card_arrival,30,12
Shouldn't my new card be here by now?,card_arrival,37,12
Is there a reason my new card hasn't arrived?,card_arrival,45,12
"I would like to track a card sent to me, how do I do that?",card_arrival,58,12
Is there a tracking number for the card?,card_arrival,40,12
can you share card tracking number?,card_arrival,35,12
"I have not received my card and it's been a week, what do I do?",card_arrival,63,12
Is there a way I can check on the card on route to me?,card_arrival,54,12
When will my new card arrive?,card_arrival,29,12
Why haven't I received my new card yet?,card_arrival,39,12
What is the expected delivery date of my card?,card_arrival,46,12
My card hasn't came in the mail yet?,card_arrival,36,12
I haven't received my card.,card_arrival,27,12
Is it possible for me to track the card is was mailed to me?,card_arrival,60,12
When will my new card be delivered?,card_arrival,35,12
I was issued a card about a week ago. why hasn't it come in yet?,card_arrival,64,12
Can you please tell me where my card is? I ordered it 2 weeks ago!,card_arrival,66,12
I still haven't received my card in the mail,card_arrival,44,12
I'm still waiting for my card that was issued a week ago. What should I do?,card_arrival,75,12
I still haven't gotten my new card.  When will it get here?,card_arrival,59,12
Do you have a tracking number for the card I was sent?,card_arrival,54,12
How do I track the card you sent to me?,card_arrival,39,12
Is my new bank card on the way and is there a way to track it?,card_arrival,62,12
Could you send me and up date on the arrival of my card?,card_arrival,56,12
How long does it take to recieve my new card?,card_arrival,45,12
My card has not come in the mail yet.,card_arrival,37,12
What's the card you sent me's tracking number?,card_arrival,46,12
i havent got my card,card_arrival,20,12
Why hasn't my card arrived yet?,card_arrival,31,12
I thought I would have received my new card at this point.,card_arrival,58,12
How long until my new card gets here?,card_arrival,37,12
How much longer until I get my new card?,card_arrival,40,12
Am I able to track a card that has already been sent?,card_arrival,53,12
Is it possible to track the card you sent me?,card_arrival,45,12
How long will it be to get this new card?,card_arrival,41,12
how can i track card you sent,card_arrival,29,12
Can the card was sen to me be tracked?,card_arrival,38,12
why have i not got my new card?,card_arrival,31,12
I need to track the card sent to me.,card_arrival,36,12
"It's been two weeks and I haven't gotten my card, what do I do?",card_arrival,63,12
I was expecting my new card by now.,card_arrival,35,12
Where is the tracking number for the card?,card_arrival,42,12
I was issued a new card a week ago but still haven't received it. How long will it be until I receive it?,card_arrival,105,12
Can I track the card that you sent me in the mail?,card_arrival,50,12
Can you tell me if I can track the card you sent me?,card_arrival,52,12
Why have I not gotten my new card?,card_arrival,34,12
I'm still waiting on my new card to be delivered!,card_arrival,49,12
My new card isn't here and it was issued a week ago.,card_arrival,52,12
"I was supposed to receive my new card by now, but it hasn't came in.",card_arrival,68,12
Is a tracking number available for the card that was just sent?,card_arrival,63,12
Why haven't I gotten my new card?,card_arrival,33,12
Was there a number to track that I could get?,card_arrival,45,12
How much longer is it going to take to get my new card?,card_arrival,55,12
I haven't gotten my credit card in the mail.,card_arrival,44,12
My card hasn't arrived yet. What do I do?,card_arrival,41,12
"My card still hasn't arrived after two weeks, now what?",card_arrival,55,12
My card appears to have never arrived?,card_arrival,38,12
My card never arrived.,card_arrival,22,12
My card has been found. Is there any way for me to put it back into the app?,card_linking,76,14
I was able to find my card. How to I go about putting it into my app?,card_linking,69,14
how do I get my card to show in the app?,card_linking,40,14
I just got my card.  It's not linked yet--how do I do that?,card_linking,59,14
"lost card found, want to put it back in app",card_linking,43,14
"I just got a card, how can I add it to the app?",card_linking,47,14
Is there any way to see my card in the app?,card_linking,43,14
If I find a card I lost do I need to dispose of it? Or can I re-active the card and continue to use it?,card_linking,103,14
I found my card. How can I put it into my app?,card_linking,46,14
How do I make my card show up in the app?,card_linking,41,14
Can you show me where to link the new card?,card_linking,43,14
I found my old card. Can I link it back into the app?,card_linking,53,14
"Show me how to link the new card,",card_linking,33,14
How do I add an existing card to the app?,card_linking,41,14
I finally got my card.  Now I want to link it.  Is that something you have to do or can I do that?,card_linking,98,14
How do I link one of your card that I already have?,card_linking,51,14
If I have a physical card can I link it?,card_linking,40,14
I found my lost card in my jacket pocket this morning so I'd like to reactivate it please.,card_linking,90,14
Can I add a card that I just found (again) to the app?,card_linking,54,14
How can I make my card show up in the app?,card_linking,42,14
"I would like to re-activate my card, it was previously reported  lost but I found it this morning.",card_linking,98,14
"Okay, I found my card, can I put it back in the app?",card_linking,52,14
Can I reactivate a card?,card_linking,24,14
I would like to reactivate a card and wondered if that could be done?,card_linking,69,14
"I got my card now, how do I make it show up in the app?",card_linking,55,14
How do I link an existing card?,card_linking,31,14
How do I link a new card in the app?,card_linking,36,14
"The card I thought was lost was just in my jacket, so can I reactivate it since I found it this morning?",card_linking,104,14
I already have a card and want to link it,card_linking,41,14
Can you please reactivate my card?,card_linking,34,14
Where do I go to add a new card?,card_linking,32,14
I want my card I just received to show up in the app. How do I do that?,card_linking,71,14
"I received my card, how do I get it to show in the app?",card_linking,55,14
If I have a credit card with you how I get set up to link to it?,card_linking,64,14
How do I add my new card?,card_linking,25,14
"I want to reactivate my card, I thought I had lost it but found it again this morning.",card_linking,86,14
"I need a card reactivation, I had reported my card lost but I ran across it in my jacket.",card_linking,89,14
My card is no longer lost. How do I enter it back into the app?,card_linking,63,14
"I want to reactivate my card, I thought I had lost it but found it again in my jacket.",card_linking,86,14
"May I reactivate my card? I previously reported it lost, but have now found it safe and sound.",card_linking,94,14
How do I reactivate a card I thought I lost?,card_linking,44,14
Help me figure out how to link the new card.,card_linking,44,14
I found my lost card. Am I still able to use it?,card_linking,48,14
Will I need a new card or can I put my old card back into the app?,card_linking,66,14
Is there a way to link the card i just got?,card_linking,43,14
How do I add a new card?,card_linking,24,14
"I want to reactivate my card, I found it after thinking it was lost.",card_linking,68,14
Can I put my old card back in the app?,card_linking,38,14
"I got a new card, how do I link it?",card_linking,35,14
I found the card I thought I lost this morning. Can I reactivate this card?,card_linking,75,14
How do i go about linking a new card?,card_linking,37,14
how do i get the card linked,card_linking,28,14
"I have one of your cards, but I don't know how to link it.",card_linking,58,14
how do I link an old card?,card_linking,26,14
I received my card. How do I link it to the app?,card_linking,48,14
"Now that I have my card, how do I connect it to the app?",card_linking,56,14
How do I add the card I just received to show up in the app?,card_linking,60,14
"I want to reactivate my card, I thought I had lost it but I found it.",card_linking,69,14
What do I need to do to link my new card for my account?,card_linking,56,14
Can I add a card to back into the app?,card_linking,38,14
I want to link my new card. Can you help?,card_linking,41,14
What is the process to link the new card?,card_linking,41,14
"I found my card, am I able to put it back into the app?",card_linking,55,14
"I have found my lost or stolen card, would I still have to activate the new card that was sent to me through the mail in order to access my account?",card_linking,148,14
Where can I link a new card?,card_linking,28,14
How do I add a card on to the app?,card_linking,34,14
"I found my card in my jacket this morning, so can I reactivate it?",card_linking,66,14
"I've obtained the card, how do I enable it on the app?",card_linking,54,14
I need to find the card I received in the app.,card_linking,46,14
How do I get my card on the app?,card_linking,32,14
"In the app, how can I make it show the new card that arrived?",card_linking,61,14
How do I link my new card?,card_linking,26,14
Can I activate a card in the app?,card_linking,33,14
"I want to link to my card card with you, how?",card_linking,45,14
I would like to link my card to my account.,card_linking,43,14
"I thought I lost my card so I cancelled it, but recently I found it in my jacket and I would like to re-establish the card.",card_linking,123,14
How can I link the new card?,card_linking,28,14
I got a new card and can't find where to link it.,card_linking,49,14
"Hey, I have my card, how do I get it to show in the app?",card_linking,56,14
Where in the app do I go to make my new card show up?,card_linking,53,14
Where do I scan my card?,card_linking,24,14
Can I reactivate my card? I reported it lost and found it this morning in my jacket.,card_linking,84,14
Can I link my card I previously received?,card_linking,41,14
"I want to reactivate my card, I thought I had lost it but found it again in my jacket this morning.",card_linking,99,14
"I'd lke my card reactivated, I was thinking it was misplaced but I discovered when I woke up that I had left it in my coat.",card_linking,123,14
You sent me a card and now I want to link it.,card_linking,45,14
How do I add my new card to the app?,card_linking,36,14
Can I add a card back to the app?,card_linking,33,14
What if I want to add a card I already have to the app?,card_linking,55,14
"I recently reported my card as missing/lost, and I just found it. Can I still use it?",card_linking,85,14
"Could I reactivate my card please, I couldn't find it but it turns out it was in my jacket pocket.",card_linking,98,14
Is there a way to link cards if I have one of yours?,card_linking,52,14
If my card was lost or stolen can I re-link it?,card_linking,47,14
How do I link a new card to an existing one?,card_linking,44,14
How do I link a new payment card?,card_linking,33,14
I would like to reactivate my card that I previously reported lost. I located the card this morning.,card_linking,100,14
"Card has been received, how will it show up on the app?",card_linking,55,14
Can I re-link a lost card with the app?,card_linking,39,14
What do I do to link my new card?,card_linking,33,14
Is it possible to link a new card?,card_linking,34,14
I deactivated my card but would like to reactivate it.,card_linking,54,14
"I found my card that I thought I had lost, I need to reactive it, please help.",card_linking,78,14
can I link a card of yours I already have?,card_linking,42,14
Can I put my found card back into the app on my phone?,card_linking,54,14
"My card arrived but I need to make it work in the app, how do I do that?",card_linking,72,14
"I found the card that I thought I lost, and I would like to reactivate it.",card_linking,74,14
I found my card again. Can I put it back into the app?,card_linking,54,14
I need some help linking my new card.,card_linking,37,14
help me link my card,card_linking,20,14
How do I link my card in the app.,card_linking,33,14
How do I get my card into the app?,card_linking,34,14
I found my card! Can I link it back into the app?,card_linking,49,14
How do I reactivate my card?,card_linking,28,14
Where do I go to get my new card linked?,card_linking,40,14
"I thought I lost my card but I found it today, so I would like to reactivate it.",card_linking,80,14
How do I link the new card that I just got from you guys?,card_linking,57,14
How can I add a new card?,card_linking,25,14
Can you tell me how to get my card on the app?,card_linking,46,14
Is it possible to reactivate the card I thought I lost but found this morning in my jacket?,card_linking,91,14
How do I make my card appear on the app?,card_linking,40,14
How do I link the new card?,card_linking,27,14
Where in the app do I link a new card?,card_linking,38,14
How do I add my card to the app once I get it?,card_linking,46,14
Can I link your physical card,card_linking,29,14
How do I activate and link my new card?,card_linking,39,14
"I got a card, how do I get it in the app?",card_linking,41,14
I received my new card.  Where is it in the app?,card_linking,48,14
"I found my card, how can I use it again?",card_linking,40,14
"I just received a new card, where do I go to link it to my account?",card_linking,67,14
"found card, how to put it back in app",card_linking,37,14
How do I see my card in the app?,card_linking,32,14
"The card I thought I lost was in my jacket pocket this morning, so can I reactivate that?",card_linking,89,14
I don't see my card anywhere in the app.,card_linking,40,14
"I received my card, how do I get it to work in the app?",card_linking,55,14
What do I do if I already had a card with you guys?,card_linking,51,14
if i found a lost card can i put it back in app,card_linking,47,14
I have a card that was deactivated can I reactivate it?,card_linking,55,14
"My new card isn't in my app, how do I get it in there?",card_linking,54,14
Help me access the card I already got so I can information from it.,card_linking,67,14
What is my money worth in other countries?,exchange_rate,42,33
Will my money be of equal value when I travel abroad?,exchange_rate,53,33
Do you know the rate of exchange?,exchange_rate,33,33
What foreign exchange rate will I get on weekdays and on the weekends?,exchange_rate,70,33
What is the exchange looking like?,exchange_rate,34,33
How is the exchange rate doing?,exchange_rate,31,33
I would like to know how exchange rates are calculated when transferring funds.,exchange_rate,79,33
I would like to know what exchange rates you use?,exchange_rate,49,33
"If I need to cash foreign transfers, how does that work?",exchange_rate,56,33
Do you know what your exchange rates are?,exchange_rate,41,33
How do I know what exchange rate I will get?,exchange_rate,44,33
What are you exchange rates?,exchange_rate,28,33
Do you have the best exchange rate?,exchange_rate,35,33
Where can I find your exchange rates?,exchange_rate,37,33
Your exchange rates come from where?,exchange_rate,36,33
I need to know what your exchange rates are.,exchange_rate,44,33
What's the process for exchanges?,exchange_rate,33,33
What do you think of the exchange rate?,exchange_rate,39,33
How are exchange rates calculated at this bank?,exchange_rate,47,33
What do you use to figure out the exchange rate for the card?,exchange_rate,61,33
What's the foreign exchange rate I will receive?,exchange_rate,48,33
I need to know what foreign exchange rate I can get.,exchange_rate,52,33
What are the current exchange rates?,exchange_rate,36,33
What exchange rate will I receive?,exchange_rate,34,33
What is the basis of your exchange rates?,exchange_rate,41,33
How's the exchange rate?,exchange_rate,24,33
How do you determine your exchange rates?,exchange_rate,41,33
How do the foreign exchange rates work?,exchange_rate,39,33
Where are you getting your exchange rates from?,exchange_rate,47,33
How is the exchange rate calculated?,exchange_rate,36,33
I'm interested in what your exchange rates are based on.,exchange_rate,56,33
How do you decide what the exchange rates are?,exchange_rate,46,33
What is the current exchange rate?,exchange_rate,34,33
What is the formula for your exchange rate?,exchange_rate,43,33
What method do you use for the exchange rate?,exchange_rate,45,33
What are Interbanks current exchange rates?,exchange_rate,43,33
from where are coming your exchange rates?,exchange_rate,42,33
How do you calculate exchange rates?,exchange_rate,36,33
Why is your exchange rate different on different days?,exchange_rate,54,33
Where can I find the exchange rate for my transfer?,exchange_rate,51,33
Where can I get your exchange rates from?,exchange_rate,41,33
How do you find the exchange rate?,exchange_rate,34,33
How are exchange rates determined?,exchange_rate,34,33
What value can I get for my currency?,exchange_rate,37,33
Please explain your exchange rate policy.,exchange_rate,41,33
What are your exchange rates calculated from?,exchange_rate,45,33
What is an exchange rate?,exchange_rate,25,33
What is your opinion on the exchange rate?,exchange_rate,42,33
What are the exchange rates you assign?,exchange_rate,39,33
How do you determine exchange rates?,exchange_rate,36,33
How are your exchange rates calculated?,exchange_rate,39,33
How is an exchange rate calculated?,exchange_rate,35,33
"When exchanging, how much are the rates?",exchange_rate,40,33
What is the exchange rate for EUR?,exchange_rate,34,33
How can I find your exchange rates?,exchange_rate,35,33
Could you please tell me your exchange rates?,exchange_rate,45,33
Is there an exchange rate?,exchange_rate,26,33
How does the exchange rate work?,exchange_rate,32,33
What is the present state of the exchange rate?,exchange_rate,47,33
How are foreign exchange rates determined?,exchange_rate,42,33
How's the exchange rate looking right now?,exchange_rate,42,33
Please explain the exchange rates.,exchange_rate,34,33
What is the foreign exchange rate you will apply?,exchange_rate,49,33
explain the interbank exchange rate,exchange_rate,35,33
What will my exchange rate be?,exchange_rate,30,33
how do you get exchange rates,exchange_rate,29,33
What exchange rates do you use?,exchange_rate,31,33
How will I know what the exchange rate is?,exchange_rate,42,33
What factors effect the exchange rate?,exchange_rate,38,33
Where does the exchange rate stand right now?,exchange_rate,45,33
I'd like to know what the foreign exchange rate will be.,exchange_rate,56,33
Does the exchange rate change?,exchange_rate,30,33
How do your exchange rates factor in?,exchange_rate,37,33
Will I know which exchange rate I will get?,exchange_rate,43,33
How do I know what the exchange rate will be when I make an exchange.,exchange_rate,69,33
Is the exchange rate the same on weekends as the weekdays?,exchange_rate,58,33
How do you do exchanges?,exchange_rate,24,33
On what do you base your exchange rates?,exchange_rate,40,33
How do you come up with your exchange rate,exchange_rate,42,33
What factors determine your exchange rate?,exchange_rate,42,33
How are the exchange rates determined?,exchange_rate,38,33
I would like to know what your exchange rates are.,exchange_rate,50,33
Is the exchange rate current?,exchange_rate,29,33
What are the exchange rates?,exchange_rate,28,33
How much are the rates of exchange?,exchange_rate,35,33
How do you decide what your exchange rates are?,exchange_rate,47,33
Your exchange rates are coming from where?,exchange_rate,42,33
Is there a specific source that the exchange rate for the transfer I'm planning on making is pulled from?,exchange_rate,105,33
How are the exchange rates for transfers calculated?,exchange_rate,52,33
How do I know how much money I will have when I travel abroad?,exchange_rate,62,33
How do you do currency exchanges?,exchange_rate,33,33
Can you explain your exchange rates basis?,exchange_rate,42,33
How did you guys get your exchange rate?,exchange_rate,40,33
Can you tell me your exchange rates?,exchange_rate,36,33
Could you tell me what your exchange rates are?,exchange_rate,47,33
Does this app have the same exchange rate as third parties?,exchange_rate,59,33
what are your exchange rates at?,exchange_rate,32,33
How is the current exchange rate?,exchange_rate,33,33
What is the system for determining the exchange rate?,exchange_rate,53,33
I am travelling and I was wondering what your exchange rates are,exchange_rate,64,33
How can I tell what foreign exchange rate I will get?,exchange_rate,53,33
Tell me your opinion on the exchange rate.,exchange_rate,42,33
I'd like to know what you guys look at to decide an exchange rate,exchange_rate,65,33
How does the exchange rate work on this app?,exchange_rate,44,33
where do you find your exchange rates?,exchange_rate,38,33
I want to know your exchange rates.,exchange_rate,35,33
What exchange rate is it?,exchange_rate,25,33
What is the source of your exchange rates?,exchange_rate,42,33
i need to know about exchange rates,exchange_rate,35,33
Where do you get those exchange rates?,exchange_rate,38,33
How do you determine the exchange rate?,exchange_rate,39,33
What foreign exchange rate will I get?,exchange_rate,38,33
"Last Saturday, I was charged extra for the exchange rate on my payment. Is something wrong?",card_payment_wrong_exchange_rate,91,18
"Hi, I am disappointed to see such a bad exchange rate and hope you can assist me. Would you be able to confirm the official interbank exchange rate for me?",card_payment_wrong_exchange_rate,155,18
I think the currency exchange that's been applied is wrong.,card_payment_wrong_exchange_rate,59,18
The exchange rate I was charged for a purchase was not right.,card_payment_wrong_exchange_rate,61,18
Can you please explain why the exchange rate for the item I bought is wrong?,card_payment_wrong_exchange_rate,76,18
I think something went wrong with my exchange between Russian Ruble and UK pounds. I was overcharged during the swap.,card_payment_wrong_exchange_rate,117,18
My payment has an incorrect exchange rate.,card_payment_wrong_exchange_rate,42,18
my exchange rate looks wrong for my last payment,card_payment_wrong_exchange_rate,48,18
The exchange rate you are using is bad.This can't be the official interbank exchange rate.,card_payment_wrong_exchange_rate,90,18
I was charged the wing amount for an item.,card_payment_wrong_exchange_rate,42,18
the exchange rate on my payment was wrong,card_payment_wrong_exchange_rate,41,18
Why is the exchange rate terrible?  That can't be close to the actual interbank rate.,card_payment_wrong_exchange_rate,85,18
An incorrect exchange rate was applied to an item I bought.,card_payment_wrong_exchange_rate,59,18
The exchange rate was incorrect for an item I bought.,card_payment_wrong_exchange_rate,53,18
The exchange rate on my payment doesn't look right,card_payment_wrong_exchange_rate,50,18
"I just saw the exchange rate you use, but it's so bad that I can't believe that it's the official interbank exchange rate! Is this truly the official interbank exchange rate?",card_payment_wrong_exchange_rate,174,18
This exchange rate you use is awful! Please tell me this is a mistake and not the official interbank exchange rate!,card_payment_wrong_exchange_rate,115,18
After purchasing an item I noticed the exchange rate was incorrect.,card_payment_wrong_exchange_rate,67,18
The amount of exchange was not correct for the item i bought.,card_payment_wrong_exchange_rate,61,18
The exchange rate from my card payment isn't right.,card_payment_wrong_exchange_rate,51,18
My exchange rate isn't correct.,card_payment_wrong_exchange_rate,31,18
Why was the exchange rate so wrong when I bought something!,card_payment_wrong_exchange_rate,59,18
My exchange rate was wrong for an Item I bought!,card_payment_wrong_exchange_rate,48,18
I was using a foreign currecy to make a payment and the applied the wrong rate.,card_payment_wrong_exchange_rate,79,18
The exchange rate was incorrect for this item I bought.,card_payment_wrong_exchange_rate,55,18
I purchased something overseas and the incorrect exchange rate was applied.,card_payment_wrong_exchange_rate,75,18
The exchange rate is incorrect for my payment.,card_payment_wrong_exchange_rate,46,18
The item i bought exchanged rate was incorrect.,card_payment_wrong_exchange_rate,47,18
I'm on holiday and I noticed a different amount for exchange rate.  Can you explain?,card_payment_wrong_exchange_rate,84,18
I bought something in another country but the exchange rate is wrong,card_payment_wrong_exchange_rate,68,18
I bought an item and the exchange rate was wrong.,card_payment_wrong_exchange_rate,49,18
Exchange rate for my card payment is wrong,card_payment_wrong_exchange_rate,42,18
the exchange rate at which my card payment is at is wrong,card_payment_wrong_exchange_rate,57,18
There was a problem with the exchange rate on a purchase.,card_payment_wrong_exchange_rate,57,18
"I recently purchased something, and the exchange rate was wrong.",card_payment_wrong_exchange_rate,64,18
What if there is an error on the exchange rate?,card_payment_wrong_exchange_rate,47,18
Why is my exchange rate wrong?,card_payment_wrong_exchange_rate,30,18
Please check my payment from last Saturday as I feel I have been overcharged on the exchange rate.  Thank you.,card_payment_wrong_exchange_rate,110,18
I used foreign currency to buy something and I think the rate applied is incorrect.,card_payment_wrong_exchange_rate,83,18
This exchange rate on my purchase is wrong.,card_payment_wrong_exchange_rate,43,18
Why is your exchange rate so bad?,card_payment_wrong_exchange_rate,33,18
The exchange rate looks wrong on a holiday purchase,card_payment_wrong_exchange_rate,51,18
"I purchased something abroad, and the exchange rate that was applied was wrong.",card_payment_wrong_exchange_rate,79,18
I bought something and I take issue with the exchange rate applied.,card_payment_wrong_exchange_rate,67,18
I think there has been a mistake on my exchange rate for this purchase.,card_payment_wrong_exchange_rate,71,18
You did not give me the correct exchange rate for an item that I bought.,card_payment_wrong_exchange_rate,72,18
I checked on google and the exchange rate you are using is really bad. Can you update it?,card_payment_wrong_exchange_rate,89,18
"I seem to have been charged to much for my holiday purchases, the exchange rate is wrong.",card_payment_wrong_exchange_rate,89,18
"In regards to my card payment, the exchange rate is incorrect.",card_payment_wrong_exchange_rate,62,18
I bough an item and the exchange rate was incorrect.,card_payment_wrong_exchange_rate,52,18
Why did you charge me more for my purchase? It was a foreign currency and you didn't offer market rate,card_payment_wrong_exchange_rate,102,18
I question today's exchange rate for rubles into pounds. I was hoping for a better return.,card_payment_wrong_exchange_rate,90,18
I feel as though I have been over charged for the exchange rate on my payment on last Saturday.,card_payment_wrong_exchange_rate,95,18
My currency rate is inaccurate.,card_payment_wrong_exchange_rate,31,18
The currency exchange rate was wrong for a purchase I made.,card_payment_wrong_exchange_rate,59,18
I purchased something abroad and the incorrect exchange rate was applied.,card_payment_wrong_exchange_rate,73,18
Your exchange rate was off.  I was charged extra on my payment that I made last Saturday.,card_payment_wrong_exchange_rate,89,18
I was charged the wrong exchange rate on a purchase,card_payment_wrong_exchange_rate,51,18
Can you change the rate for the item I bought in a different currency as it is wrong?,card_payment_wrong_exchange_rate,85,18
The currency exchange for my purchase in foreign currency is incorrect.,card_payment_wrong_exchange_rate,71,18
I noticed the currency exchange rate was incorrect after paying for something in a foreign country.,card_payment_wrong_exchange_rate,99,18
My foreign currency exchange has been applied incorrectly.,card_payment_wrong_exchange_rate,58,18
Why isn't my purchase exchange rate correct?,card_payment_wrong_exchange_rate,44,18
I noticed that the exchange rate applied to a recent purchase I made abroad was incorrect.,card_payment_wrong_exchange_rate,90,18
"I purchased something while traveling, and the exchange rate applied was wrong.",card_payment_wrong_exchange_rate,79,18
Why is the exchange rate different on my recent purchase?,card_payment_wrong_exchange_rate,57,18
The fee charged when I changed rubles into British pounds was too much.,card_payment_wrong_exchange_rate,71,18
I wasn't charged the correct exchange rate for an item I purchased.,card_payment_wrong_exchange_rate,67,18
Does the fee for exchange change?,card_payment_wrong_exchange_rate,33,18
The rate applied to my purchase in a foreign currency was wrong.,card_payment_wrong_exchange_rate,64,18
"I bought something while traveling, and the exchange rate was wrong.",card_payment_wrong_exchange_rate,68,18
something is wrong with my exchange rate charge,card_payment_wrong_exchange_rate,47,18
Seems like the exchange rate for my payment last Saturday was wrong. I was charged extra.,card_payment_wrong_exchange_rate,89,18
It seems that something went wrong with my exchange. I changed Russian Ruble into UK pounds but have been charged entirely too much!,card_payment_wrong_exchange_rate,132,18
I bought an item then noticed the exchange rate was wrong.,card_payment_wrong_exchange_rate,58,18
The exchange rate applied is wrong for my international purchase.,card_payment_wrong_exchange_rate,65,18
My card payment had the wrong exchange rate,card_payment_wrong_exchange_rate,43,18
They used the wrong rate when I made a purchase with foreign currency.,card_payment_wrong_exchange_rate,70,18
Does the exchange rate change each day for purchases? There is a different rate on my purchase.,card_payment_wrong_exchange_rate,95,18
It seems that the rate I got is incorrect.,card_payment_wrong_exchange_rate,42,18
I exchanged Russian rubles for British pounds today and got less than I expected. Was exchange rate correct?,card_payment_wrong_exchange_rate,108,18
Was I charged more than I should of been for a currency exchange?,card_payment_wrong_exchange_rate,65,18
What do i do if the exchange rate was wrong for the item i bought overseas?,card_payment_wrong_exchange_rate,75,18
My client was converting their Russian ruble into UK pound currency when they noticed their bill was much too high for the exchange. What happened?,card_payment_wrong_exchange_rate,147,18
I have been overcharged. I just changed over Russian Ruble to UK pounds and it was too much. It seems something was wrong with my exchange.,card_payment_wrong_exchange_rate,139,18
What is your exchange rate between UK pounds and Russian rubles for my last transaction,card_payment_wrong_exchange_rate,87,18
I think there was an error in your exchange rate.,card_payment_wrong_exchange_rate,49,18
The exchange rate was not correct for the item I bought.,card_payment_wrong_exchange_rate,56,18
I noticed an extra charge on the purchase that I made last Saturday on my account. Can you see if I received the correct exchange rate?,card_payment_wrong_exchange_rate,135,18
My exchange seems to have something wrong with it. I changed over Russian Ruble to UK pounds and it appears I was charged way more than I was supposed to be.,card_payment_wrong_exchange_rate,157,18
The correct exchange rate wasn't given to me for an item I purchased.,card_payment_wrong_exchange_rate,69,18
"I bought something in another currency, but the exchange rate was incorrect.",card_payment_wrong_exchange_rate,76,18
the exchange rate is wrong from something I got in another country,card_payment_wrong_exchange_rate,66,18
"The exchange rate given to me after a purchase, was incorrect",card_payment_wrong_exchange_rate,61,18
My card payment has the wrong exchange rate,card_payment_wrong_exchange_rate,43,18
I have been charged way to much so something is apparently wrong with my exchange. I changed Russian Ruble into UK pounds.,card_payment_wrong_exchange_rate,122,18
Why is the exchange rate different from what I expected?,card_payment_wrong_exchange_rate,56,18
The exchange rate you are using is really bad.This can't be the official interbank exchange rate.,card_payment_wrong_exchange_rate,97,18
Please check the exchange rate for my payment last Saturday. I believe I have been overcharged.,card_payment_wrong_exchange_rate,95,18
Why was I charged extra on my last UK pound to Russian ruble exchange?,card_payment_wrong_exchange_rate,70,18
The wrong exchange rate was used when I purchased an item.,card_payment_wrong_exchange_rate,58,18
Why was the wrong rate applied when I bought something in a different currency?,card_payment_wrong_exchange_rate,79,18
I bought something abroad and the exchange rate applied is wrong,card_payment_wrong_exchange_rate,64,18
An item I bought had the wrong exchange rate applied.,card_payment_wrong_exchange_rate,53,18
I think the rate that was applied to my purchase using foreign currency is wrong. Help!,card_payment_wrong_exchange_rate,87,18
Why was my exchange rate a different amount than usual?,card_payment_wrong_exchange_rate,55,18
I want to change the wrong exchange rate.,card_payment_wrong_exchange_rate,41,18
I recently bought something abroad but the exchange rate is incorrect. Why?,card_payment_wrong_exchange_rate,75,18
"The exchange rate you're using is terrible - this can't be the official interbank exchange rate, can it?",card_payment_wrong_exchange_rate,104,18
I did not receive the correct amount for the exchange rate.,card_payment_wrong_exchange_rate,59,18
"I guess exchange rate for my payment was not correct, as i charged extra on the last saturday.",card_payment_wrong_exchange_rate,94,18
The exchange rate for my payment last Saturday must be wrong because I was charged extra.,card_payment_wrong_exchange_rate,89,18
Are you sure this is the interbank exchange rate? This rate is really bad.,card_payment_wrong_exchange_rate,74,18
The exchange rate you are using is really bad. This can't possibly be the official interbank exchange rate.,card_payment_wrong_exchange_rate,107,18
I believe you charged me too much to exchange my money,card_payment_wrong_exchange_rate,54,18
"I changed the currency, but why is it costing more?",card_payment_wrong_exchange_rate,51,18
Why was the exchange wrong for the item I purchased?,card_payment_wrong_exchange_rate,52,18
"I made an international purchase, but the exchange rate was wrong",card_payment_wrong_exchange_rate,65,18
My purchase used the wrong exchange rate,card_payment_wrong_exchange_rate,40,18
"I have been charged to much for the object I bought when abroad, the exchange rate seems to be wrong.",card_payment_wrong_exchange_rate,101,18
I made a purchase and was charged at the wrong foreign exchange rate.,card_payment_wrong_exchange_rate,69,18
I think that the exchange rate was wrong for the payment made last Saturday - I was charged extra.,card_payment_wrong_exchange_rate,98,18
Why is the exchange rate for my payment incorrect?,card_payment_wrong_exchange_rate,50,18
Your foreign exchange rate is wrong.,card_payment_wrong_exchange_rate,36,18
It looks like the exchange rates on my card payment are wrong,card_payment_wrong_exchange_rate,61,18
There's an error with the rate that is charged.,card_payment_wrong_exchange_rate,47,18
I bought an item at the wrong exchange rate.,card_payment_wrong_exchange_rate,44,18
I think the exchange rate on my card payment is incorrect.,card_payment_wrong_exchange_rate,58,18
I bought an item that I was charged a different exchange rate for.,card_payment_wrong_exchange_rate,66,18
I am not receiving the correct exchange rate on my card.,card_payment_wrong_exchange_rate,56,18
When I purchased a product in another country the currency exchange was incorrect.,card_payment_wrong_exchange_rate,82,18
The exchange rate used on your app is really bad. I'm considering closing my account because of it.,card_payment_wrong_exchange_rate,99,18
I think I was charged extra on my payment on last Saturday.  Maybe the exchange rate was wrong?  I'd like a refund.,card_payment_wrong_exchange_rate,115,18
I received the wrong exchange rate for an item i bought.,card_payment_wrong_exchange_rate,56,18
Are you ripping people off with the exchange rate?  It can't be that atrocious between banks.,card_payment_wrong_exchange_rate,93,18
I don't think the charges made when I had currency exchanged are right.,card_payment_wrong_exchange_rate,71,18
Why am I being charged the wrong currency exchange when I purchased something abroad?,card_payment_wrong_exchange_rate,85,18
The exchange rate for my card payment doesn't seem right.,card_payment_wrong_exchange_rate,57,18
"When I bought something abroad, the exchange rate was wrong.",card_payment_wrong_exchange_rate,60,18
I didn't receive the correct exchange rate for an item that I bought.,card_payment_wrong_exchange_rate,69,18
Why is the exchange rate on my card wrong?,card_payment_wrong_exchange_rate,42,18
I am being charged the wrong amount on my card.,card_payment_wrong_exchange_rate,47,18
The exchange rate is incorrect on an item I recently purchased in a foreign country.,card_payment_wrong_exchange_rate,84,18
The exchange rate is incorrect for something I bought,card_payment_wrong_exchange_rate,53,18
My payment had a wrong exchange rate.,card_payment_wrong_exchange_rate,37,18
The exchange rate for my electronic payment is incorrect.,card_payment_wrong_exchange_rate,57,18
Why was I charged a higher exchange rate when I bought something abroad?,card_payment_wrong_exchange_rate,72,18
Why didn't I receive the correct exchange rate for an item that I purchased?,card_payment_wrong_exchange_rate,76,18
Why is the exchange rate on my card payment different than I expected?,card_payment_wrong_exchange_rate,70,18
My rate of exchange was wrong.,card_payment_wrong_exchange_rate,30,18
I recently bought something in foreign currency and I am unsure of the exchange rate. Is this rate applied correctly?,card_payment_wrong_exchange_rate,117,18
I purchased something abroad but the exchange rate is incorrect.,card_payment_wrong_exchange_rate,64,18
A foreign purchase I made has the incorrect rate applied to it.,card_payment_wrong_exchange_rate,63,18
"When I was traveling abroad, the exchange rate was applied wrong.",card_payment_wrong_exchange_rate,65,18
There's an error in regards to the exchange rate for an item I bought.,card_payment_wrong_exchange_rate,70,18
"Last Saturday, I made a payment and the exchange rate was wrong.  I was charged too much.",card_payment_wrong_exchange_rate,89,18
The exchange rate is bad. Are you sure this is the exchange rate?,card_payment_wrong_exchange_rate,65,18
I purchased an item and the exchange rate was wrong,card_payment_wrong_exchange_rate,51,18
Exchange rate on a purchase was incorrect,card_payment_wrong_exchange_rate,41,18
"I'm going on a trip soon and I needed to convert my Russian ruble to UK pounds, but when I did, your company charged me above the exchange rate. Did you mess up my transaction?",card_payment_wrong_exchange_rate,176,18
I was charged extra. Was the exchange rate for my payment last Saturday wrong?,card_payment_wrong_exchange_rate,78,18
The exchange rate that was applied for an international purchase was wrong.,card_payment_wrong_exchange_rate,75,18
"Hello, I believe there has been a mistake made on the exchange rate for my card. Could you please check the official interbank exchange rate for me?",card_payment_wrong_exchange_rate,148,18
Why am I being charged more on exchange with things I bought abroad?,card_payment_wrong_exchange_rate,68,18
"I  have been charged more than I should for the presents I bought  when abroad, the problem seems to be the exchange rate.",card_payment_wrong_exchange_rate,122,18
I made a purchase but the exchange rate is wrong?,card_payment_wrong_exchange_rate,49,18
Why on earth is the exchange rate so bad?   Can I get a rate closer to the actual interbank rate?,card_payment_wrong_exchange_rate,97,18
Why is there an extra fee on my statement?,extra_charge_on_statement,42,35
Why did they charge me an extra $1?,extra_charge_on_statement,35,35
Why is there a 1 euro fee on my statement?,extra_charge_on_statement,42,35
Why do I see an extra £1 charge on my statement?,extra_charge_on_statement,48,35
I am inquiring about a $1 charge on my statement.,extra_charge_on_statement,49,35
What is the $1 transaction on my account?,extra_charge_on_statement,41,35
What is this extra pound charge for?,extra_charge_on_statement,36,35
I was charged $1 in a transaction.,extra_charge_on_statement,34,35
What is the reason for the extra fee on my statement?,extra_charge_on_statement,53,35
There is a pending 1£ charge on my statement.  I haven't purchased anything for 1£.  Why is it on my statement?,extra_charge_on_statement,111,35
Have have a small charge on my account from someone I purchased with but I'm not sure what it relates to.,extra_charge_on_statement,105,35
"I have a strange transaction for £1 on my statement, what is that?",extra_charge_on_statement,66,35
I have no idea why there is a dollar that has been charged to my account.,extra_charge_on_statement,73,35
I have been charged a pound for something that appears on my statement,extra_charge_on_statement,70,35
Why is there a $1 charge on my statement?,extra_charge_on_statement,41,35
Where did this extra €1 fee on my statement come from?,extra_charge_on_statement,54,35
Is there a reason why there is an extra £1 charge on my account?,extra_charge_on_statement,64,35
Can you tell me what this fee is on my statement?,extra_charge_on_statement,49,35
Why has another fee been placed on my statement?,extra_charge_on_statement,48,35
There has been a charge pending on my account statement that I can't figue out it's for a dollar.,extra_charge_on_statement,97,35
€1 was in my statement as an extra fee.,extra_charge_on_statement,39,35
Why is there an extra charge on my statement.,extra_charge_on_statement,45,35
"Hey, I got charged extra for some reason when I purchased an app. Is this a hidden fee or something? I don't think it's very cool.",extra_charge_on_statement,130,35
I see a $1 charge in a transaction.,extra_charge_on_statement,35,35
I had to pay a pound more than I anticipated!,extra_charge_on_statement,45,35
There is a €1 extra fee in my statement,extra_charge_on_statement,39,35
My statement contained a one pound extra fee,extra_charge_on_statement,44,35
I checked my account today and saw that I was charged an extra pound that I did not spend.,extra_charge_on_statement,90,35
What is the extra €1 on my statement for?,extra_charge_on_statement,41,35
I see I was charged $1 for a transaction.,extra_charge_on_statement,41,35
$1 charge in transaction.,extra_charge_on_statement,25,35
"I just looked at my app and it seems I was charged extra, why is that?",extra_charge_on_statement,70,35
Why is there an extra pound charge that is pending?,extra_charge_on_statement,51,35
I was wrongfully charged one pound.,extra_charge_on_statement,35,35
Why is there an extra fee charged?,extra_charge_on_statement,34,35
"I just checked my statement and saw a $1 charge, why is it there?",extra_charge_on_statement,65,35
There is an odd 1£ charge that appears as pending on my statement. What's the reason for that? I haven't purchased anything for a pound.,extra_charge_on_statement,136,35
Why have I been charged an extra pound?,extra_charge_on_statement,39,35
I think I may have been charged $1 extra on my app.  Could you provide some insight as to why this may have happened?,extra_charge_on_statement,117,35
Why do I see an extra €1 charge on my statement?,extra_charge_on_statement,48,35
Is the 1 pound charge I can see an error or an incorrect entry?,extra_charge_on_statement,63,35
Why did I get a $1 extra fee on the statement?,extra_charge_on_statement,46,35
Why was I charged $1 in a transaction?,extra_charge_on_statement,38,35
why is there a service fee on my statement?,extra_charge_on_statement,43,35
"My statement shows a 1£ purchase pending. I do not remember making this purchase, please let me know what this is about.",extra_charge_on_statement,120,35
I am seeing and extra 1$ charged to my account and wanted to know about it.,extra_charge_on_statement,75,35
Why did you charge me extra?,extra_charge_on_statement,28,35
An extra pound was charged!,extra_charge_on_statement,27,35
I got billed an extra pound!,extra_charge_on_statement,28,35
Why do I see an extra fee on my statement?,extra_charge_on_statement,42,35
"There must have been a mistake, why was I charged an extra pound?",extra_charge_on_statement,65,35
"When I look at my statement there is an extra fee, that is for what?",extra_charge_on_statement,68,35
There is an extra small charge on my card! What do I do?,extra_charge_on_statement,56,35
"I looked at my statement, and there is a charge for 1£ that I don't recognize.  Why is it on there?",extra_charge_on_statement,99,35
I got a €1 extra fee in my statement,extra_charge_on_statement,36,35
What is the extra fee on my statement?,extra_charge_on_statement,38,35
Why have I been charged an extra £1?,extra_charge_on_statement,36,35
"In my statement, I got a €1 extra fee.",extra_charge_on_statement,38,35
Why is there a charge for $1 on my account?,extra_charge_on_statement,43,35
"On my statement, there is a strange 1£ charge that appears as pending. What's causing that? I haven't purchased anything that's just a pound.",extra_charge_on_statement,141,35
what was the $1 fee i got,extra_charge_on_statement,25,35
I see a charge of 1L I do not recognize on my statement,extra_charge_on_statement,55,35
I was overcharged one extra pound!,extra_charge_on_statement,34,35
I noticed an extra pound charge?,extra_charge_on_statement,32,35
I have been charged an extra pound!,extra_charge_on_statement,35,35
Why does my statement show a $1 charge on my account?,extra_charge_on_statement,53,35
Why has my card been charged an extra pound?,extra_charge_on_statement,44,35
Why does my statement have an extra fee?,extra_charge_on_statement,40,35
There is a  €1 fee on my account I didn't authorize,extra_charge_on_statement,51,35
I was made to pay an additional pound!,extra_charge_on_statement,38,35
I was charged an extra pound for no reason. Why is that?,extra_charge_on_statement,56,35
It appears I have a fee in my statement.,extra_charge_on_statement,40,35
When did I get a $1 extra fee on my statement?,extra_charge_on_statement,46,35
What is this fee debit on my account?,extra_charge_on_statement,37,35
I was charged an extra dollar on my account and would like to know the reason.,extra_charge_on_statement,78,35
What is this extra €1 fee about?,extra_charge_on_statement,32,35
I was overcharged a pound.,extra_charge_on_statement,26,35
Why do i have an extra fee on my statement?,extra_charge_on_statement,43,35
What was the $1 charge for on my statement?,extra_charge_on_statement,43,35
I had a dollar charged to my account that's still pending and wanted to know what the charge is for?,extra_charge_on_statement,100,35
I was charged extra or a hidden fee when I purchased something from you. What's the deal? I didn't authorize that charge.,extra_charge_on_statement,121,35
What am I being charged an extra pound when I haven't bought something worth that much?,extra_charge_on_statement,87,35
why was i charged a small amount,extra_charge_on_statement,32,35
Do you also have this extra fee on your statement?,extra_charge_on_statement,50,35
Why did I get charged one pound seemingly randomly?,extra_charge_on_statement,51,35
Why was I charged an extra pound?,extra_charge_on_statement,33,35
I am being charged a pound out of nowhere. What is this?,extra_charge_on_statement,56,35
A pending charge of 1L appears on my statement.  Please explain as I have not made a purchase for that amount,extra_charge_on_statement,109,35
Why did you guys charge me an extra €1?,extra_charge_on_statement,39,35
Why was I charged more than I should have been?,extra_charge_on_statement,47,35
What is the fee on my statement for?,extra_charge_on_statement,36,35
"Hello, there seems to be a billing mistake associated with my account.  My app was charged $1 more than it should have.  Could you please explain why this may have happened?",extra_charge_on_statement,173,35
Why is there a pending hold on one pound on my statement?,extra_charge_on_statement,57,35
I need some help figuring out what this strange payment is on my account. It's stays pending and won't go away.,extra_charge_on_statement,111,35
What is this $1 charge on my account?,extra_charge_on_statement,37,35
There is a 1£ charge that appears as pending on my statement. What is that? I haven't purchased anything for a pound there.,extra_charge_on_statement,123,35
Why did a transaction I made charge me $1?,extra_charge_on_statement,42,35
"There seems to be an additional charge of £1 on my statement, what is the reason for this?",extra_charge_on_statement,90,35
I still have not received an answer as to why I was charged $1.00 in a transaction?,extra_charge_on_statement,83,35
Why does my statement show an extra fee?,extra_charge_on_statement,40,35
"There's an extra fee on my statement, why is that?",extra_charge_on_statement,50,35
There is some odd 1£ charge that appears as pending on my statement. What's that about? Pretty sure I haven't purchased anything for a pound there.,extra_charge_on_statement,147,35
There is a pending payment on my account that is very strange. I don't remember making this and it won't go away. Can you help me figure this out?,extra_charge_on_statement,146,35
Can you tell me about why the account I have was charged an extra 1$,extra_charge_on_statement,68,35
why does my statement contain an extra fee?,extra_charge_on_statement,43,35
Can you tell me why I was charged $1 for a transaction?,extra_charge_on_statement,55,35
Why is there an extra €1 fee in my statement?,extra_charge_on_statement,45,35
"There is an extra charge on my account I didn't authorise, it's just £1, what is it?",extra_charge_on_statement,84,35
What is the dollar that I have pending on my statement there?,extra_charge_on_statement,61,35
"I see an extra $1  charge on my statement, why is this?",extra_charge_on_statement,55,35
Can you please explain to me why there is an extra €1 fee in my statement?,extra_charge_on_statement,74,35
"There is an unexplained $1 charge on my statement, can you please explain this to me?",extra_charge_on_statement,85,35
How can I find out about an extra fee on my statement?,extra_charge_on_statement,54,35
"Hello, I see that I have been charged an extra $1 on my app.  Could you please provide me with a reason for this charge?",extra_charge_on_statement,120,35
"In my statement, there was an extra €1 fee",extra_charge_on_statement,42,35
Is there a reason there's an extra fee on my statement?,extra_charge_on_statement,55,35
What is this extra fee on my statement.,extra_charge_on_statement,39,35
What does the €1 fee mean?,extra_charge_on_statement,26,35
"There's a €1 fee on my statement, why?",extra_charge_on_statement,38,35
Why was I charged an additional $1?,extra_charge_on_statement,35,35
I checked my statement and am being charged one pound. Where did this charge come from?,extra_charge_on_statement,87,35
I do not know why I was charged for the $1 transaction.,extra_charge_on_statement,55,35
I wanted to know about a pending dollar that is on my statement.,extra_charge_on_statement,64,35
"I'm pretty frustrated about a pound charge that keeps  showing up in my account statement. It's listed in the app as ""pending"", it never changes, and now I'm thinking someone's hacked my account!",extra_charge_on_statement,195,35
How come there is a $1 extra charge on my statement?,extra_charge_on_statement,52,35
I was charged an extra pound.,extra_charge_on_statement,29,35
There is a charge for an additional pound.,extra_charge_on_statement,42,35
There is a strange 1£ charge that appears as pending on my statement. What's the cause for that? I haven't purchased anything for a pound.,extra_charge_on_statement,138,35
I need to know what these extra charges are on my statement?,extra_charge_on_statement,60,35
How come there is an extra fee on my statement?,extra_charge_on_statement,47,35
Why is there an extra charge of 1 dollar on my statement?,extra_charge_on_statement,57,35
"I checked my statement and saw a charge of one pound, where is this charge coming from?",extra_charge_on_statement,87,35
I don't understand why there is an extra €1 fee in my statement.,extra_charge_on_statement,64,35
Why was I charged extra on my app?,extra_charge_on_statement,34,35
Why was my account assessed a fee?,extra_charge_on_statement,34,35
There is an extra 1£ charge on my app. Why did you charge me extra?,extra_charge_on_statement,67,35
Why i'm I being charged an extra pound,extra_charge_on_statement,38,35
The $1.00 has still not been reverted as indicated in the previous email.,extra_charge_on_statement,73,35
My statement shows and extra 1$ that was charged to it and I would like to know why.,extra_charge_on_statement,84,35
"There is an extra $1 charge on my statement, why is that?",extra_charge_on_statement,57,35
Is the 1 pound charge going to be reimbursed on my card?,extra_charge_on_statement,56,35
I  see an extra 1£ charge on my app. Why did It charge me extra?,extra_charge_on_statement,64,35
Why is there a fee added to my statement?,extra_charge_on_statement,41,35
Why would there be an extra charge on my app?,extra_charge_on_statement,45,35
There is a charge for 1£ on my statement.  I do not think that I bought anything that costed 1£.  What is going on?,extra_charge_on_statement,115,35
Why does my transaction have an added fee?,extra_charge_on_statement,42,35
There is  an extra 1£ charge on my app. Why did it charge me extra?,extra_charge_on_statement,67,35
Why is there an additional fee showing on the statement I received?,extra_charge_on_statement,67,35
How come I was charged a transaction of $1?,extra_charge_on_statement,43,35
Please explain the charge of 1L in error.  I have purchased nothing in this amount.,extra_charge_on_statement,83,35
Where did the  €1 fee in my statement come from,extra_charge_on_statement,47,35
What is this random charge of one pound doing on my account?,extra_charge_on_statement,60,35
I had to pay one pound more than the set price!,extra_charge_on_statement,47,35
My statement is showing an extra £1 charge and I am unsure why. Is there an explanation for this?,extra_charge_on_statement,97,35
Do I have a $1 extra fee on the statement?,extra_charge_on_statement,42,35
Why is it showing that my account has been charged a dollar that is showing as pending?,extra_charge_on_statement,87,35
"I do not understand why there is a pending 1£ charge on my statement, I do not recall making this transaction. Can you please tell me what this is about?",extra_charge_on_statement,153,35
My statement shows an extra fee - what is it?,extra_charge_on_statement,45,35
What is this €1 charge?,extra_charge_on_statement,23,35
How long will the $1 charge show as pending?,extra_charge_on_statement,44,35
I've been charged an extra £1 and I don't know what it's for,extra_charge_on_statement,60,35
I was overcharged an additional pound.,extra_charge_on_statement,38,35
I've been charged an extra £1 and I don't know why,extra_charge_on_statement,50,35
My statement is showing I was Charged a dollar and I am not sure why.,extra_charge_on_statement,69,35
Why is there a €1 charge on my statement?,extra_charge_on_statement,41,35
An extra fee of €1 was in my statement,extra_charge_on_statement,38,35
I would like to know why a withdraw I made for some cash shows up as pending.,pending_cash_withdrawal,77,47
Why is my cash withdrawal still showing as pending?,pending_cash_withdrawal,51,47
"I have the cash already, my account still shows up as pending.  How can my account be still pending?",pending_cash_withdrawal,100,47
I tried to get cash out of the ATM but it is taking too long,pending_cash_withdrawal,60,47
Why is the cash withdrawal under pending?,pending_cash_withdrawal,41,47
What does it mean if my cash withdrawal does not show up properly?,pending_cash_withdrawal,66,47
"Hello, I have a pending transaction in my account due to an ATM machine that wasn't working. In any case if the transaction goes through, after how long can I get my money back?",pending_cash_withdrawal,177,47
Why is my ATM withdrawal still pending?,pending_cash_withdrawal,39,47
Is the cash withdrawal going to show?,pending_cash_withdrawal,37,47
"Cash withdrawal has been pending, why is it so?",pending_cash_withdrawal,47,47
My account shows up as pending after I received cash from the ATM earlier.  How can this be still pending? I've got the cash already.,pending_cash_withdrawal,133,47
How long does it take to verify a cash withdraw?,pending_cash_withdrawal,48,47
"The transaction for the cash I pulled out of the ATM earlier is pending in the app, but how if I already have the cash?",pending_cash_withdrawal,119,47
Why has my withdrawal not posted?,pending_cash_withdrawal,33,47
"When I used one of the ATMs in the city centre today, I tried to take out some money, but for whatever reason, the machine declined my card. Just checked it out in my account and that amount is still showing as pending! Is there any way that you can cancel this transaction, because I did not receive any money whatsoever from the ATM",pending_cash_withdrawal,334,47
Why is the cash withdraw I made shown as pending?,pending_cash_withdrawal,49,47
"Hello. I looked at my account and see that a transaction I tried to do is pending, but I did not complete that transaction. When I was at the ATM, the machine declined my card. Can you make sure that transaction does not go through because I definitely did not receive the money.",pending_cash_withdrawal,279,47
Should my cash withdrawal still be pending?,pending_cash_withdrawal,43,47
"Hey, I tried to withdraw some cash earlier and it's saying it's pending? Will I be charged for this?",pending_cash_withdrawal,100,47
There should be a cash withdrawal that I haven't seen yet.,pending_cash_withdrawal,58,47
Why is the app showing a still pending message on a withdraw that has already been done?,pending_cash_withdrawal,88,47
Why is my cash withdrawal still pending?,pending_cash_withdrawal,40,47
"If my cash withdrawal is still not showing, is something wrong?",pending_cash_withdrawal,63,47
I noticed on my online statement that an ATM withdrawal I made early is still pending.  Is this accurate?,pending_cash_withdrawal,105,47
I made a cash withdrawal at an ATM but it still says pending in my account.,pending_cash_withdrawal,75,47
I tried to get cash at some ATM in the city centre earlier but the machine declined my card. I've seen it still shows up as pending in my account. Please cancel it immediately as I definitely have not received that money!,pending_cash_withdrawal,221,47
Why hasn't my withdrawal shown on my statement?,pending_cash_withdrawal,47,47
I have withdrawn cash from the ATM but it is showing in my account as a pending transation. Why is this?,pending_cash_withdrawal,104,47
I made a cash withdrawal earlier and it's showing as pending.  What does that mean?,pending_cash_withdrawal,83,47
I tried to withdraw cash at an ATM in the city center but my card was declined. The transaction is still showing up as pending - please cancel it!,pending_cash_withdrawal,146,47
How long does it take for a cash withdrawal to show?,pending_cash_withdrawal,52,47
"I tried to access money earlier but the machine seems not to be working. After looking, the transaction actually shows to still being process. Can you find out what is going on here? I don't want to be charged for some money I never got.",pending_cash_withdrawal,237,47
Why is my cash withdrawal pending?,pending_cash_withdrawal,34,47
I withdrew cash but it still shows as pending?,pending_cash_withdrawal,46,47
"Hi there, earlier today I tried to take money out of an ATM machine, and something wasn't working.  I didn't actually receive the money, but I just checked and it says that the transaction is still pending.  Can you tell me what's going on here? Am I still being charged for the withdrawal even though I didn't end up getting any money?",pending_cash_withdrawal,336,47
I got some cash in the ATM but its still pending,pending_cash_withdrawal,48,47
"So much time has gone by, the pending status shouldn't still be there shouldn't it?",pending_cash_withdrawal,83,47
Do you know when the withdrawal will show?,pending_cash_withdrawal,42,47
How long will my cash withdrawal take,pending_cash_withdrawal,37,47
Why do I still have a pending cash withdrawal?,pending_cash_withdrawal,46,47
I have a withdrawal waiting to go through.,pending_cash_withdrawal,42,47
How long does it take for a pending cash withdrawal?,pending_cash_withdrawal,52,47
I took out some cash from the ATM but it is still showing the transaction is pending.,pending_cash_withdrawal,85,47
How are cash withdrawals pending?,pending_cash_withdrawal,33,47
"I went to an ATM to get cash, but the app says the withdrawal is still pending. How is that possible when I already have the cash with me?",pending_cash_withdrawal,138,47
My cash withdrawal isnt showing on my account,pending_cash_withdrawal,45,47
What does pending mean on a cash withdrawal?,pending_cash_withdrawal,44,47
I'm expecting to see a cash withdrawal but I'm still waiting.,pending_cash_withdrawal,61,47
"So earlier I went to an ATM and got cash. But when I checked the app, it states that the withdrawal is pending. How can that be when I have the cash on me?",pending_cash_withdrawal,155,47
How long does it take for cash withdrawals to hit my account?,pending_cash_withdrawal,61,47
Can you explain to me why a cash withdrawal shows up as pending?,pending_cash_withdrawal,64,47
The machine didn't work earlier when I went to get money out and now my account says transaction in progress.Why?,pending_cash_withdrawal,113,47
"I got cash from an ATM earlier but it shows up as pending in the app. How can this still be pending, I already received the cash?",pending_cash_withdrawal,129,47
I made a deposit in the ATM and it has not cleared,pending_cash_withdrawal,50,47
withdrawal pending meaning?,pending_cash_withdrawal,27,47
What does it mean to have a pending cash withdrawal?,pending_cash_withdrawal,52,47
I tried to get some money but the machine was not working .The transaction still seems in progress! Can you please check what's going on.I don't want to be charged for money that I did not received.,pending_cash_withdrawal,198,47
"My account says there are pending funds right now from withdrawing from an ATM, but my card was declined and I never took out any money. When will that money be deposited back into my account?",pending_cash_withdrawal,192,47
How long before I can see that my cash withdrawal has taken place?,pending_cash_withdrawal,66,47
"My cash withdrawal shows pending, why?",pending_cash_withdrawal,38,47
My account says I have money but I withdrew it in cash.,pending_cash_withdrawal,55,47
How do I get my cash withdrawal to show?,pending_cash_withdrawal,40,47
I didn't receive my money earlier and it says the transaction is still in progress. Can you fix it?,pending_cash_withdrawal,99,47
"Hello. I have a transaction in my account listed as pending. I tried to use an ATM at the city centre, but the machine declined my card, and I did not receive the money. Why is the transaction still pending if I did not receive the money.",pending_cash_withdrawal,238,47
How long does it typically take for a pending ATM withdrawal to clear?,pending_cash_withdrawal,70,47
My cash withdrawal shows as pending still.,pending_cash_withdrawal,42,47
i withdrew cash and dont see it reflected on the balance,pending_cash_withdrawal,56,47
When will my cash withdrawal show/,pending_cash_withdrawal,34,47
"Hello, I'm having trouble with my card, I don't understand what's happening, I tried using the ATM machine earlier but it wasn't working but seems like the transactions is still in progress, can you cancel it for me?",pending_cash_withdrawal,216,47
Looking at my account I've noticed a charge that appears to still be in progress. I had attempted to get money out of the machine earlier but the machine seemed to have been broken. I never received my money so will you please look into this for me? I don't want to be charged for money I never actually received.,pending_cash_withdrawal,313,47
What is a pending cash withdrawal?,pending_cash_withdrawal,34,47
When will a cash withdrawal show up?,pending_cash_withdrawal,36,47
"Hi, I tried to withdraw some money from an ATM and the machine was broken.  It says that the transaction is still in progress.  Can you double check to see what's happening? I don't want to be charged since I was not able to withdraw the money.",pending_cash_withdrawal,244,47
My ATM withdrawal is taking forever,pending_cash_withdrawal,35,47
What does it mean when a cash withdrawal is pending?,pending_cash_withdrawal,52,47
how long will my cash withdrawal be pending for?,pending_cash_withdrawal,48,47
Why is my withdrawl to cash still pending?,pending_cash_withdrawal,42,47
Why is the pending status on my cash withdrawal taking so long?,pending_cash_withdrawal,63,47
There is a pending transaction on my account for when I tried to get money from the ATM earlier and it did not work. Can you fix this?,pending_cash_withdrawal,134,47
The cash I got at the ATM is still in my account.,pending_cash_withdrawal,49,47
How long will it take for my cash withdrawal to stop pending,pending_cash_withdrawal,60,47
I'm concerned because my cash withdrawal is pending.,pending_cash_withdrawal,52,47
What is the reason my cash withdrawal is still pending?,pending_cash_withdrawal,55,47
How long will it take for my cash withdrawal to no longer show as pending?,pending_cash_withdrawal,74,47
How long until I see a cash withdrawal?,pending_cash_withdrawal,39,47
my cash out is still pending,pending_cash_withdrawal,28,47
Why does it still charge me even though I was unable to withdraw money from the ATM?,pending_cash_withdrawal,84,47
What does it mean if my cash withdrawal is pending?,pending_cash_withdrawal,51,47
Why is a transaction still pending?,pending_cash_withdrawal,35,47
I am not seeing recent cash withdrawal on my account.,pending_cash_withdrawal,53,47
What does a pending cash withdrawal mean?,pending_cash_withdrawal,41,47
"I tried to get some with-drawls but the machine didn't work. The transaction still seems in progress.Seems like  something is wrong,I don't want to be charged for Transaction i did not make.",pending_cash_withdrawal,190,47
How long will a cash withdrawal be pending?,pending_cash_withdrawal,43,47
"If I have already completed a cash withdrawal at an ATM, is it normal for it to show as a pending transaction on the app?",pending_cash_withdrawal,121,47
Why does a cash withdrawal show as pending?,pending_cash_withdrawal,43,47
Why would a cash withdrawal still be pending?,pending_cash_withdrawal,45,47
Explain pending transactions.,pending_cash_withdrawal,29,47
How is my ATM deposit not available yet?,pending_cash_withdrawal,40,47
"My cash withdrawal is showing as pending, why?",pending_cash_withdrawal,46,47
"I withdrew some cash, when is it going to show?",pending_cash_withdrawal,47,47
Can you let me know why my cash withdrawal is still pending?,pending_cash_withdrawal,60,47
I made a cash withdrawal and it is still listed as a pending transaction.,pending_cash_withdrawal,73,47
"my cash withdrawal is pending, why?",pending_cash_withdrawal,35,47
"Hae there, I have a transaction that is in progress despite the fact that the ATM was not working, what do I do to avoid being charged?",pending_cash_withdrawal,135,47
"I've been waiting for 3 days, why is my withdrawal still pending?",pending_cash_withdrawal,65,47
"I removed cash from an ATM earlier but it shows up as pending in the app. How can this still be pending, I already received the cash?",pending_cash_withdrawal,133,47
How long will my ATM withdrawal be pending?,pending_cash_withdrawal,43,47
Is there any reason my cash withdrawal still shows as pending?,pending_cash_withdrawal,62,47
Its been several days and my cash withdrawal is still pending. Why?,pending_cash_withdrawal,67,47
My account says a withdrawal is pending - why can't I take cash out of the ATM?,pending_cash_withdrawal,79,47
"I tried to take out some money from an ATM earlier today and it was declined. Looking on my screen now, I still see that it's pending for that amount. I didn't actually get that money, so I don't want it processed on my account.",pending_cash_withdrawal,228,47
"My cash withdrawal says pending, why?",pending_cash_withdrawal,37,47
Why is my cash still pending that I put in ATM?,pending_cash_withdrawal,47,47
In my account I noticed my ATM withdrawal is still pending,pending_cash_withdrawal,58,47
Please cancel the latest ATM charge on my card as my card was declined earlier today and I did not receive that cash.,pending_cash_withdrawal,117,47
"My withdrawal is pending, why?",pending_cash_withdrawal,30,47
Why does my account show as pending a cash withdrawal from the ATM that I have already made?,pending_cash_withdrawal,92,47
"I have a cash withdrawal that says it's pending, why?",pending_cash_withdrawal,53,47
I took out money from the ATM and it's still showing as pending?,pending_cash_withdrawal,64,47
Why would a cash withdrawal be pending?,pending_cash_withdrawal,39,47
Why is the cash transaction still showing as not completed?,pending_cash_withdrawal,59,47
Why is my withdrawal from the ATM still showing as pending?,pending_cash_withdrawal,59,47
The cash I deposited using the ATM is still pending,pending_cash_withdrawal,51,47
"I tried to withdraw money, but was unable to. Still says that the transaction is pending? Will this money disappear??",pending_cash_withdrawal,117,47
There is a withdrawal waiting.,pending_cash_withdrawal,30,47
Can you please tell me why my cash withdrawal is still pending?,pending_cash_withdrawal,63,47
My atm withdraw is stillpending,pending_cash_withdrawal,31,47
"I Withdrew cash from an ATM earlier but it shows up as pending in the app. How can this still be pending, I received the cash already?",pending_cash_withdrawal,134,47
"Hello, I tried to take some cash out of the ATM but I looked at my statement and it still shows that it's pending. Is the machine broken? Will I receive my money back or will I be charged for this?",pending_cash_withdrawal,197,47
I made a cash withdraw and it shows up as pending why is that?,pending_cash_withdrawal,62,47
My last ATM request did not go through due to a declined card. Please cancel the request on my account.,pending_cash_withdrawal,103,47
What should I do if I see a withdrawal is pending?,pending_cash_withdrawal,50,47
My balance is not what I thought it was following an ATM withdrawal,pending_cash_withdrawal,67,47
"I tempted to get some money out of the machine earlier and it did not work.Looking now, the transaction actually shows to still be in progress. I would certainly appreciate someone look into this and let me know what's going on. I definitely do not want to be charged for money I never received.",pending_cash_withdrawal,295,47
"Hello, I tried to take out some money out of the ATM, but it's still showing that it's pending? I really don't want to be charged for this.",pending_cash_withdrawal,139,47
how long until a cash withdrawal will show on my account,pending_cash_withdrawal,56,47
When will the cash that I put in the ATM be cleared from pending status?,pending_cash_withdrawal,72,47
"My card was declined and I did not receive money from the ATM earlier, yet it show on my account that it is pending.",pending_cash_withdrawal,116,47
I pulled cash from the ATM earlier. Why is it still pending if I already have the cash?,pending_cash_withdrawal,87,47
my cash withdrawal has not come out of my account yet.,pending_cash_withdrawal,54,47
"I needed cash today, so I used another provider's ATM, and when I attempted to withdraw, it declined. I just checked it out and I'm still showing my account with that amount pending! I didn't take any money out, it was declined, so I don't want that to be processed as a withdrawal.",pending_cash_withdrawal,282,47
Why has my deposit in the ATM not cleared yet?,pending_cash_withdrawal,46,47
why isnt my cash withdrawal showing,pending_cash_withdrawal,35,47
How many different currencies can I hold money in?,fiat_currency_support,50,37
Do you allow currency exchanges?,fiat_currency_support,32,37
How many currencies can I have money in in my account?,fiat_currency_support,54,37
Is the EUR accepted for exchanges?,fiat_currency_support,34,37
Is it okay to hold money in multiple currencies?,fiat_currency_support,48,37
Can I have money in more than one currency in my account?,fiat_currency_support,57,37
What currencies can I have?,fiat_currency_support,27,37
What currencies can my account be in?,fiat_currency_support,37,37
How many currencies can I have?,fiat_currency_support,31,37
Are EUR exchanges allowed?,fiat_currency_support,26,37
I want to have multiple currencies in my account if possible.,fiat_currency_support,61,37
Do you convert to Euro?,fiat_currency_support,23,37
What fiat currencies can I use for holding and exchanging?,fiat_currency_support,58,37
Can exchanged be made to EUR?,fiat_currency_support,29,37
I need to know what flat currencies you support for holding and exchange.,fiat_currency_support,73,37
Do you support other currencies?,fiat_currency_support,32,37
Can you convert to EUR?,fiat_currency_support,23,37
What are the fiat currencies used?,fiat_currency_support,34,37
"What currencies can I not hold many in, if so what are they?",fiat_currency_support,60,37
How many different currencies can I have my money in?,fiat_currency_support,53,37
Which fiat currencies are supported by you?,fiat_currency_support,43,37
What currencies do you offer?,fiat_currency_support,29,37
Are there any fiat currencies that you will not work with?,fiat_currency_support,58,37
I wondered if multiple currencies is okay?,fiat_currency_support,42,37
Are all fiat currencies supported?,fiat_currency_support,34,37
Can you tell me the names of the fiat currencies that I can use at your institution?,fiat_currency_support,84,37
Can I change or hold different currency?,fiat_currency_support,40,37
Which flat currencies are supported for holding and exchange?,fiat_currency_support,61,37
What other fiat currencies can I use?,fiat_currency_support,37,37
What fiat currencies do you allow exchange with?,fiat_currency_support,48,37
Are all European currencies available for holding and exchange?,fiat_currency_support,63,37
Can you tell me how many currencies I can hold?,fiat_currency_support,47,37
What types of foreign money can be used with this service.?,fiat_currency_support,59,37
Am I allowed to hold money in multiple currencies?,fiat_currency_support,50,37
What fiat currencies do you support?,fiat_currency_support,36,37
"I need to hold money, what currencies can I use?",fiat_currency_support,48,37
Can you do exchanges of EUR?,fiat_currency_support,28,37
What are all the fiat currencies that are supported for both exchange and holding?,fiat_currency_support,82,37
What currencies can I hold?,fiat_currency_support,27,37
what currencies do you accept?,fiat_currency_support,30,37
Are there limitations to what currency I can hold?,fiat_currency_support,50,37
What types of fiduciary currencies are supported for tenure and exchange?,fiat_currency_support,73,37
Can I hold more than one currency?,fiat_currency_support,34,37
What fiat currencies are used with holdings and exchanges?,fiat_currency_support,58,37
Is it possible to hold money in multiple currencies?,fiat_currency_support,52,37
Can I have multiple currencies in my account?,fiat_currency_support,45,37
I need to know which fiat currencies I can use with you.,fiat_currency_support,56,37
How can I solve my issue with holding multiple currencies?,fiat_currency_support,58,37
What currencies do you support?,fiat_currency_support,31,37
Do you support fiat currencies?,fiat_currency_support,31,37
Can my account have different types of currency in it.,fiat_currency_support,54,37
What kind of money can I hold?,fiat_currency_support,30,37
Will you be able to exchange to EUR?,fiat_currency_support,36,37
Is my country's currency supported by your system?,fiat_currency_support,50,37
What flat currencies do you support for holding and exchange?,fiat_currency_support,61,37
What kind of fiat currencies are supported for holding and exchange?,fiat_currency_support,68,37
Can you make exchanges with the EUR?,fiat_currency_support,36,37
Is EUR one of the currencies you deal with?,fiat_currency_support,43,37
Are EUR exchanges acceptable?,fiat_currency_support,29,37
What currencies can I exchange?,fiat_currency_support,31,37
What fiduciary currencies are supported for tenure and exchange?,fiat_currency_support,64,37
Will you be adding more currencies in the future?,fiat_currency_support,49,37
How can I hold and exchange fiat currencies?,fiat_currency_support,44,37
What currencies are available for my use in holding and exchange?,fiat_currency_support,65,37
I would like for someone to tell me which fiat currencies that your company supports.,fiat_currency_support,85,37
Which currencies are allowed?,fiat_currency_support,29,37
"I'm interested in using fiat currencies, which do you support?",fiat_currency_support,62,37
How do I go forth on holding money in multiple currencies?,fiat_currency_support,58,37
Which currencies will you exchange?,fiat_currency_support,35,37
I need a list of currencies you accept for exchange.,fiat_currency_support,52,37
What type of fiat currencies do you support?,fiat_currency_support,44,37
What currencies are supported?,fiat_currency_support,30,37
Please tell me which fiat currencies you support.,fiat_currency_support,49,37
Do you offer services that hold money in different types of currency?,fiat_currency_support,69,37
What currency is supported for exchanges and holding?,fiat_currency_support,53,37
What fiat money can I used in the exchange and holding?,fiat_currency_support,55,37
What fiat currencies are used for exchange?,fiat_currency_support,43,37
Do you provide currency exchange to Euros?,fiat_currency_support,42,37
What country's money can I hold currency in?,fiat_currency_support,44,37
What other currencies can I hang onto?,fiat_currency_support,38,37
"I'm interested in holding and exchange for flat currencies, what do you support?",fiat_currency_support,80,37
Do you have a problem with EUR exchanges?,fiat_currency_support,41,37
Can I exchange currency to Europe?,fiat_currency_support,34,37
What are eligible holding and exchange currencies?,fiat_currency_support,50,37
"In the exchange and holding, what fiat is allowed?",fiat_currency_support,50,37
How can I exchange to EUR?,fiat_currency_support,26,37
Do you allow exchanges of EUR?,fiat_currency_support,30,37
Are you able to make exchanges to EUR?,fiat_currency_support,38,37
Does my account have the option to hold multiple currencies?,fiat_currency_support,60,37
Which fiat currencies can I use through this app?,fiat_currency_support,49,37
"Do you hold money and if so, what currencies do you accept?",fiat_currency_support,59,37
Please tell me the types of currency I can hold.,fiat_currency_support,48,37
can I have multiple currencies?,fiat_currency_support,31,37
Will you work with any fiat currencies?,fiat_currency_support,39,37
Which flat currencies can I use from you?,fiat_currency_support,41,37
What fiat currencies are used for holdings?,fiat_currency_support,43,37
Which fiat currencies do you currently support? Will this change in this future?,fiat_currency_support,80,37
Can you make exchanges using the EUR?,fiat_currency_support,37,37
Is it possible to hold money in different currencies?,fiat_currency_support,53,37
Tell me the currencies that you support.,fiat_currency_support,40,37
are multiple currencies acceptable?,fiat_currency_support,35,37
Do you deal with EUR?,fiat_currency_support,21,37
"I heard that you support more than one type of fiat currency, would you tell me which ones please?",fiat_currency_support,98,37
Which fiat currencies are supported for holding and exchanging?,fiat_currency_support,63,37
What fiat currencies are supported?,fiat_currency_support,35,37
What are my options for holding money in multiple currencies?,fiat_currency_support,61,37
What flat currencies do you use for holding and exchanges.,fiat_currency_support,58,37
"I want to hold and exchange fiat currencies, what can I use to do so?",fiat_currency_support,69,37
Do you have EUR currency available for me?,fiat_currency_support,42,37
"If I was travelling abroad, would I be able to hold currencies in euros?",fiat_currency_support,72,37
Which fiat currencies are compatible for exchange and holding?,fiat_currency_support,62,37
Is my fiat currency supported for both hold and exchange?,fiat_currency_support,57,37
I need to know which flat currencies are supported by you.,fiat_currency_support,58,37
Please list what fiat currencies are supported for both holding and exchanging.,fiat_currency_support,79,37
Do you have support for flat currencies?,fiat_currency_support,40,37
I would like to know which fiat currencies are recognized by your organization.,fiat_currency_support,79,37
Can you change my currency to EUR?,fiat_currency_support,34,37
Are you okay with exchanges to EUR?,fiat_currency_support,35,37
Can I exchange my money for EUR?,fiat_currency_support,32,37
Can I have money of different country of origin.,fiat_currency_support,48,37
What are the currency types that I can keep money in.,fiat_currency_support,53,37
I need assistance with understanding which fiat currencies that you support.,fiat_currency_support,76,37
Could you tell me the fiat currencies that you work with?,fiat_currency_support,57,37
Which fiat currencies are supported?,fiat_currency_support,36,37
Which flat currencies do you support for holding and exchange?,fiat_currency_support,62,37
Can you tell me if I can hold money in several currencies?,fiat_currency_support,58,37
Can it specifically be delivered on a certain date?,card_delivery_estimate,51,13
I need to get my card quickly,card_delivery_estimate,29,13
When can I expect my card? I live in the US.,card_delivery_estimate,44,13
Help! When will the card arrive at my home?,card_delivery_estimate,43,13
Can I get my card fast tracked?,card_delivery_estimate,31,13
How long is the wait for my card?,card_delivery_estimate,33,13
i need to expedite my card,card_delivery_estimate,26,13
When should I expect to receive my card?,card_delivery_estimate,40,13
How long until my card will get here?,card_delivery_estimate,37,13
How long is the delivery time to the US?,card_delivery_estimate,40,13
Can I have it delivered on a specific date?,card_delivery_estimate,43,13
"i am express delivering my card to the us, how long will that take",card_delivery_estimate,66,13
I need my card soon.,card_delivery_estimate,20,13
Can I choose when my card is delivered?,card_delivery_estimate,39,13
When will my card be here?,card_delivery_estimate,26,13
How long will delivery to the US take?,card_delivery_estimate,38,13
When can I expect delivery?,card_delivery_estimate,27,13
Can I specify a day for my card to be delivered?,card_delivery_estimate,48,13
I'm worried my card might be lost in the mail? How long does it usually take to arrive?,card_delivery_estimate,87,13
When will my card be delivered?,card_delivery_estimate,31,13
can the delivery be specific to my needs?,card_delivery_estimate,41,13
how long does delivery take?,card_delivery_estimate,28,13
"To deliver to the US, how long will it take?",card_delivery_estimate,44,13
How quickly can you get me my card?,card_delivery_estimate,35,13
can I choose delivery times to suite me?,card_delivery_estimate,40,13
Can I choose the day it's delivered?,card_delivery_estimate,36,13
How long will this take to get to me?,card_delivery_estimate,37,13
When shipped to the US how long is delivery time?,card_delivery_estimate,49,13
"Give me my card, I need it now!",card_delivery_estimate,31,13
I'd like to have it delivered on Saturday.  Is that possible?,card_delivery_estimate,61,13
How long will I have to wait for my new card?,card_delivery_estimate,45,13
How long is a delivery to the US?,card_delivery_estimate,33,13
What is the delivery time to the US?,card_delivery_estimate,36,13
How long does it take for deliver to the US?,card_delivery_estimate,44,13
If I order a card when does it arrive?,card_delivery_estimate,38,13
When can I expect my card?,card_delivery_estimate,26,13
How long is delivery to the US?,card_delivery_estimate,31,13
What is your shipping policies for cards?,card_delivery_estimate,41,13
I ordered my card and it isn't here yet. I need it ASAP. When can I expect to get it?,card_delivery_estimate,85,13
how long should I expect to wait for my card to arrive?,card_delivery_estimate,55,13
When will my card come? I need it as soon as possible!,card_delivery_estimate,54,13
How long should I wait for the card to arrive?,card_delivery_estimate,46,13
What is the wait time for delivery to the US?,card_delivery_estimate,45,13
Can you tell me when my card will arrive?,card_delivery_estimate,41,13
When can I expect my card to arrive?,card_delivery_estimate,36,13
Can I have it delivered on the date I need it delivered?,card_delivery_estimate,56,13
What is the length of time for one of these items to come to the U.S?,card_delivery_estimate,69,13
How long will it take to have my card mailed to me?,card_delivery_estimate,51,13
Can cards be dispatched on a specific date?,card_delivery_estimate,43,13
Can I have it by a certain date?,card_delivery_estimate,32,13
I need my card as quick as possible,card_delivery_estimate,35,13
How long will it take my card to get here?,card_delivery_estimate,42,13
Is there a specific date it can be delivered by?,card_delivery_estimate,48,13
I need my card to be delivered fast,card_delivery_estimate,35,13
Is there a specific date i can have it delivered?,card_delivery_estimate,49,13
How long will it take to deliver to the US?,card_delivery_estimate,43,13
I need my card ASAP!,card_delivery_estimate,20,13
How long will it take to get to the US?,card_delivery_estimate,39,13
How soon will I get my card?,card_delivery_estimate,28,13
What is the estimated date for delivery to US?,card_delivery_estimate,46,13
How long does it take for the card to come?,card_delivery_estimate,43,13
When will I receive the card?,card_delivery_estimate,29,13
When should I expect my card to arrive?,card_delivery_estimate,39,13
Can I pay more to get it deliver quicker?,card_delivery_estimate,41,13
How long is the delivery to the US?,card_delivery_estimate,35,13
Send me my card now! ASAP,card_delivery_estimate,25,13
"I haven't received my card yet, how long does it normally take?",card_delivery_estimate,63,13
How long is US delivery?,card_delivery_estimate,24,13
can you express my card to me?,card_delivery_estimate,30,13
When will it get delivered?,card_delivery_estimate,27,13
how soon will my card arrive?,card_delivery_estimate,29,13
I ordered my card a couple weeks ago and haven't received it yet. When can I expect it?,card_delivery_estimate,87,13
How long does it take for cards to be delivered after ordering them?,card_delivery_estimate,68,13
"If I need delivery on a certain day, is that something that could be accommodated?",card_delivery_estimate,82,13
how much to get my card in 2 days?,card_delivery_estimate,34,13
When are cards shipped?,card_delivery_estimate,23,13
My card is needed soon,card_delivery_estimate,22,13
What is the delivery time for US?,card_delivery_estimate,33,13
I placed my order a week ago. Is it ok that my card isn't here yet?,card_delivery_estimate,67,13
How soon do cards arrive after I order them?,card_delivery_estimate,44,13
How will I get my card?,card_delivery_estimate,23,13
How long does it take to receive my card?,card_delivery_estimate,41,13
How long until the card arrives?,card_delivery_estimate,32,13
Can I have my card delivered on Tuesday?,card_delivery_estimate,40,13
Can you tell me how long it takes for a new card to come?,card_delivery_estimate,57,13
i need to add express delivery if that's an option,card_delivery_estimate,50,13
I need my card right away.,card_delivery_estimate,26,13
Can i choose a specific delivery date?,card_delivery_estimate,38,13
When will I get my card shipped to me?,card_delivery_estimate,38,13
Do I have a say when it's delivered?,card_delivery_estimate,36,13
I need my card delivered as soon as possible.,card_delivery_estimate,45,13
I would like to make sure it is delivered on a certain date.,card_delivery_estimate,60,13
When will I receive my card?,card_delivery_estimate,28,13
Could I chose the date to have it delivered?,card_delivery_estimate,44,13
How long does it take for a card to arrive?,card_delivery_estimate,43,13
Will my card be here soon?,card_delivery_estimate,26,13
Please send my card as quickly as possible.,card_delivery_estimate,43,13
how long does it take to get my card i am in a rush,card_delivery_estimate,51,13
When can I expect to receive my card?,card_delivery_estimate,37,13
Are the delivery days flexible?  My schedule only allows me to be a available on specific dates.,card_delivery_estimate,96,13
How many days to deliver to a US customer?,card_delivery_estimate,42,13
When can I expect my new card to get here?,card_delivery_estimate,42,13
How long are deliveries to the US?,card_delivery_estimate,34,13
Can it be delivered on a certain date?,card_delivery_estimate,38,13
What is delivery speed to the United States?,card_delivery_estimate,44,13
How long does it take for something to be delivered to the U.S?,card_delivery_estimate,63,13
How long does it take for my physical card to be delivered.,card_delivery_estimate,59,13
what is the leadtime for a new card to show up in the mail?,card_delivery_estimate,59,13
What's the earliest time to receive my card?,card_delivery_estimate,44,13
are you sending me my card?,card_delivery_estimate,27,13
I need my card immediately.,card_delivery_estimate,27,13
When will it be delivered to the US?,card_delivery_estimate,36,13
Can I add money automatically to my account while traveling?,automatic_top_up,60,5
i need help finding the auto top up option.,automatic_top_up,43,5
What are the maximum amount you can do for auto top-up?,automatic_top_up,55,5
I can't find the auto-top up option.,automatic_top_up,36,5
Does the auto top-up have any limits?,automatic_top_up,37,5
When do i activate auto top-up?,automatic_top_up,31,5
Can I have money transferred into my account at different intervals along my trip?,automatic_top_up,82,5
"I going to be traveling, can I set up auto top-up if I run low on money?",automatic_top_up,72,5
Is there an automatic top up feature?,automatic_top_up,37,5
Can I have my account add money automatically in certain intervals?,automatic_top_up,67,5
Is there a daily auto top-up limit?,automatic_top_up,35,5
How do I access the option to top up?,automatic_top_up,37,5
I will be traveling.  Can I add money automatically?,automatic_top_up,52,5
How low does the balance have to be before the system updates?,automatic_top_up,62,5
Is there a auto top-up option?,automatic_top_up,30,5
How do i set up auto top-up?,automatic_top_up,28,5
"If there isn't much money left over, will it top-up automatically?",automatic_top_up,66,5
Do I need to set a limit on auto top-up?,automatic_top_up,40,5
can you top up your account automatically,automatic_top_up,41,5
Can I add money to my card automatically during a trip?,automatic_top_up,55,5
Is an auto top-up option available?,automatic_top_up,35,5
Can I auto top if I'm low on funds?,automatic_top_up,35,5
Tell me where I can find the auto top up feature and a little bit about it please.,automatic_top_up,82,5
How do I start auto top up?,automatic_top_up,27,5
I am inquiring about your auto top up feature.,automatic_top_up,46,5
Can i set up an auto top-up?,automatic_top_up,28,5
Are there any limit on the auto top-up?,automatic_top_up,39,5
Is it possible to do auto top up?,automatic_top_up,33,5
is there a way to do automatic top up,automatic_top_up,37,5
I would like to top up my account automatically. How do I do that?,automatic_top_up,66,5
I want to set up an auto top-up,automatic_top_up,31,5
If I don't have much money in the account can I auto top-up?,automatic_top_up,60,5
Can I schedule future top ups?,automatic_top_up,30,5
Can I set automatic top ups?,automatic_top_up,28,5
I need to know the if there is a limit on the amount for auto top-up.,automatic_top_up,69,5
Can I set up to my account to automatically top up?,automatic_top_up,51,5
Does the app top up automatically?,automatic_top_up,34,5
"If there isn't a lot of money left, will it automatically top-up money?",automatic_top_up,71,5
In what increments can I top-up my card?,automatic_top_up,40,5
Does auto top-up have a limit?,automatic_top_up,30,5
If I am running low on credit can I auto top up?,automatic_top_up,48,5
Is there an auto top up feature?,automatic_top_up,32,5
Is there such thing as an auto top-up option?,automatic_top_up,45,5
How can I Use thereto-top option?,automatic_top_up,33,5
when i travel can it top up automatically,automatic_top_up,41,5
Is there an auto top up option?,automatic_top_up,31,5
Where do I find the auto top- up?,automatic_top_up,33,5
How can I add money automatically?,automatic_top_up,34,5
Where can I located the auto-top up option?,automatic_top_up,43,5
"I'm going to travel, can I have it add money automatically in certain intervals?",automatic_top_up,80,5
I will be traveling and want money to be added automatically in certain intervals. Is this possible?,automatic_top_up,100,5
Do I have to manually top up once I'm too low?,automatic_top_up,46,5
How will I know when I can use the auto top-up feature?,automatic_top_up,55,5
What are the auto-top up policies?,automatic_top_up,34,5
Can I auto-top up?  How do I do it?,automatic_top_up,35,5
How do I get refills to my card when I'm traveling?,automatic_top_up,51,5
What is the limit on Auto top?,automatic_top_up,30,5
How do I auto top-up?,automatic_top_up,21,5
Can it add money automatically while travelling,automatic_top_up,47,5
Is auto top up a provided service?,automatic_top_up,34,5
When the time is right will this automatically replenish my balance?,automatic_top_up,68,5
Will money be added automatically when necessary?,automatic_top_up,49,5
Can I automatically top-up when traveling?,automatic_top_up,42,5
What is the maximum for auto top-up?,automatic_top_up,36,5
Is there a way to top-up when it reaches a certain balance?,automatic_top_up,59,5
Can I set the account to auto top-up?,automatic_top_up,37,5
Are there any hidden limit on the auto top-up?,automatic_top_up,46,5
"I am traveling, what can I do to set up auto top-up?",automatic_top_up,52,5
"What are my options for topping up, automatic and/or manual?",automatic_top_up,60,5
"When I travel, can it automatically add money in certain intervals?",automatic_top_up,67,5
Is auto top up available?,automatic_top_up,25,5
I want to auto top-up.,automatic_top_up,22,5
When I'm traveling is it possible to add money automatically at certain time points?,automatic_top_up,84,5
Do you offer auto top ups?,automatic_top_up,26,5
Is there a limit on auto top-up?,automatic_top_up,32,5
I'm trying to activate the auto-top up function. Where is it?,automatic_top_up,61,5
What's the limit for auto top-up?,automatic_top_up,33,5
How do I top-up automatically?,automatic_top_up,30,5
How do i access the auto top-up option?,automatic_top_up,39,5
Where can I find the auto-top up feature?,automatic_top_up,41,5
"If my funds are running low, will the app top up automatically?",automatic_top_up,63,5
Can I set it up to add money every few days automatically while I am traveling?,automatic_top_up,79,5
I want to add money automatically when I travel.,automatic_top_up,48,5
Is there a function where I can top-up automatically?,automatic_top_up,53,5
Can I use an auto top-up option?,automatic_top_up,32,5
Can topping up be automatic?,automatic_top_up,28,5
Can I auto top up multiple times?,automatic_top_up,33,5
I want to use auto top-up. Is there a limit?,automatic_top_up,44,5
Do you have an option for auto top up?,automatic_top_up,38,5
How do I activate auto top-up when traveling?,automatic_top_up,45,5
Where can I find the auto-top option?,automatic_top_up,37,5
What is the maximum times I can auto top-up?,automatic_top_up,44,5
How many times can I auto top-up?,automatic_top_up,33,5
What are the auto top-up policies?,automatic_top_up,34,5
"What, if any, is the limit  for auto top-up?",automatic_top_up,44,5
"If my account is low in funds, can I set an auto top-up?",automatic_top_up,56,5
Will the system automatically top up itself?,automatic_top_up,44,5
Can I get an auto Top-up?,automatic_top_up,25,5
Where do I find the auto top up option?,automatic_top_up,39,5
What are the restrictions on auto top-up?,automatic_top_up,41,5
How can I setup automatic top-up?,automatic_top_up,33,5
Can it automatically top up my account?,automatic_top_up,39,5
Can I top-up automatically?,automatic_top_up,27,5
"I heard you have an auto-top up option, where do I find that?",automatic_top_up,61,5
Where do I access the auto top-up function?,automatic_top_up,43,5
What about a auto top-up?,automatic_top_up,25,5
how can i get it to add money automatically while travelling,automatic_top_up,60,5
"What about an auto top-up, is that a option?",automatic_top_up,44,5
Can I setup top ups in advance?,automatic_top_up,31,5
where can i located the auto top up function?,automatic_top_up,45,5
Is there a way to set up an auto top-up?,automatic_top_up,40,5
I have a trip coming up and want to add money automatically.,automatic_top_up,60,5
where can I find the auto-top up option?,automatic_top_up,40,5
Can it add money every so often automatically while I travel?,automatic_top_up,61,5
Will the system automatically update once there is no more money left?,automatic_top_up,70,5
"When traveling, is it possible for it to add money at specific time intervals?",automatic_top_up,78,5
How do I top-up while traveling?,automatic_top_up,32,5
auto-top up option can be found where?,automatic_top_up,38,5
Do I have to manually top-up my account each time or will it do it on its own?,automatic_top_up,78,5
Can I auto top-up as much as I want?,automatic_top_up,36,5
Can I add money in intervals to my account?  I will be traveling.,automatic_top_up,65,5
Is there a limit to auto top?,automatic_top_up,29,5
"My funds are low, can I auto top up?",automatic_top_up,36,5
I know there's an auto-top option but I can not locate it when I look?,automatic_top_up,70,5
Is it possible to top-up automatically?,automatic_top_up,39,5
What is the auto top-up limit?,automatic_top_up,30,5
Do you have an auto-top function and how do I use it if so?,automatic_top_up,59,5
I can't use my card because it is not working.,card_not_working,46,15
I can't seem to be able to use my card,card_not_working,38,15
"My card isn't working at all, I need assistance. It's really frustrating.",card_not_working,73,15
Can you tell me what the problem with my card is? It was declined at a restaurant today.,card_not_working,88,15
How do I fix a broken card?,card_not_working,27,15
My card was working but now it doesn't.,card_not_working,39,15
I cannot seem to use my card.,card_not_working,29,15
I think my card is broke it's not working anymore,card_not_working,49,15
I have not been able to use this card.,card_not_working,38,15
What do I do if i accidentally broke my card?,card_not_working,45,15
How come my card doesn't work anymore?,card_not_working,38,15
"For a week now, I have tried to use my card and it is still not working.",card_not_working,72,15
My actual card isn't functioning.,card_not_working,33,15
I can't get the card itself to work.,card_not_working,36,15
What should I do if my card doesn't work?,card_not_working,41,15
Why won't my card work.,card_not_working,23,15
My card will not work,card_not_working,21,15
My card is not working.,card_not_working,23,15
HOW LONG THE CARD VALIDITY,card_not_working,26,15
My card seems to not be working at all.,card_not_working,39,15
My card gets rejected when I try to use it,card_not_working,42,15
I am unable to use my card for some reason.,card_not_working,43,15
Why can't I use my card?,card_not_working,24,15
I think my card is broke?,card_not_working,25,15
What do I do?  My card is broken.,card_not_working,33,15
"My Netflix subscription says that there is an issue with my card information, but I thought everything was fine. Why would it be declined?",card_not_working,138,15
My card was declined at a restaurant today and I don't know what the problem is.,card_not_working,80,15
WHAT IS THE REASON FOR THAT,card_not_working,27,15
My card is not working when I try to use it.,card_not_working,44,15
How do I check security settings on my card?,card_not_working,44,15
My card isn't working at all. What happened?,card_not_working,44,15
Today I was out eating and my card was declined. Why's that?,card_not_working,60,15
What are ways to test why my card might not be working?,card_not_working,55,15
Currently my card is broken.,card_not_working,28,15
My card won't work at all for anything.,card_not_working,39,15
How do I fix my card if it is broken?,card_not_working,37,15
Why doesn't my card work for any transactions?,card_not_working,46,15
"I tried using my card, but it doesn't work.",card_not_working,43,15
My card hasn't been working for even small transactions today.,card_not_working,62,15
What do I do if the machine rejects my card?,card_not_working,44,15
Something's wrong my card won't work.,card_not_working,37,15
I tried to use my card today in the restaurant but it didn't work and just got declined. What's wrong?,card_not_working,102,15
"Suddenly, my card won't work.",card_not_working,29,15
My card hasn't been working when I try to use it.,card_not_working,49,15
My physical card is not working,card_not_working,31,15
"
I can't seem to be able to use my card


",card_not_working,42,15
Why is my physical card not working?,card_not_working,36,15
Help.  My card is broken.,card_not_working,25,15
I am unable to use my card.,card_not_working,27,15
"No transactions are being accepted, what's wrong with my card?",card_not_working,62,15
Is my card frozen?,card_not_working,18,15
My card was declined at a restaurant today and I am not sure why.,card_not_working,65,15
What do I do now that I can't use this card?,card_not_working,44,15
My card doesn't seem to work anymore,card_not_working,36,15
"Out of the blue, my card stopped working.",card_not_working,41,15
I can't seem to use my card. Can you help?,card_not_working,42,15
How do I re-order a damaged card?,card_not_working,33,15
Why is my card not working anymore?,card_not_working,35,15
I can't use my card for anything,card_not_working,32,15
What's wrong with my card? The clerk at the grocery store said it was declined.,card_not_working,79,15
What should I do if I can't use my card?,card_not_working,40,15
Can I use app to reset PIN attempts?,card_not_working,36,15
Please help.  The card won't work.,card_not_working,34,15
I wasn't able to use my card today when I went out for lunch. Wondering why that is?,card_not_working,84,15
My card doesn't seem to work.,card_not_working,29,15
Currently I can't get my card to work.,card_not_working,38,15
WHAT IS THE MAIN REASON OF THIS PROBLEM,card_not_working,39,15
How do I get my card to work?,card_not_working,29,15
What can I do to make my physical card work?,card_not_working,44,15
Can you tell me why I can't make any transactions?,card_not_working,50,15
There is something wrong with my card. Tried to use it a few times today in different places and it just didn't work. The transactions I tried to make were really small so not sure what's going on,card_not_working,196,15
Can you tell me whats going on with my card it seems to be not working?,card_not_working,71,15
How do I check security settings using the app?,card_not_working,47,15
I tried using my card at multiple vendors and now it's not working.,card_not_working,67,15
"Can you help me with my card, I think it's broke.",card_not_working,49,15
The card is non-functional.,card_not_working,27,15
I haven't been able to complete any transactions on my card today. Do you know what's wrong?,card_not_working,92,15
Today I used my card at a restaurant and it was declined. Why?,card_not_working,62,15
Did you deactivate my card it's not working anymore,card_not_working,51,15
Need help to get my card to work.,card_not_working,33,15
Why isn't my card working anymore?,card_not_working,34,15
Why won't my card work anymore?,card_not_working,31,15
Why won't the machine accept my card anymore?,card_not_working,45,15
When I was in a restaurant today my card was declined and payment wouldn't go through and I need help. Can you fix this?,card_not_working,120,15
What to do if my physical card is not working?,card_not_working,46,15
My card stopped working after multiple transactions. Why?,card_not_working,57,15
Why won't my card accept any transactions?,card_not_working,42,15
"I think my card is broken or something. I tried using it and it wouldn't go through, please help.",card_not_working,97,15
My card is broken,card_not_working,17,15
I tried to purchase airline tickets online this morning and my card information isn't working. Is there something going on with my account?,card_not_working,139,15
My card no longer works.,card_not_working,24,15
I seem to be unable to make any transactions.,card_not_working,45,15
I can't get my actual card to work,card_not_working,34,15
My card doesn't work when I use it.,card_not_working,35,15
What do I do if my card gets broken?,card_not_working,36,15
I am having problems with my physical card.,card_not_working,43,15
How can I get my card to work?,card_not_working,30,15
I need help with understanding why my card is not working.,card_not_working,58,15
Please help me!  My physical card isn't working right.,card_not_working,54,15
My card stopped working. How do I check if there is a freeze on it?,card_not_working,67,15
"I don't know what's wrong with my card, but it has not worked at multiple places today.",card_not_working,87,15
I need clarity on why my card is not working.,card_not_working,45,15
My card won't physically work.,card_not_working,30,15
What's going on? My card wont accept any transactions.,card_not_working,54,15
My card don't work.,card_not_working,19,15
My card won't work right now.,card_not_working,29,15
How can it be that my Card is not functioning anymore?,card_not_working,54,15
What's going on with my card? I've tried multiple times and it never goes through.,card_not_working,82,15
HOW LONG TO TAKE THE TIME TO SOLVE,card_not_working,34,15
What do I do if my card is not working?,card_not_working,39,15
What should I do if my physical card isn't working?,card_not_working,51,15
The card that I have isn't working. This is the physical card.,card_not_working,62,15
Can I change from AUD to GBP?,exchange_via_app,29,34
"I need to exchange between different currencies, like GBP and USD. Can I do that with your app?",exchange_via_app,95,34
How can I change to another currency?,exchange_via_app,37,34
Does the app allowing exchanges between USD and GBP,exchange_via_app,51,34
What if I need to use GBP instead of USD?,exchange_via_app,41,34
I am from X but am traveling to Y - how do I get currency for Y?,exchange_via_app,64,34
Is it possible to change from AUD to GBP?,exchange_via_app,41,34
Can money be exchanged from one currency to another?,exchange_via_app,52,34
How can I change USD to GBP?,exchange_via_app,28,34
What currencies can be exchanged in the app?,exchange_via_app,44,34
Can i add a new currency to my account?,exchange_via_app,39,34
How can I exchange AUD for GBP?,exchange_via_app,31,34
Can I possibly change my currency to another?,exchange_via_app,45,34
I would like to exchange currencies on the app. How do I do this?,exchange_via_app,65,34
What do I do to exchange currency?,exchange_via_app,34,34
Is it possible to exchange currencies?,exchange_via_app,38,34
Can turn my money into another currency?,exchange_via_app,40,34
I would like to change to a different currency.,exchange_via_app,47,34
How can I change currency type?,exchange_via_app,31,34
"I do not need GBP, I need AUD, how do I convert it?",exchange_via_app,51,34
"Instead of GBP, how do I exchange for AUD?",exchange_via_app,42,34
Is currency exchange possible?,exchange_via_app,30,34
"Using your app, would I be able to exchange between USD and GBP?",exchange_via_app,64,34
Can I use this app for both USD and GBP?,exchange_via_app,40,34
I am trying to find out how to exchange currency X with currency Y.,exchange_via_app,67,34
Does your app allow currency exchanges between USD and GBP?,exchange_via_app,59,34
"With this app, will I be able to exchange currency?",exchange_via_app,51,34
How do I change my currency to another?,exchange_via_app,39,34
How do I exchange currencies using the app?,exchange_via_app,43,34
Does this app allow currencies to be exchanged?,exchange_via_app,47,34
Can I exchange USD for GBP in your app?,exchange_via_app,39,34
Is it possible to exchange currencies using the app?,exchange_via_app,52,34
How do I exchange currencies using this app?,exchange_via_app,44,34
I want to exchange USD and GBP with the app,exchange_via_app,43,34
How do I change my AUD into GBP?,exchange_via_app,32,34
How can I convert currencies?,exchange_via_app,29,34
Can I use your app to exchange between USD and GBP,exchange_via_app,50,34
I need to get some Euros for my holiday. Am I able to exchange some of my money?,exchange_via_app,80,34
Can currencies be exchanged on this app?,exchange_via_app,40,34
How do I change to a different currency?,exchange_via_app,40,34
Is exchanging currencies a feature of the app?,exchange_via_app,46,34
Where can I get my currencies exchanged?,exchange_via_app,40,34
Is exchanging currencies one of your app services?,exchange_via_app,50,34
Can I convert currency with the app?,exchange_via_app,36,34
"I might need to exchange between USD and GBP, is this possible with your app?",exchange_via_app,77,34
"I need to exchange my GBP to AUD, how would I do this?",exchange_via_app,54,34
Do you support changing the currency I use?,exchange_via_app,43,34
Can I convert money into different currencies?,exchange_via_app,46,34
Where can i exchange between GBP and USD,exchange_via_app,40,34
How to exchange my currency,exchange_via_app,27,34
How do I use the app to exchange currencies?,exchange_via_app,44,34
"I no longer need AUD, I need GBP instead, how can I make this happen?",exchange_via_app,69,34
"I am trying to exchange AUD for GBP, how do I do that?",exchange_via_app,54,34
How do I exchange USD to GBP?,exchange_via_app,29,34
Is there a way to make my money usable in another country?,exchange_via_app,58,34
How do I exchange AUD for GBP?,exchange_via_app,30,34
Can I use this app to exchange currencies?,exchange_via_app,42,34
How can I exchange currencies using your app?,exchange_via_app,45,34
How do I go about exchanging currencies with this app?,exchange_via_app,54,34
Can I exchange from USD to GBP?,exchange_via_app,31,34
Does your app allow currency exchange from USD to GBP?,exchange_via_app,54,34
What currences are available for exchange?,exchange_via_app,42,34
Is this app capable of exchanging currencies?,exchange_via_app,45,34
Is it possible to change from USD to GBP with your App?,exchange_via_app,55,34
"If I need to make an exchange from USD to GBP, how can I do so in the app?",exchange_via_app,74,34
Can I use this app to exchange between dollars and pounds?,exchange_via_app,58,34
Will this app allow me to exchange currencies?,exchange_via_app,46,34
Is it possible to exchange USD and GBP on the app?,exchange_via_app,50,34
"I may need to exchange my USD for GBP, can your app do that?",exchange_via_app,60,34
How do I exchange currencies with this,exchange_via_app,38,34
I need Australian dollars instead of UK currency.,exchange_via_app,49,34
I'm having difficulties changing AUD for GBP. How do I do this?,exchange_via_app,63,34
Can I exchange currencies with the app?,exchange_via_app,39,34
Will you tell me how to exchange USD for GBP in the app?,exchange_via_app,56,34
How do you exchange currencies,exchange_via_app,30,34
How can I exchange currencies with this app?,exchange_via_app,44,34
How can I exchange GBP for AUD?,exchange_via_app,31,34
Can I exchange currency for different types?,exchange_via_app,44,34
Does this app exchange currencies?,exchange_via_app,34,34
Is it possible to exchange currencies on the app?,exchange_via_app,49,34
What's the process of changing from GBP to AUD?,exchange_via_app,47,34
How do I switch to a different currency?,exchange_via_app,40,34
What's the procedure with currency exchange?,exchange_via_app,44,34
How to I switch my money for the money used in another country?,exchange_via_app,63,34
Will it be possible to change from USD to GBP with this App?,exchange_via_app,60,34
I would like to change currency,exchange_via_app,31,34
How do I make a currency exchange?,exchange_via_app,34,34
"I can't figure out how to change GBP to AUD, what do I do?",exchange_via_app,58,34
"I accidentally chose to exchange GBP, but I need to pick AUD. How can I change it?",exchange_via_app,82,34
How can I exchange USD and GBP in the app?,exchange_via_app,42,34
How can I exchange currencies in the app?,exchange_via_app,41,34
I need to exchange a currency - can I do that here?,exchange_via_app,51,34
How can I change the currency I'm exchanging from AUD to GBP?,exchange_via_app,61,34
What do I need to do to exchange my money?,exchange_via_app,42,34
"I would like to exchange currencies, how do I go upon it?",exchange_via_app,57,34
What different currencies can I get?,exchange_via_app,36,34
I would like to exchange currency  What types are there?,exchange_via_app,56,34
how to exchange currencies,exchange_via_app,26,34
Can I use your app to exchange USD for GBP?,exchange_via_app,43,34
Can this convert money?,exchange_via_app,23,34
Can you  tell me how to get AUD not GBP?,exchange_via_app,40,34
How can I trade currencies with this app?,exchange_via_app,41,34
Can I exchange currencies usign this app?,exchange_via_app,41,34
Can this app be used to exchange currencies?,exchange_via_app,44,34
need to exchange currencies,exchange_via_app,27,34
How do I change to AUD from GBP?,exchange_via_app,32,34
How do I start an exchange between GBP and AUD?,exchange_via_app,47,34
Whats types of currency can I exchange?,exchange_via_app,39,34
how can i exchange currencies,exchange_via_app,29,34
Can I exchange USD and GBP from the app?,exchange_via_app,40,34
What steps do I need to take to exchange currencies?,exchange_via_app,52,34
What other currencies are available to change to?,exchange_via_app,49,34
what currencies can i exchange between on your app?,exchange_via_app,51,34
Can this app exchange American and English currency?,exchange_via_app,52,34
My plans may change so I may need to change from GBP to AUD.,exchange_via_app,60,34
Does the app allow for exchanges between currencies?,exchange_via_app,52,34
"I may no longer need GBP, but instead I will need AUD, how can I go about making this change?",exchange_via_app,93,34
Can I use this app to change money?,exchange_via_app,35,34
Has there been any activity on my card today?,lost_or_stolen_card,45,42
I lost my wallet and all my cards were in it.,lost_or_stolen_card,45,42
I'm panicking!  I lost my card!  Help!,lost_or_stolen_card,38,42
I need to report a stolen card,lost_or_stolen_card,30,42
How do I replace a stolen card?,lost_or_stolen_card,31,42
Can you provide information for freezing my card immediately?,lost_or_stolen_card,61,42
What's the phone number to freeze a card?,lost_or_stolen_card,41,42
I can't find my card! Can you help?,lost_or_stolen_card,35,42
"Hi, I am on vacation in Spain and someone stole my bag with my phone and wallet with cards and everything. Can you block it ASAP and then I want to order a new one also ASAP.",lost_or_stolen_card,174,42
Help! I lost my card!,lost_or_stolen_card,21,42
My card is missing.  Please help.,lost_or_stolen_card,33,42
I think that my card has been stolen!,lost_or_stolen_card,37,42
My card was stolen,lost_or_stolen_card,18,42
A fee shouldn't apply to me if my card was stolen.,lost_or_stolen_card,50,42
"My card has been stolen. I reported it with the police, but I need to report it with you as well.",lost_or_stolen_card,97,42
Can you tell me the status of my new card?,lost_or_stolen_card,42,42
My card has been stolen what do I do?,lost_or_stolen_card,37,42
"I can't find my card, it is lost.",lost_or_stolen_card,33,42
My card is lost!  Please help me!,lost_or_stolen_card,33,42
I believe that my card has been stolen!,lost_or_stolen_card,39,42
What should I do if I think my card was stolen?,lost_or_stolen_card,47,42
Can you send me a new card and block my current one. I'm in Spain and my wallet was stolen.,lost_or_stolen_card,91,42
"I thought I left my card at a restaurant, but they claim not to have it and now I don't have any idea where it is. I'm so worried that someone might be using it fraudulently. Is there any way to look into this?",lost_or_stolen_card,210,42
My bag got stolen with all my cards. Can you please cancel my card and send a new one?,lost_or_stolen_card,86,42
I think my card is stolen!,lost_or_stolen_card,26,42
"Help!  I fear that my card was stolen,",lost_or_stolen_card,38,42
Someone stole my card!,lost_or_stolen_card,22,42
Are you able to guide me to my card's location?,lost_or_stolen_card,47,42
How can I report that my card was stolen? I made a police report first.,lost_or_stolen_card,71,42
My card is missing!  Help!,lost_or_stolen_card,26,42
"My wallet was stolen, along with my cards. How do I put a freeze on my cards and order a new one?",lost_or_stolen_card,97,42
Could you please freeze my card immediately?,lost_or_stolen_card,44,42
"i need help, i lost my card",lost_or_stolen_card,27,42
What can I do if I lost my card?,lost_or_stolen_card,32,42
I think that the card is stolen.  What are my next steps?,lost_or_stolen_card,57,42
What do I do if my card is stolen?,lost_or_stolen_card,34,42
My card is stolen.  Help!,lost_or_stolen_card,25,42
I lost track of my card,lost_or_stolen_card,23,42
Report stolen card,lost_or_stolen_card,18,42
Help!  My card is stolen.,lost_or_stolen_card,25,42
"My card was lost on vacation, I don't know where it is. Can you help me take care of this immediately?",lost_or_stolen_card,102,42
I have lost my card! What is my next step?,lost_or_stolen_card,42,42
My card has been lost! help!,lost_or_stolen_card,28,42
What do I do if my card has been lost or stolen?,lost_or_stolen_card,48,42
Help Me!  I lost my card.  What should I do?,lost_or_stolen_card,44,42
Someone stole my wallet with my card in it while vacationing in Spain. I really need my card blocked and a new one ordered.,lost_or_stolen_card,123,42
Who can I speak with regarding a lost card?,lost_or_stolen_card,43,42
My card has gone missing.,lost_or_stolen_card,25,42
oh my god I lost my card! what should I do?,lost_or_stolen_card,43,42
I can't find my card!  What should I do?,lost_or_stolen_card,40,42
What is the first step that I should take after my card has been stolen?,lost_or_stolen_card,72,42
I seem to have lost my card.,lost_or_stolen_card,28,42
My card was stolen. What do I need to do?,lost_or_stolen_card,41,42
Someone took my card without permission,lost_or_stolen_card,39,42
I lost my card n need a new one.,lost_or_stolen_card,32,42
My card has been lost / stolen,lost_or_stolen_card,30,42
I misplaced my card and I dont know where the last place is where I used the card last. Can you look at my account and tell me the last place I used the card?,lost_or_stolen_card,158,42
Please help me.  My card is missing.,lost_or_stolen_card,36,42
"I lost my card, what do I do now?",lost_or_stolen_card,33,42
I need to order a new card as my other one was stolen.,lost_or_stolen_card,54,42
I think someone stole my card because I can't find it.,lost_or_stolen_card,54,42
What are the steps I need to do if I have a stolen card?,lost_or_stolen_card,56,42
I cant find my card.,lost_or_stolen_card,20,42
I think my card is lost.  What do I do?,lost_or_stolen_card,39,42
What should I do if my card is stolen?,lost_or_stolen_card,38,42
How do I deactivate a stolen card?,lost_or_stolen_card,34,42
"I want to block my card or deactivate it or something, it's been stolen and I don't want it misused. I want this handled right away.",lost_or_stolen_card,132,42
Someone took my card without my permission.,lost_or_stolen_card,43,42
Need help with a stolen card.,lost_or_stolen_card,29,42
"help, lost my card",lost_or_stolen_card,18,42
What do I do if my card was stolen.,lost_or_stolen_card,35,42
I think my wallet fell out on the Tube today! I realized as soon as I got to my desk. How do I cut off the card?,lost_or_stolen_card,112,42
My card is missing.,lost_or_stolen_card,19,42
How do I report my card as lost or stolen?,lost_or_stolen_card,42,42
Is there any way for you to find my card?,lost_or_stolen_card,41,42
I've lost my card. What can I do about that?,lost_or_stolen_card,44,42
I left my card at a restaurant and now its missing.,lost_or_stolen_card,51,42
Can you help me retrieve my card?,lost_or_stolen_card,33,42
I lost my card. Can you help me?,lost_or_stolen_card,32,42
What should I do?  My card has been stolen!,lost_or_stolen_card,43,42
My card was stolen last night.,lost_or_stolen_card,30,42
Could you assist me in finding my lost card?,lost_or_stolen_card,44,42
I want to open an account for my children,age_limit,41,2
How old do you need to be to use the banks services?,age_limit,52,2
Whats the minimum age to have an account,age_limit,40,2
Can my children open an account?,age_limit,32,2
How old do I need to be?,age_limit,24,2
What are age requirements for opening an account?,age_limit,49,2
Is there any age limit?,age_limit,23,2
We want to start a college fund for my daughter.,age_limit,48,2
Hold old do my kids have to be to use the service?,age_limit,50,2
Can I start an account for my kids?,age_limit,35,2
How old does my daughter have to be to open an account?,age_limit,55,2
What is minimum age for an account?,age_limit,35,2
What is needed for my daughter to open an account?,age_limit,50,2
What about my children?,age_limit,23,2
What is the process for setting up and account for my child?,age_limit,60,2
Is there an age limit to open an account,age_limit,40,2
How old do my kids have to be use this?,age_limit,39,2
Can I make an account for my kids?,age_limit,34,2
I'd like to open an account for my kids can I do that?,age_limit,54,2
Would it be possible to open up an account for children?,age_limit,56,2
Do you have any age limit?,age_limit,26,2
If I want my son to have his own account is that possible?,age_limit,58,2
Could I open an account for children?,age_limit,37,2
What does my daughter need to open an account?,age_limit,46,2
Can my children get an account?,age_limit,31,2
What is the age limit for an account?,age_limit,37,2
What age do you have to be?,age_limit,27,2
What is the appropriate age for my child to be able to open an account?,age_limit,71,2
How do I open an account for my children?,age_limit,41,2
What are the requirements to open an account for a minor?,age_limit,57,2
are there age requirements,age_limit,26,2
Is there an age limit for opening an account?,age_limit,45,2
Can my 8 year old grandson open an account at the bank?,age_limit,55,2
What is the minimum age required to open an account with your service?,age_limit,70,2
"If I want to get an account for my daughter, can I do that?",age_limit,59,2
How old do you have to be to open an account?,age_limit,45,2
I have young kids. Can they use this service?,age_limit,45,2
Do you have an age limit?,age_limit,25,2
How old do you have to be?,age_limit,26,2
Could my daughter open an account?,age_limit,34,2
Can I open an account for my children?,age_limit,38,2
What would the age limit be?,age_limit,28,2
What are the age requirements for service?,age_limit,42,2
I am 16 and just started working at McDonalds can I deposit my checks at your bank?,age_limit,83,2
Is there a possibility to open an account for my sons and daughters?,age_limit,68,2
Is there an age limit to get an account?,age_limit,40,2
what is the age limit for opening a new account,age_limit,47,2
Is my daughter eligible to open an account?,age_limit,43,2
How do I set up an account for my children?,age_limit,43,2
May I get an account for my daughter?,age_limit,37,2
What is the minimum age limit?,age_limit,30,2
How old must I be to open an account?,age_limit,37,2
What is the age limit?,age_limit,22,2
Can my children have an account?,age_limit,32,2
Is there any way I could open an account for my daughter?,age_limit,57,2
Can I get an account for my daughter?,age_limit,37,2
How old do you need to be to open an account?,age_limit,45,2
Do you offer account services for children and teens?,age_limit,53,2
From which age can my kids use your service?,age_limit,44,2
What is the youngest age for an account?,age_limit,40,2
I have kids and I'm curious at what age could they start to use your service.,age_limit,77,2
At what age can I open an account?,age_limit,34,2
I'd like to open an account for my children. How can I do that?,age_limit,63,2
Can I open up an account for my child?,age_limit,38,2
Is there a limit for age?,age_limit,25,2
How can I open an account for my children?,age_limit,42,2
Do you have a children account available?,age_limit,41,2
At what age can my children use your service?,age_limit,45,2
I want to open an account for my child.,age_limit,39,2
At what age can a person open an account?,age_limit,41,2
How old do kids have to be to open an account?,age_limit,46,2
What is your age limit?,age_limit,23,2
How old do my kids need to be to use your service?,age_limit,50,2
I would like to get an account for my child.,age_limit,44,2
Would I be able to open an account for my daughter?,age_limit,51,2
Can my teenager have an account?,age_limit,32,2
What age do you have to be to open an account?,age_limit,46,2
How old do my kids need to be to open an account?,age_limit,49,2
As my kids get older are they able to get set up with their own accounts?,age_limit,73,2
Is there an age limit to when my child can use these services?,age_limit,62,2
How many years old do I have to be?,age_limit,35,2
Do you have a limit for someone's age?,age_limit,38,2
Do you have any accounts for children ?,age_limit,39,2
Can my daughter make an account?,age_limit,32,2
"I need to set up an account for my daughter, how would I do that?",age_limit,65,2
How old can one use your service?,age_limit,33,2
Do you have to be 18 to make an account?,age_limit,40,2
Would I be able to get an account for my child?,age_limit,47,2
Can I get an account for my son?,age_limit,32,2
DO I have to be 18 to open an account?,age_limit,38,2
Am I allowed to get an account for my daughter?,age_limit,47,2
My daughter needs to open account.,age_limit,34,2
Can I open an account for my offspring?,age_limit,39,2
Do you offer account's for minors?,age_limit,34,2
What are the age limits for your service?,age_limit,41,2
How old do you need to be to have an account?,age_limit,45,2
How old does my daughter need to be to have her own account?,age_limit,60,2
"My son has just turned 13, is he old enough for an account?",age_limit,59,2
Do you guys have any age restrictions?,age_limit,38,2
Is there a minimum age for having an account?,age_limit,45,2
How old does one need to be?,age_limit,28,2
My daughter needs an acount.,age_limit,28,2
What is the age requirement?,age_limit,28,2
Is there a certain age I need to be?,age_limit,36,2
Is my child too young to sign up?,age_limit,33,2
Am I able to open an account for my children?,age_limit,45,2
Can I make an account for my daughter?,age_limit,38,2
What's the youngest I can be to open an account?,age_limit,48,2
Do you have an age requirement when opening an account with your service?,age_limit,73,2
Is it possible for me to set up separate accounts for my kids?,age_limit,62,2
I have exceeded the number of PIN attempts,pin_blocked,42,50
I mistook my pin and now I am locked.  Can you unlock me?,pin_blocked,57,50
Please help me unblock my pin which I put the wrong one too many times.,pin_blocked,71,50
Help me unblock my account.  I entered the PIN wrong too many times.,pin_blocked,68,50
"I locked myself out of my account, how do I unblock my PIN?",pin_blocked,59,50
My PIN tries have run out. Now what?,pin_blocked,36,50
Can I reset my PIN if it is blocked?,pin_blocked,36,50
"After inputting the wrong pin too many times, can you now help me unblock my pin?",pin_blocked,81,50
Where do I find PIN for my card?,pin_blocked,32,50
Can someone help me unblock my pin?,pin_blocked,35,50
I attempted to enter my pin to many times.,pin_blocked,42,50
I forgot my PIN and now it is blocked.,pin_blocked,38,50
Can someone assist me with explaining how I can unblock my pin?,pin_blocked,63,50
"My pin needs unblocking, unblock it please?",pin_blocked,43,50
What do I have to do to get my PIN unblocked?,pin_blocked,45,50
I tried my PIN too many times and now my card won't work!,pin_blocked,57,50
I entered a wrong PIN too many times. How can I fix this?,pin_blocked,57,50
How can I unblock my PIN?,pin_blocked,25,50
When I was drunk I got my card stuck in your machine because i mis-typed my PIN. What do I need to do to get it restored?,pin_blocked,121,50
I cannot try my PIN anymore.,pin_blocked,28,50
What's the web address to unblock my pin?,pin_blocked,41,50
How do I make my PIN work again?,pin_blocked,32,50
What steps do I take to unblock my PIN?,pin_blocked,39,50
My PIN was entered wrong and now I am blocked.  Please unblock.,pin_blocked,63,50
Can I use app to unblock my card?,pin_blocked,33,50
I tried the wrong PIN too many times.,pin_blocked,37,50
Help me unblock my PIN.,pin_blocked,23,50
Can I unblock my PIN in the app?,pin_blocked,32,50
How can I get my PIN unblocked?,pin_blocked,31,50
I forgot my PIN number.,pin_blocked,23,50
I tried entering my pin several times incorrectly. Why isn't my pin working?,pin_blocked,76,50
I need my PIN unlocked.,pin_blocked,23,50
I can't input my pin again.,pin_blocked,27,50
How do I take a block off my card?,pin_blocked,34,50
Will you help me unblock my pin after putting in the wrong pin too many times?,pin_blocked,78,50
What do I do if I forgot my PIN?,pin_blocked,32,50
What is the process for unlocking the pin?,pin_blocked,42,50
How do I go about unlocking a pin?,pin_blocked,34,50
"I enetered the wrong information, I need my account unblocked How do I do that?",pin_blocked,79,50
"My PIN is locked, how do I unlock it?",pin_blocked,37,50
I entered in the wrong PIN.  Please help me unlock my account.,pin_blocked,62,50
"If my PIN number is rejected, how do I solve it?",pin_blocked,48,50
Why was my PIN blocked?,pin_blocked,23,50
"
I put the wrong pin too many times and now it is blocked. Can you help me unblock it?",pin_blocked,86,50
Where can I go to get my PIN unblocked?,pin_blocked,39,50
What is the procedure of unblocking my PIN?,pin_blocked,43,50
I accidentally exceeded my PIN tries.  Please advise.,pin_blocked,53,50
"I logged in wrong and am blocked, how do I log in?",pin_blocked,50,50
"While I was drunk, I goofed my PIN number and your machine ate my card. How can I get it back?",pin_blocked,94,50
Can you unblock my blocked pin?,pin_blocked,31,50
How can I reset my darned PIN number?,pin_blocked,37,50
"My PIN is unlocked, what do I do?",pin_blocked,33,50
My account is locked because I used the wrong pin too many times.  Please help.p,pin_blocked,80,50
"My PIN can't access my card, can you help?.",pin_blocked,43,50
"After putting in the wrong PIN too many times, I was blocked. Can you assist me in changing it?",pin_blocked,95,50
"
How do I unblock my PIN?",pin_blocked,25,50
What happens if I forget my PIN?,pin_blocked,32,50
I put the wrong pin too many times and now it is blocked. Can you help me unblock it?,pin_blocked,85,50
I managed to drunken block my card :(( Help!,pin_blocked,44,50
Why is my PIN blocked?,pin_blocked,22,50
I used my pin too many times.,pin_blocked,29,50
My PIN has been blocked.,pin_blocked,24,50
"My card got blocked, how do I reset?",pin_blocked,36,50
"My PIN number was incorrect, and I can't access it.",pin_blocked,51,50
Is there a way to reset my PIN?,pin_blocked,31,50
What do I do if I have exceeded all my PIN tries?,pin_blocked,49,50
How do I get unblocked?,pin_blocked,23,50
"I blocked my card by mistake, how do I unblock it?",pin_blocked,50,50
What should I do if I exceed my PIN tries?,pin_blocked,42,50
How come I got blocked for entering wrong pins?,pin_blocked,47,50
What should I do if I have used all of my PIN tries?,pin_blocked,52,50
My PIN isn't working.,pin_blocked,21,50
I forgot what my pin number is and now am blocked can you help me get in?,pin_blocked,73,50
Where am I able to get my PIN unblocked?,pin_blocked,40,50
I forgot my pin and am blocked now. Can I reset it somewhere?,pin_blocked,61,50
I must have entered my PIN wrong.,pin_blocked,33,50
I am locked out from entering my pin.,pin_blocked,37,50
What do I do to unblock my PIN?,pin_blocked,31,50
I entered my pin wrong  too many times.,pin_blocked,39,50
"I have used all my PIN tries, what now?",pin_blocked,39,50
Where do I go to unblock my PIN?,pin_blocked,32,50
What if I type in the wrong PIN too many times?,pin_blocked,47,50
What do I do if my PIN was blocked?,pin_blocked,35,50
Can I unblock my pin using the app?,pin_blocked,35,50
How many times can I enter a wrong PIN before it is blocked?,pin_blocked,60,50
My PIN was blocked.,pin_blocked,19,50
I accidentally put in the wrong pin too many times and now I need to unblock it. Can you assist with this?,pin_blocked,106,50
I have exceeded all my PIN tries,pin_blocked,32,50
How to unblock my PIN?,pin_blocked,22,50
How many incorrect attempts cause card to be blocked?,pin_blocked,53,50
Guide me on how to unblock my PIN,pin_blocked,33,50
"Would you please unblock my pin? I don't know why, but it's blocked.",pin_blocked,68,50
I have used all of my PIN tries. What should I do now?,pin_blocked,54,50
Is there a number to call to get my pin unblocked?,pin_blocked,50,50
"My PIN seems to be blocked, help me access it?",pin_blocked,46,50
How do I unblock my card?,pin_blocked,25,50
I may have entered the PIN wrong and the account is blocked.  What do I have to do to get it unblocked.,pin_blocked,103,50
I cannot use my PIN.,pin_blocked,20,50
"My PIN got blocked, help.",pin_blocked,25,50
Where do I unblock my PIN?,pin_blocked,26,50
"I am blocked now because I entered the wrong pin, need help.",pin_blocked,60,50
"My PIN has been blocked, what should I do?",pin_blocked,42,50
Too many times I entered the incorrect PIN.  How can I get my account unblocked?,pin_blocked,80,50
My account is blocked because I entered the wrong pin too many times.  Help me unblock.,pin_blocked,87,50
I entered the wrong pin too many times and now I think it's blocked. What do I do?,pin_blocked,82,50
"I was blocked by using the wrong pin too many times, can you help me?",pin_blocked,69,50
"My PIN is not working, can you help?",pin_blocked,36,50
How do I unlock my account after typing in the wrong PIN too many times?,pin_blocked,72,50
I entered the pin incorrectly too many times and now it is blocked. Can you help?,pin_blocked,81,50
Can you unblock my pin because I put the wrong one too many times.,pin_blocked,66,50
I need a new PIN number.,pin_blocked,24,50
Can you unblock my account?  I entered the PIN wrong.,pin_blocked,53,50
I tried my PIN too many times,pin_blocked,29,50
I punched in the wrong pin too many times and I'm locked out.,pin_blocked,61,50
I can't figure out how to unblock my pin number. Can you help me?,pin_blocked,65,50
Should i uninstall the app before i try it again?,contactless_not_working,49,24
How come when I tried to pay contactless at the bus it didnt work?,contactless_not_working,66,24
Why is my contactless not working?,contactless_not_working,34,24
My contactless payments don't work.,contactless_not_working,35,24
how many days processing new card?,contactless_not_working,34,24
I'm confused. My contactless is suddenly not working anywhere that I try to use it. How do I fix it?,contactless_not_working,100,24
Would reinstalling the app solve the problem?,contactless_not_working,45,24
I've tried using my contactless in several locations today and it's not working anywhere. It seemed fine before. How do I get it to work again?,contactless_not_working,143,24
What do I have to do to get the contactless to work?,contactless_not_working,52,24
The terminal I paid at wouldn't take my card. Is something wrong?,contactless_not_working,65,24
Why wasn't my contactless accepted at the metro?,contactless_not_working,48,24
Can I make a contactless payments?,contactless_not_working,34,24
I can't get a contactless payment to work.,contactless_not_working,42,24
Contactless payments need to be enabled for my card.,contactless_not_working,52,24
Help me to set up contactless payments.,contactless_not_working,39,24
My contactless stopped working today for no good reason. It's not working no matter where I try to use it. Can you please help me fix it?,contactless_not_working,137,24
I'm confused ass to why my contactless is not working.,contactless_not_working,54,24
I need help fixing my contactless. It's not working anywhere I go today.,contactless_not_working,72,24
The contactless payments are not working.,contactless_not_working,41,24
how to get new card?,contactless_not_working,20,24
How do I troubleshoot my contactless?,contactless_not_working,37,24
How can I fix my contactless?,contactless_not_working,29,24
Any charges applicable for new card?,contactless_not_working,36,24
I have a contactless that's broken.,contactless_not_working,35,24
My contactless is non-functional.,contactless_not_working,33,24
How can i get new card?,contactless_not_working,23,24
My contactless stopped working today no matter where I try to use it. How do I get it to start working again?,contactless_not_working,109,24
How do I troubleshoot when contactless doesn't work?,contactless_not_working,52,24
How can I fix my card if the contactless function didn't work this morning?,contactless_not_working,75,24
"I was trying to use contactless earlier, but it didn't work.",contactless_not_working,60,24
Why wouldn't my contactless work for the metro?,contactless_not_working,47,24
Are my contactless settings correct? I tried to use it today but it wasn't working.,contactless_not_working,83,24
I am having problems with my contactless.,contactless_not_working,41,24
"I am having issues using contactless payments, could my card be damaged?",contactless_not_working,72,24
"What is the reason when I tried to pay contactless at the bus, it didnt work?",contactless_not_working,77,24
Is there a top up fee for transfer?,top_up_by_bank_transfer_charge,35,56
Will there be a charge for topping up by account with a SEPA transfer?,top_up_by_bank_transfer_charge,70,56
What are the charges for receiving a SEPA transfer?,top_up_by_bank_transfer_charge,51,56
Is there a charge for SEPA transfers?,top_up_by_bank_transfer_charge,37,56
Will I be charged a fee for a SEPA transfer?,top_up_by_bank_transfer_charge,44,56
What is the fee to top-up my account,top_up_by_bank_transfer_charge,36,56
Will you guys charge me for topping up by transfer?,top_up_by_bank_transfer_charge,51,56
Can you tell me the cost of a transfer?,top_up_by_bank_transfer_charge,39,56
Do you receive SWIFT transfers?,top_up_by_bank_transfer_charge,31,56
What is the charge for receiving a SEPA transfer?,top_up_by_bank_transfer_charge,49,56
Will I receive all the money sent to my account by SEPA transfer?,top_up_by_bank_transfer_charge,65,56
Am I going to see a charge for a SEPA transfer?,top_up_by_bank_transfer_charge,47,56
Can I do a SWIFT transfer?,top_up_by_bank_transfer_charge,26,56
What would I be charged in receiving a SEPA transfer?,top_up_by_bank_transfer_charge,53,56
How much is it to receive money?,top_up_by_bank_transfer_charge,32,56
Is there a charge for using transfers for top ups?,top_up_by_bank_transfer_charge,50,56
"If someone sends me money, will I be charged?",top_up_by_bank_transfer_charge,45,56
Do you accept SWIFT transfers?,top_up_by_bank_transfer_charge,30,56
Am I charged for receiving money?,top_up_by_bank_transfer_charge,33,56
Will I be charged for topping up by transfer?,top_up_by_bank_transfer_charge,45,56
Will I be charged any fee for receiving money?,top_up_by_bank_transfer_charge,46,56
Are there fees for receiving a SEPA transfer?,top_up_by_bank_transfer_charge,45,56
Is there a fee to top up by bank transfers?,top_up_by_bank_transfer_charge,43,56
Do you offer SWIFT transfers?,top_up_by_bank_transfer_charge,29,56
Will I be charged for a top off transfer?,top_up_by_bank_transfer_charge,41,56
Will I be charged for receiving money?,top_up_by_bank_transfer_charge,38,56
To receive money are there charges?,top_up_by_bank_transfer_charge,35,56
Will there be a charge when money is added to my account?,top_up_by_bank_transfer_charge,57,56
What are the fees associated with top up via transfer?,top_up_by_bank_transfer_charge,54,56
Can I use SWIFT transfers?,top_up_by_bank_transfer_charge,26,56
How much does a transfer cost?,top_up_by_bank_transfer_charge,30,56
Is there a fee for a SEPA transfer,top_up_by_bank_transfer_charge,34,56
why do you charge for transfers?,top_up_by_bank_transfer_charge,32,56
Is there a fee to make a transfer?,top_up_by_bank_transfer_charge,34,56
What is the charge to make a transfer,top_up_by_bank_transfer_charge,37,56
"If I were to transfer, what would the cost be?",top_up_by_bank_transfer_charge,46,56
Does it cost anything to transfer money for a top-up?,top_up_by_bank_transfer_charge,53,56
Will I be fined for topping up by transfer?,top_up_by_bank_transfer_charge,43,56
what is the price of a transfer?,top_up_by_bank_transfer_charge,32,56
If I top-up by using a trasfer are there charges that applied?,top_up_by_bank_transfer_charge,62,56
Do I get charged if I get money?,top_up_by_bank_transfer_charge,32,56
Would I be able to use SWIFT transfers?,top_up_by_bank_transfer_charge,39,56
Are there any charges for receiving money?,top_up_by_bank_transfer_charge,42,56
how much will I be charged for making a transfer?,top_up_by_bank_transfer_charge,49,56
For topping-up is there a charge?,top_up_by_bank_transfer_charge,33,56
Can I transfer money using the SWIFT service?,top_up_by_bank_transfer_charge,45,56
Is there a charge for transfers?,top_up_by_bank_transfer_charge,32,56
is there a fee for swift transfer,top_up_by_bank_transfer_charge,33,56
How much does it cost to top up by transfer?,top_up_by_bank_transfer_charge,44,56
What are the fees for using transfer to top off my account?,top_up_by_bank_transfer_charge,59,56
Do you charge anything for topping up?,top_up_by_bank_transfer_charge,38,56
Are SWIFT Transfers available at this bank?,top_up_by_bank_transfer_charge,43,56
"If I were to do a transfer, what is the rate for that?",top_up_by_bank_transfer_charge,54,56
How much do I need to pay for a transfer?,top_up_by_bank_transfer_charge,41,56
Is there a charge for getting my money?,top_up_by_bank_transfer_charge,39,56
Does this program take SWIFT transfers?,top_up_by_bank_transfer_charge,39,56
What does it cost to receive a SEPA transfer?,top_up_by_bank_transfer_charge,45,56
How much will it be in order to pay with a bank transfer using SEPA?,top_up_by_bank_transfer_charge,68,56
Will there be a fee if I receive a SEPA transfer,top_up_by_bank_transfer_charge,48,56
Am I charged if I make a top-up?,top_up_by_bank_transfer_charge,32,56
do you have a fee for receiving a SEPA transfer?,top_up_by_bank_transfer_charge,48,56
What does a transfer cost?,top_up_by_bank_transfer_charge,26,56
Am I able to do a SWIFT transfer with you?,top_up_by_bank_transfer_charge,42,56
Is a SWIFT transfer acceptable?,top_up_by_bank_transfer_charge,31,56
Will I be charged for adding money by transfer?,top_up_by_bank_transfer_charge,47,56
How much will it cost me for a SEPA transfer?,top_up_by_bank_transfer_charge,45,56
How much would it cost me if I transfer?,top_up_by_bank_transfer_charge,40,56
What should I expect to be charged on a SEPA transfer?,top_up_by_bank_transfer_charge,54,56
What is the cost of a transfer?,top_up_by_bank_transfer_charge,31,56
"I want to top up my account by a bank transfer, but will I be charged?",top_up_by_bank_transfer_charge,70,56
Am I able to do a SWIFT transfer?,top_up_by_bank_transfer_charge,33,56
Are you aware of any charges for receiving money?,top_up_by_bank_transfer_charge,49,56
Are SWIFT transfers supported?,top_up_by_bank_transfer_charge,30,56
Is there a charge for receiving money?,top_up_by_bank_transfer_charge,38,56
Can I transfer using SWIFT?,top_up_by_bank_transfer_charge,27,56
Am I going to be charged for receiving  money?,top_up_by_bank_transfer_charge,46,56
What are the additional charges for a SWIFT transfer?,top_up_by_bank_transfer_charge,53,56
Does it cost me anything to top up my account via bank transfer?,top_up_by_bank_transfer_charge,64,56
How much does it cost to make transfers?,top_up_by_bank_transfer_charge,40,56
How much would it cost me for a bank transfer to top up my account?,top_up_by_bank_transfer_charge,67,56
Do you take SWIFT transfers?,top_up_by_bank_transfer_charge,28,56
Is there a fee for topping off by transfer?,top_up_by_bank_transfer_charge,43,56
Will I be charged for receiving the money?,top_up_by_bank_transfer_charge,42,56
"For SEPA transfers, what kind of charge will be applied?",top_up_by_bank_transfer_charge,56,56
Are there topping up fees if I have to transfer?,top_up_by_bank_transfer_charge,48,56
Am I going to be charged for topping up by transfer?,top_up_by_bank_transfer_charge,52,56
What is the handling fee for transfer?,top_up_by_bank_transfer_charge,38,56
Does it cost me to add cash?,top_up_by_bank_transfer_charge,28,56
Do I get charged if I am receiving money?,top_up_by_bank_transfer_charge,41,56
Are you going to charge me to collect the money?,top_up_by_bank_transfer_charge,48,56
Can I Transfer from SWIFT?,top_up_by_bank_transfer_charge,26,56
what is the fee for a transfer into my account,top_up_by_bank_transfer_charge,46,56
Do I pay a fee for SEPA transfers?,top_up_by_bank_transfer_charge,34,56
Is there a cost to receive money?,top_up_by_bank_transfer_charge,33,56
"I'd like to make a SEPA transfer to my account, but will I be charged?",top_up_by_bank_transfer_charge,70,56
Can third party fees affect a transfer?,top_up_by_bank_transfer_charge,39,56
Do you charge for transfers?,top_up_by_bank_transfer_charge,28,56
Will I be charged for topping up my account using a bank transfer?,top_up_by_bank_transfer_charge,66,56
How much would I be charged for a transfer?,top_up_by_bank_transfer_charge,43,56
Is there a top up fee?,top_up_by_bank_transfer_charge,22,56
are SWIFT transfers an option?,top_up_by_bank_transfer_charge,30,56
How much does it cost to do a transfer?,top_up_by_bank_transfer_charge,39,56
"If I top up by transfer, am I going to be charged?",top_up_by_bank_transfer_charge,50,56
What are the charges for recieving SEPA transfers?,top_up_by_bank_transfer_charge,50,56
Are there any fees associated with receiving money?,top_up_by_bank_transfer_charge,51,56
How much does each transfer cost?,top_up_by_bank_transfer_charge,33,56
Is there any fees associated with receiving money with this account?,top_up_by_bank_transfer_charge,68,56
Will I be charged to top off my account?,top_up_by_bank_transfer_charge,40,56
What kind of fee is there to top-up my account?,top_up_by_bank_transfer_charge,47,56
Do you process SWIFT transfers?,top_up_by_bank_transfer_charge,31,56
I want to do a swift transfer,top_up_by_bank_transfer_charge,29,56
How long does a top-up take to go through?,pending_top_up,42,48
I am under the impression that my top up is still pending,pending_top_up,57,48
How long will it take for my money to be deposited?,pending_top_up,51,48
i put money on my card and i dont see it on the balance,pending_top_up,55,48
I have a top-up that's still pending and wanted to know about it.,pending_top_up,65,48
"It is still pending, I am still waiting. Your system just shows my top-up as pending. What is happening?",pending_top_up,104,48
Why is my top up not completing?,pending_top_up,32,48
What if my top up doesn't go through?,pending_top_up,37,48
"Sort your top up out please! It's been pending since an hour already, can you please make this go through asap I really need the money",pending_top_up,134,48
Says that my top-up is incomplete?,pending_top_up,34,48
It appears my top-up is still pending.,pending_top_up,38,48
My top up did not go through yet.,pending_top_up,33,48
Seems like my top-up has not gone through,pending_top_up,41,48
How long will my top-up stay pending?,pending_top_up,37,48
I think my top up is still pending?,pending_top_up,35,48
"Something is wrong with the top up! I'm a regular customer and use your service all the time, usually this works but now it just shows up as pending",pending_top_up,148,48
why isn't my top-up going through?,pending_top_up,34,48
I topped up but it isn't in my account,pending_top_up,38,48
When will my top-up happen?,pending_top_up,27,48
"My top up has been pending for an hour already, and I really need this to go through as soon as possible.  Can you help?",pending_top_up,120,48
What is the reason my top-up is still pending?,pending_top_up,46,48
how long does it take to reflect in my balance a top up,pending_top_up,55,48
My top-up is taking a while to process!,pending_top_up,39,48
My top up is incomplete.,pending_top_up,24,48
My top-up funds aren't available yet.,pending_top_up,37,48
Why hasn't my top-up finished pending yet?,pending_top_up,42,48
Where are my funds? I topped off my car but it didn't seem to complete.,pending_top_up,71,48
"I tried to top up, but the funds show up as pending. I thought it was instant?",pending_top_up,78,48
"I tried to top up, but it didn't finish.",pending_top_up,40,48
Should my top-up be completed by now?,pending_top_up,37,48
My top up did not complete.,pending_top_up,27,48
Why hasnt my top up gone through yet?? I thought it was suppose to be instant? Am I wrong? Why is it still pending?,pending_top_up,115,48
"I topped up and went to buy something, but it says that my funds are pending. Is there a way to quicken this process?",pending_top_up,117,48
When will my top up be approved?,pending_top_up,32,48
My top-up didn't go through; it still says pending. What's up with that?,pending_top_up,72,48
I can't find the money I just added to my account.,pending_top_up,50,48
What does it mean if my top-up has not gone through?,pending_top_up,52,48
"My top up hasn't gone through yet, why?",pending_top_up,39,48
I've been waiting for a top up to come through for over an hour and I need the funds now.,pending_top_up,89,48
"Hello, I am a new customer, and just tried topping up for the first time. According to your information, the transaction should be instant - why does it still show as pending?",pending_top_up,175,48
I attempted to top up my account but it's been frozen in a pending state for well over an hour now! Is this normal? I'm a new customer and this is my first time doing this. I assumed it would be done quicker than this.,pending_top_up,218,48
My account is  new  why can I  not top up,pending_top_up,41,48
"Help, I don't see my money i just added.",pending_top_up,40,48
What happened to my Top-Up? It's not reflected.,pending_top_up,47,48
"I'm waiting on a top-up, its still pending",pending_top_up,42,48
I'm a new customer and tried topping up today for the first time. It's still pending and doesn't seem to be working. I need to get this fixed.,pending_top_up,142,48
"Needed gas, been delayed for half an hour.Please fix it!",pending_top_up,56,48
Yesterday I topped up my card. Why didn't it complete as it still pending?,pending_top_up,74,48
Tell my why my top-up is pending.,pending_top_up,33,48
How long should I wait for top up go go through ?,pending_top_up,49,48
Top-up is loaded into the card and no update.,pending_top_up,45,48
My top-up seems to be pending for a long time?,pending_top_up,46,48
"I already paid to top-up but the funds aren't available yet, where are they?",pending_top_up,76,48
What do I do if my top-up has not gone through?,pending_top_up,47,48
My top-up hasn't gone through,pending_top_up,29,48
Is my top up not working?,pending_top_up,25,48
My top up is pending still,pending_top_up,26,48
Why has my top up not gone through yet?,pending_top_up,39,48
"Hi, I tried topping up for the first time today (I'm a new customer), and the transaction has shown as pending for the last half an hour. Can you fix it?",pending_top_up,153,48
My top up says it is still pending,pending_top_up,34,48
I topped up about half an hour ago and the charge is still pending. I'm a new customer and today is my first time doing this. Can you fix it? It doesn't seem to be working.,pending_top_up,172,48
How long does it take for my top up to clear?,pending_top_up,45,48
how long should i expect to wait when i add money,pending_top_up,49,48
I'm still waiting for the top-up!,pending_top_up,33,48
Is there a problem with the top up system? My transaction hasn't gone through properly,pending_top_up,86,48
How long will my top-up be pending?,pending_top_up,35,48
I believe my top up is still pending,pending_top_up,36,48
Why hasn't my top up gone through?,pending_top_up,34,48
Why is  my  top  up for  my  new account  not  instant,pending_top_up,54,48
My money hasn't been deposited yet. When will it be?,pending_top_up,52,48
I'm still waiting for my top-up to go through,pending_top_up,45,48
How long after a failed topup will funds refurn to account,pending_top_up,58,48
My top is still pending.,pending_top_up,24,48
My top-up hasn't happened yet.,pending_top_up,30,48
Has my top up gone through?,pending_top_up,27,48
How long does it take for a top-up?,pending_top_up,35,48
I used my card to top up but it's saying it is still pending. What does this mean?,pending_top_up,82,48
When will my top-up go through?,pending_top_up,31,48
How long does it take for a top up to go through,pending_top_up,48,48
i have a pending top-up,pending_top_up,23,48
Why is the top-up I made still pending.,pending_top_up,39,48
My top-up is still pending,pending_top_up,26,48
My top up is still pending,pending_top_up,26,48
My top-up is taking a very long time to complete.,pending_top_up,49,48
I do not think the pop up went through yet.,pending_top_up,43,48
how long are my top ups pending,pending_top_up,31,48
Did I do something incorrectly? Where is my top-up?,pending_top_up,51,48
Why hasn't my top-up gone through?,pending_top_up,34,48
Should my top up still be pending?,pending_top_up,34,48
top up is still pending,pending_top_up,23,48
I have been waiting for my top-up to complete and it still hasn't gone through.,pending_top_up,79,48
Im trying to top up my card but it's still pending and it's been an hour. Is there any way to make it go through faster? Do I not have enough?,pending_top_up,142,48
Please explain why my top-up hasn't been processed yet?,pending_top_up,55,48
Why can't I see my funds after I topped up?,pending_top_up,43,48
My top up hasn't gone through,pending_top_up,29,48
I'm pretty sure my top up is still pending.,pending_top_up,43,48
When will my top-up be completed?,pending_top_up,33,48
"My top up keeps showing pending?  How long will things be like this?  Days, weeks, months?  I need the money quite urgently for an important coffee purchase, can you please let me know when top up will work?",pending_top_up,207,48
"I think something is wrong with your top up.  I've been waiting a little over an hour for this to go through, can you send it through for me?",pending_top_up,141,48
How long do top-ups take to go through,pending_top_up,38,48
I tried topping up for the first time today since I am a new customer. It doesn't appear that it's working. It has been pending for at least half an hour. Please take care of this.,pending_top_up,180,48
"How long is a top up supposed to be pending, because an hour is too long! Can you fix this to go through?",pending_top_up,105,48
There is a top up that has been pending for an hour and I don't know why.  I was expecting it immediately and need it now!,pending_top_up,122,48
Can you tell me what is wrong ? I top-up with you all the time but this time it just shows my top-up as pending. What is happening?,pending_top_up,131,48
My top-up appears to be pending.,pending_top_up,32,48
Is there a reason that my top-up is still pending?,pending_top_up,50,48
why is top up pending,pending_top_up,21,48
"I topped-up my account, but I don't think it went through.",pending_top_up,58,48
The top-up is broken.,pending_top_up,21,48
"Is there something wrong with my top up I did an hour ago? it's still pending. I need that money, i cant afford to wait or have it come back to me.",pending_top_up,147,48
Why is my top-up pending?,pending_top_up,25,48
"How come my top-up didn't go through instantly, like it usually does?",pending_top_up,69,48
It's been some time since refilled the top-up.,pending_top_up,46,48
I added money to the card but the transaction didn't go through,pending_top_up,63,48
How long do I need to wait til my top up isn't pending?,pending_top_up,55,48
top up not completed,pending_top_up,20,48
It appears my top-up has not gone through.,pending_top_up,42,48
"Even though I added money ey to the card, I couldn't use it",pending_top_up,59,48
How long does it take for a top up to be approved?,pending_top_up,50,48
How do I make my top up complete?,pending_top_up,33,48
What is taking so long with my top up?,pending_top_up,38,48
When will my top up be applied?,pending_top_up,31,48
Can you look into why my most recent top-up is showing as pending? I thought it was supposed to be instantaneous.,pending_top_up,113,48
I just made a top-up but it shows as pending! I use your service all the time and have never had a problem before. Why does it keep showing up as pending?,pending_top_up,154,48
How long does my top up pending last?,pending_top_up,37,48
"I topped up last night but don't have any funds, why not?",pending_top_up,57,48
How long should it take for my top-up to finish? I've been waiting a while.,pending_top_up,75,48
Is there a reason my top-up has not gone through?,pending_top_up,49,48
Problem with my top up going through,pending_top_up,36,48
How do I know if my top-up went through?,pending_top_up,40,48
Can you please sort out your top up? I need this to go through asap because I really need the money. It's already been pending for an hour.,pending_top_up,139,48
Can you tell me why my pop-up is still pending?,pending_top_up,47,48
"new customer and filling gas for the first time today, not working,",pending_top_up,67,48
What's taking my top-up so long?,pending_top_up,32,48
What is wrong with my top-up?,pending_top_up,29,48
When will my top up process?,pending_top_up,28,48
Can you explain to me why a top-up would still be pending?,pending_top_up,58,48
How long will it take for my top up to work? It's still pending,pending_top_up,63,48
Isn't my top-up supposed to mean its complete?,pending_top_up,46,48
What is the reason that my top-up is still pending?,pending_top_up,51,48
When will my top up go through?,pending_top_up,31,48
Please sort your top up! My top up has been pending for an hour already. Can you please make it go through as soon as possible. I really need the money.,pending_top_up,152,48
My top-up has not posted.,pending_top_up,25,48
I made a top up yesterday but it's still pending.,pending_top_up,49,48
"Hello, I'm a brand new customer and tried topping up for the first time today. It has been pending for half an hour and doesn't seem to be working. Please resolve this.",pending_top_up,168,48
I have a new card and I can't add money to it.  I tried about 30 minutes ago and it is still pending.  What do I do?,pending_top_up,116,48
I'm not certain my top-up went through yet.,pending_top_up,43,48
I've been waiting for over an hour for a top up to go through.  How long is this supposed to take?  I really need this money.,pending_top_up,125,48
Where to check top ups pending?,pending_top_up,31,48
Cancel a transaction,cancel_transfer,20,9
Am I able to cancel a transfer I just made,cancel_transfer,42,9
"I needed to make a payment on my account, but I typed in the incorrect number.  The app won't allow me to cancel this transaction.  I need it cancelled ASAP!!",cancel_transfer,158,9
I made a mistake this morning when I did a transfer. How do I reverse it?,cancel_transfer,73,9
Can I cancel a transaction?,cancel_transfer,27,9
"Hi, I sent a payment to the wrong account number - can you cancel it as soon as possible?",cancel_transfer,89,9
How do I revert a transaction?,cancel_transfer,30,9
I just realized I made the wrong transaction yesterday. Would  you please make it correct?I need it by tomorrow Please.,cancel_transfer,119,9
How do i cancel a charge?,cancel_transfer,25,9
"I didn't want to make a transaction, I want to revert it",cancel_transfer,56,9
Is there a way to undo a transaction?,cancel_transfer,37,9
"I accidentally made a payment from the wrong account yesterday. It's my rent payment, and it's very large, so the account I paid from won't be able to cover the amount. It's really important that the payment be made from the right account?",cancel_transfer,239,9
I would like help to revert a transaction I did this morning,cancel_transfer,60,9
Please help revert my transaction from this morning.,cancel_transfer,52,9
Is there any way to cancel my transfer,cancel_transfer,38,9
I messed up a transfer and need to reverse it.,cancel_transfer,46,9
"Please cancel my most recent transfer, it was a mistake. This is an emergency. It needs to be canceled before it goes through.",cancel_transfer,126,9
I made a mistake and performed a transaction on the wrong account!,cancel_transfer,66,9
I want to revert a transaction I did this morning,cancel_transfer,49,9
I need to change a transfer.,cancel_transfer,28,9
How do I cancel a transaction?,cancel_transfer,30,9
I need to cancel a transaction please!,cancel_transfer,38,9
I want to revert a transaction I did,cancel_transfer,36,9
"Could I please cancel my transfer, I paid it into the wrong account. I need to pay it into the right account by tomorrow.",cancel_transfer,121,9
I need a transfer cancelled.,cancel_transfer,28,9
I did a transaction this morning and now I want to cancel it.,cancel_transfer,61,9
A transfer has to be cancelled.,cancel_transfer,31,9
Is it possible to cancel a transaction?,cancel_transfer,39,9
I messed up and made a transaction using the wrong account.,cancel_transfer,59,9
One of my transactions needs to be canceled.,cancel_transfer,44,9
I need to stop a transaction that I made.,cancel_transfer,41,9
I need to cancel a transfer I made.,cancel_transfer,35,9
"My transfer was wrong, are you able to stop it before it goes through please?",cancel_transfer,77,9
I used the wrong account.,cancel_transfer,25,9
I've made a horrible mistake!  I transferred money to the wrong account by accident!  I entered one of the digits wrong.  I need this cancelled immediately please.,cancel_transfer,163,9
What are the steps I need to take to cancel a transaction?,cancel_transfer,58,9
I would like to cancel a transfer...is this possible?,cancel_transfer,53,9
I want to cancel the transaction I made earlier,cancel_transfer,47,9
I submitted a transaction but it was for the incorrect account.,cancel_transfer,63,9
"I stupidly initiated a rent payment from the wrong account yesterday. It can't be paid from that account, but it really needs to get paid on time. Am I able to move the payment to the right account?",cancel_transfer,198,9
Can you help me to quickly cancel a transaction I accidentally did to the wrong account?,cancel_transfer,88,9
"I don't think the transaction has gone through, so can I cancel a transfer?",cancel_transfer,75,9
I wanna revert a transaction i did this morning.,cancel_transfer,48,9
I did a transaction to a wrong account!,cancel_transfer,39,9
Please help me cancel a transaction.,cancel_transfer,36,9
I entered a typo when I was transferring money and now I've sent it to an incorrect account.  This is so bad!  I need it cancelled now.,cancel_transfer,135,9
How fast can you fix an error in payment?  I made a payment in the wrong account yesterday and it needs to be adjusted by tomorrow for my rent.,cancel_transfer,143,9
Please cancel my last transaction.,cancel_transfer,34,9
How to cancel a transaction,cancel_transfer,27,9
I need to cancel a transfer,cancel_transfer,27,9
Help me cancel a transfer.,cancel_transfer,26,9
"who do I talk to, to cancel a transfer?",cancel_transfer,39,9
Help! I need to cancel a transaction.,cancel_transfer,37,9
I made a mistake and need to cancel a transfer.,cancel_transfer,47,9
If I make a mistake can I cancel the transaction?,cancel_transfer,49,9
I need to cancel a transaction.,cancel_transfer,31,9
I don't need to transfer anymore and I want to cancel it.,cancel_transfer,57,9
How do I cancel a transfer?,cancel_transfer,27,9
"I made a mistake on the last transfer I made, who must I speak with to cancel?",cancel_transfer,78,9
Who do I call to cancel a transfer?,cancel_transfer,35,9
It is extremely important that I cancel the transfer I made yesterday and put the money into a different account.  Is this possible?,cancel_transfer,132,9
I made a transaction to the wrong account!,cancel_transfer,42,9
Is there any way to cancel a recent transfer?  I did not mean to make it and need to make sure it does not go through.,cancel_transfer,118,9
Is there a way to revert a transaction?,cancel_transfer,39,9
I have a transaction and would like to know if I it's cancelable?,cancel_transfer,65,9
I accidentally made a payment to a wrong account. What should I do?,cancel_transfer,67,9
How can I cancel my transfer?,cancel_transfer,29,9
I just realized I made the wrong transaction  yesterday. Would  you please make it correct?I need it by tomorrow.,cancel_transfer,113,9
Am I able to stop a transfer?,cancel_transfer,29,9
"I made a transaction, but I made it to an account I didn't mean to make it to.",cancel_transfer,78,9
stop the transaction,cancel_transfer,20,9
I need to reverse a transaction,cancel_transfer,31,9
I just realised I made the wrong payment yesterday. Can you please change it to the right account? It's my rent payment and really really needs to be in the right account by tomorrow,cancel_transfer,182,9
"I've just made a money transfer to the wrong account, I need to stop the money from being moved as it may be going to someone I don't know.  Please can you help?",cancel_transfer,161,9
Please help!  The app won't let me cancel a money transfer.  I accidently sent money to an account that wasn't mine.  I need this cancelled immediately.,cancel_transfer,152,9
Help me cancel a transaction.,cancel_transfer,29,9
"I already made a transfer and want to cancel it, how do I do that?",cancel_transfer,66,9
"Hi , I just came to know I made the wrong transaction  yesterday. Would  you please make it correct?I need it by tomorrow.",cancel_transfer,122,9
I sent a payment to the wrong account number - can that transaction be reversed? I am worried about accidentally giving my money away.,cancel_transfer,134,9
I want to reverse a transaction I did this morning,cancel_transfer,50,9
"I need you to stop the transfer I just started as soon as possible, I just realized it's not correct!",cancel_transfer,101,9
I would like to cancel my previous transaction,cancel_transfer,46,9
I need urgent help. I realize I sent my payment to the wrong account number. I made a typo. Please cancel the transfer now. There isn't an option from the app.,cancel_transfer,159,9
"I made a mistake and did a transaction to a wrong account, can I cancel?",cancel_transfer,72,9
"Hi, I made a transfer yesterday that I need to reverse.  I need to put the money in a different account.",cancel_transfer,104,9
I need urgent help. I realize I sent my payment to the wrong account number. I made a typo. Please cancel the transfer immediately. I cannot do anything from the app.,cancel_transfer,166,9
I want to cancel a transaction.,cancel_transfer,31,9
"I made a rent payment from the wrong account yesterday. It absolutely has to go through tomorrow, so can you please reroute the payment to the right account?",cancel_transfer,157,9
"I no longer want to transfer funds, can we cancel that transaction?",cancel_transfer,67,9
"I made a mistake when sending a payment, sending it to the wrong account number (with a typo) - can you please cancel the transaction?",cancel_transfer,134,9
I need to cancel my recent transfer as soon as possible. I made an error there. Please help before it goes through.,cancel_transfer,115,9
I am trying to revert a transcation I did this morning,cancel_transfer,54,9
A payment I made is for a wrong amount can you help me correct the mistake.,cancel_transfer,75,9
I inadvertently completed a transaction on a wrong account.,cancel_transfer,59,9
I used the wrong account number!,cancel_transfer,32,9
How can I cancel a transfer I made,cancel_transfer,34,9
"I made a mistake of transferring, can I cancel my previous transfer?",cancel_transfer,68,9
"I made a mistake when making my last transfer, please cancel before it goes thru.",cancel_transfer,81,9
Can I stop a transaction?,cancel_transfer,25,9
I wish to cancel a transfer,cancel_transfer,27,9
I want to take back my transaction,cancel_transfer,34,9
Is it possible for a transaction to be cancelled?,cancel_transfer,49,9
"Hey i need help urgently. I just realised I sent my payment to the wrong account number, there is a typo! Please cancel it immediately, I can't do it anymore from the app",cancel_transfer,170,9
is it possible to cancel transactions?,cancel_transfer,38,9
Help! I made a transfer in error and need to cancel it before it's complete!,cancel_transfer,76,9
I made a terrible mistake when typing in my account number.  I accidently sent money to the wrong account.  I noticed the app won't allow me to void the transaction.  Can someone help me with this immediately?,cancel_transfer,209,9
Is it possible to cancel my transfer?,cancel_transfer,37,9
How do I fix a transaction to the wrong account?,cancel_transfer,48,9
I goofed up and used the wrong account.  Please help.,cancel_transfer,53,9
I want to cancel a transfer I just made.,cancel_transfer,40,9
Cancel Transaction,cancel_transfer,18,9
"Could you refund my transaction, I paid it into the wrong account. I need to be able to pay it into the right account by tomorrow.",cancel_transfer,130,9
My transaction is on the wrong account.,cancel_transfer,39,9
"I paid my rent into the wrong account, could you please pay it into the right account, it needs to be done by tomorrow.",cancel_transfer,119,9
How do I go about cancelling a transaction?,cancel_transfer,43,9
"I have arranged a transfer, but no longer need to send it. How do I stop the transfer?",cancel_transfer,86,9
I would like to cancel a transfer,cancel_transfer,33,9
"Please help me, there is a transaction in the incorrect account.",cancel_transfer,64,9
How can I revert a transaction from this morning?,cancel_transfer,49,9
How do I cancel a recent transfer?,cancel_transfer,34,9
Please can you block the transaction I just sent from my account? It was a payment but I accidently typed in the wrong details and think it might have gone to the wrong place.,cancel_transfer,175,9
I made a transaction this morning but I need to revert it now.,cancel_transfer,62,9
I made the incorrect payment for my rent yesterday and this needs to be fixed by no later than tomorrow. How can you help?,cancel_transfer,122,9
I recently made a transfer but I need to cancel it as soon as possible.  Please let me know when this happens.,cancel_transfer,110,9
I made a transfer into my account and now I need to cancel it,cancel_transfer,61,9
"Cancel my transfer, please.",cancel_transfer,27,9
I need to cancel a transaction immediately.,cancel_transfer,43,9
Please help me!  A payment I made had an error on the account number and I can't cancel on my side.  Can you cancel it?,cancel_transfer,119,9
I need to cancel my recent transfer quickly since I made a mistake. Please help before it goes through.,cancel_transfer,103,9
Can I cancel a transfer I made,cancel_transfer,30,9
Where do I go to cancel a transaction?,cancel_transfer,38,9
How can I cancel a transaction to a wrong account?,cancel_transfer,50,9
There's been a transaction to the wrong account.,cancel_transfer,48,9
Please cancel the transfer I just made.  I put in the wrong account number and can't seem to stop it on the app.,cancel_transfer,112,9
I want to revert this mornings transaction.,cancel_transfer,43,9
"I didn't mean to do the transfer, is there any way to cancel it?",cancel_transfer,64,9
I need immediate assistance in canceling a transfer which was a mistake. Please help me quickly so this does not go through.,cancel_transfer,124,9
Cancelling a transaction,cancel_transfer,24,9
The wrong account was used during a transaction.,cancel_transfer,48,9
I just initiated a transfer but I'd like to cancel it.,cancel_transfer,54,9
My morning transaction needs to be canceled.,cancel_transfer,44,9
My transaction from earlier needs to be reversed.,cancel_transfer,49,9
I recently made a transfer that I would like to cancel,cancel_transfer,54,9
"Yesterday, I made an incorrect payment to the wrong account for my rent payment. I need this addressed as soon as possible and the funds transferred to the correct account by no later than tomorrow.",cancel_transfer,198,9
What do I need to do to cancel a transaction?,cancel_transfer,45,9
How can I cancel this transaction?,cancel_transfer,34,9
Help please!  My rent payment is coming out tomorrow and I made a payment mistake yesterday! Can you put in in the correct account?,cancel_transfer,131,9
I need help right now. I realize I sent my payment to the wrong account number after making a typo. Please cancel the transfer now since I can't do it from the app.,cancel_transfer,164,9
I need help as fast as possible! I made a mistake on my most recent transfer; can you please stop it before it goes through?,cancel_transfer,124,9
I want to cancel a transaction from this morning.,cancel_transfer,49,9
A transfer has been made in my account that I need to cancel.  This was a mistake on my part and I hope we can get this resolved quickly.,cancel_transfer,137,9
I need to cancel my recent transfer. I made a mistake. Please help quickly before the transfer goes through.,cancel_transfer,108,9
I'm really upset because I made a typo during a transfer and now I've sent money to the wrong account.  I can't fix this with the app.  Please help me immediately!,cancel_transfer,163,9
There was a transaction this morning that I'd like to reverse.,cancel_transfer,62,9
What do I have to do to cancel a transfer?,cancel_transfer,42,9
"I wanted to transfer money to another account, but now I don't have to so I'd like to cancel said transfer. How can I do that?",cancel_transfer,126,9
please cancel the transaction,cancel_transfer,29,9
What is the max amount of top-ups?,top_up_limits,34,60
Are top-ups unlimited?,top_up_limits,22,60
Can I increase my top-up maximum?,top_up_limits,33,60
Can I top-up any amount?,top_up_limits,24,60
What's the limit to how much I can top up?,top_up_limits,42,60
Would I be able to top up as much as I can?,top_up_limits,43,60
Do I have a limit to the number of top-ups per day?,top_up_limits,51,60
need to know if there is a maximum i can top up,top_up_limits,47,60
How many top-ups am I allowed to do?,top_up_limits,36,60
How much is ok for me to top up with?,top_up_limits,37,60
What is the maximum I can top up?,top_up_limits,33,60
what is the most money i can top up?,top_up_limits,36,60
Are there any top-up limits?,top_up_limits,28,60
Is there a limit to the top-ups someone can do?,top_up_limits,47,60
What is the greatest number of times that I can top-up?,top_up_limits,55,60
Tell me if there is a limit to top-up.,top_up_limits,38,60
Is there a top-up limit that I have to stay under during a given period of time?,top_up_limits,80,60
How much am I allowed to top-up?,top_up_limits,32,60
Is there a limit on how much I can top up?,top_up_limits,42,60
Is there a limit to how much I can top-up?,top_up_limits,42,60
Is there a limit for the amount I can top up?,top_up_limits,45,60
what is the limit for top-ups?,top_up_limits,30,60
How much can I top up in a day?,top_up_limits,31,60
Do top-ups have limits?,top_up_limits,23,60
Is there a limit to how much I can top up?,top_up_limits,42,60
Please tell me the limit to topping-up.,top_up_limits,39,60
Do top-up limits exist?,top_up_limits,23,60
I would like to know how much I can top-up.,top_up_limits,43,60
Whats the limit on my top up,top_up_limits,28,60
Are there any top-up limits that I must follow?,top_up_limits,47,60
Can I top-up any amount I wish on any given day?,top_up_limits,48,60
Is topping up unlimited?,top_up_limits,24,60
What is the highest amount of top ups I'm allowed?,top_up_limits,50,60
is there a limit for top up?,top_up_limits,28,60
Can I set my own top-up limit?,top_up_limits,30,60
What are the rules for a top-up?,top_up_limits,32,60
How often can I top up?,top_up_limits,23,60
What is the highest amount I can top-up?,top_up_limits,40,60
What is the most that I can top-up to a card?,top_up_limits,45,60
What limits are the to top-ups?,top_up_limits,31,60
How many times can I make a top-up?,top_up_limits,35,60
Whats the max I can top up,top_up_limits,26,60
What is the maximum top up?,top_up_limits,27,60
What is the top-up limit for my card?,top_up_limits,37,60
Tell me if there is a top-up limit.,top_up_limits,35,60
What number of times can I top-up?,top_up_limits,34,60
is there a limit to top up,top_up_limits,26,60
What's the maximum amount I can top up my card with please?,top_up_limits,59,60
How can I information on my limit for top-ups?,top_up_limits,46,60
It seems I need to get information on limits for top-ups.,top_up_limits,57,60
Are there any top-up limits involved?,top_up_limits,37,60
What is my top-up limit?,top_up_limits,24,60
Are there limits with top-up?,top_up_limits,29,60
What is the max top-up?,top_up_limits,23,60
What is your maximum top up limit per day?,top_up_limits,42,60
"I need to add a serious amount of cash to my card, how do I do that?",top_up_limits,68,60
Tell me about the limit for top ups.,top_up_limits,36,60
Is there a limit to my top-up?,top_up_limits,30,60
Is there a topping up limit?,top_up_limits,28,60
Can I create my own top-up limit?,top_up_limits,33,60
Can I top up?,top_up_limits,13,60
How much could I top up?,top_up_limits,24,60
How many top-ups can be approved?,top_up_limits,33,60
What is the top-up limit?,top_up_limits,25,60
Do you limit my top-offs?,top_up_limits,25,60
Is the top-up amount unlimited?,top_up_limits,31,60
How many top-ups can I use?,top_up_limits,27,60
Is there a maximum for top-ups?,top_up_limits,31,60
Will you set a limit to my top-up?,top_up_limits,34,60
Is there a top-up limit?,top_up_limits,24,60
How often am I able to top-up?,top_up_limits,30,60
Can someone please tell me how much I can top-up?,top_up_limits,49,60
What is the maximum for top-ups?,top_up_limits,32,60
Do you have any top-up limits?,top_up_limits,30,60
Do top-ups have a limit?,top_up_limits,24,60
Can I top up any amount?,top_up_limits,24,60
Can I use as many top-ups as I want?,top_up_limits,36,60
Do I need to use a limit on top-ups?,top_up_limits,36,60
What amount can I top-up?,top_up_limits,25,60
Can you tell me the limit for top ups?,top_up_limits,38,60
I need someone to assist me with explaining how much I can top-up.,top_up_limits,66,60
What is the most I can top-up?,top_up_limits,30,60
Is there a limit for top ups?,top_up_limits,29,60
What is the max I can top up?,top_up_limits,29,60
How often can I top up my account?,top_up_limits,34,60
What's the amount that I can top-up?,top_up_limits,36,60
Do you limit my top-ups?,top_up_limits,24,60
is there a limit on top ups,top_up_limits,27,60
What is the top-up limit on my cards?,top_up_limits,37,60
What's my limit for topping up?,top_up_limits,31,60
what are limits to top up,top_up_limits,25,60
Is there any amount in which I would get cut off from topping up?,top_up_limits,65,60
How much is the limit for top-ups?,top_up_limits,34,60
How much can I top up on my card?,top_up_limits,33,60
limits on top ups,top_up_limits,17,60
What is the daily limit on my card?,top_up_limits,35,60
What's the top-up limit?,top_up_limits,24,60
Why did I only receive a partial amount of what I tried to withdraw?,wrong_amount_of_cash_received,68,75
my atm transaction was wrong,wrong_amount_of_cash_received,28,75
why did i only get 20.00,wrong_amount_of_cash_received,24,75
Why is my cash request and the amount I received different?,wrong_amount_of_cash_received,59,75
"I tried to withdraw $100, all it gave me was $20.",wrong_amount_of_cash_received,49,75
The ATM didn't give me enough money.,wrong_amount_of_cash_received,36,75
When I went to withdraw cash today the ATM gave me the wrong amount of cash. The app is showing a larger amount.,wrong_amount_of_cash_received,112,75
I didn't get the all the cash i wanted from the atm,wrong_amount_of_cash_received,51,75
I received $20 but I entered $100,wrong_amount_of_cash_received,33,75
"Hi, I used an ATM today to take money out of my account, but the amount it gave me is not the amount I requested. What should I do?",wrong_amount_of_cash_received,131,75
Did a WD earlier at an ATM.  The amount showing in the App is more than I got though.,wrong_amount_of_cash_received,85,75
I didn't get the correct amount of money from the ATM machine,wrong_amount_of_cash_received,61,75
Some cash was missing at ATM.,wrong_amount_of_cash_received,29,75
I didn't get all the cash I asked for,wrong_amount_of_cash_received,37,75
I tried to withdraw $100 but only got $20. What happened?,wrong_amount_of_cash_received,57,75
how come when i asked for 100 it only gave me 20.00 in the app,wrong_amount_of_cash_received,62,75
Asked for $100 but only got $20. Why would this happen?,wrong_amount_of_cash_received,55,75
I wanted to withdraw $100 from the ATM but I only got $20,wrong_amount_of_cash_received,57,75
I got less money than I asked for.,wrong_amount_of_cash_received,34,75
"Hi, Please help me to request cash back. As i have been withdrawn money from ATM, but i got wrong amount. in Application its showing the amount i have been charged through.",wrong_amount_of_cash_received,172,75
The cash I wanted wasn't there.,wrong_amount_of_cash_received,31,75
I requested a higher amount for my cash withdrawal,wrong_amount_of_cash_received,50,75
The amount of cash I received did not match the amount I requested,wrong_amount_of_cash_received,66,75
The ATM didn't give me the full requested amount,wrong_amount_of_cash_received,48,75
The amount of cash I received was not the full amount,wrong_amount_of_cash_received,53,75
How can I request cash back? The ATM just gave me the wrong amount that I've been charged though...,wrong_amount_of_cash_received,99,75
I was only given $20 after trying to withdraw $100,wrong_amount_of_cash_received,50,75
I received less cash than the amount I specified in the ATM.,wrong_amount_of_cash_received,60,75
I went tot the ATM earlier today and didn't realize this till now but I did not get all the money I requested.  I believe my account was charged for 100 but I only got 80.  Is there any way we can solve this problem?,wrong_amount_of_cash_received,216,75
I got less cash than what I specified at the ATM.,wrong_amount_of_cash_received,49,75
Why did I not get the amount of money I requested?,wrong_amount_of_cash_received,50,75
I'm at the ATM right now and it only allowed me to withdraw 10 pounds instead of my requested 30. What's going on? How can I fix this?,wrong_amount_of_cash_received,134,75
I got $20 when I should've gotten $100,wrong_amount_of_cash_received,38,75
How can I request cash back? The ATM gave me the wrong amount that I've been charged though...,wrong_amount_of_cash_received,94,75
I didn't receive the amount of cash I requested for the ATM.,wrong_amount_of_cash_received,60,75
my cash balance less than what I thought,wrong_amount_of_cash_received,40,75
It didn't give me my cash,wrong_amount_of_cash_received,25,75
It kept my cash,wrong_amount_of_cash_received,15,75
I only got $20 of the $100 that I attempted to withdraw.,wrong_amount_of_cash_received,56,75
"Hi, I draw out some money from the ATM today. The ATM has given me wrong amount and the application is displaying more amount than i withdraw.",wrong_amount_of_cash_received,142,75
I tried taking out 30 pounds from the ATM just now and it only gave me 10. Why would it do that? I need the 30 pounds now!,wrong_amount_of_cash_received,122,75
"HELP! I tried to get cash and it gave me some, but not the right amount!",wrong_amount_of_cash_received,72,75
"I am calling because the ATM didn't give me the right amount of cash, but my app shows the actual amount I wanted to withdraw. What should I do to get my money back?",wrong_amount_of_cash_received,165,75
Why didn't I receive the right amount of cash?,wrong_amount_of_cash_received,46,75
Why didn't I receive the right amount of cash at the ATM?,wrong_amount_of_cash_received,57,75
I received the wrong amount of cash back,wrong_amount_of_cash_received,40,75
Why did I only get $20 now the full amount I wanted?,wrong_amount_of_cash_received,52,75
The amount of cash I selected to withdraw is different than what I received.,wrong_amount_of_cash_received,76,75
What do I need to do to get cash back? The ATM gave me the wrong amount that I requested but the app is showing the amount to be correct.,wrong_amount_of_cash_received,137,75
What do I need to do to request cash back? The ATM actually just gave me the wrong amount. The app I actually chose the right amount.,wrong_amount_of_cash_received,133,75
I was just giving the wrong amount by the ATM. How do I request cash back at this point? The app is showing the amount that I actually requested even though that's not what I got.,wrong_amount_of_cash_received,179,75
"I normally don't use ATMs, but I was in a rush today and had to withdraw some cash. The ATM gave me the wrong amount of money and now my app is not showing the same amount as it should. What do I do?",wrong_amount_of_cash_received,199,75
I received incorrect amount of cash from an ATM today. It was more than I wanted. What do I do now?,wrong_amount_of_cash_received,99,75
ATM is broken. It did not give me the full amount (30 pounds.)  I'm standing here with only 10 pounds and it's telling me it gave me 30 pounds. I need assistance now!,wrong_amount_of_cash_received,166,75
Why didn't the ATM give me all my money,wrong_amount_of_cash_received,39,75
I did not get the right amount of cash from the ATM.,wrong_amount_of_cash_received,52,75
Why did I get less from the ATM?,wrong_amount_of_cash_received,32,75
The ATM only gave me 10 pounds when I withdrew 30. What do I do?,wrong_amount_of_cash_received,64,75
Machines make mistakes too! The ATM gave me the wrong amount of money. Too much!,wrong_amount_of_cash_received,80,75
I could only take the amount of money that was available to me which was less then I expected.,wrong_amount_of_cash_received,94,75
I was given less cash then I wanted.,wrong_amount_of_cash_received,36,75
"Hello, I didn't receive the right amount on my ATM transaction,  the app shows the correct amount how can we fix this",wrong_amount_of_cash_received,117,75
I did not receive my full withdrawal amount,wrong_amount_of_cash_received,43,75
I received a different amount of cash than what I entered.,wrong_amount_of_cash_received,58,75
"I only received $20, but I requested $100.",wrong_amount_of_cash_received,42,75
"Help, your app is showing a larger WD than I actually did earlier at an ATM.",wrong_amount_of_cash_received,76,75
"I think something went wrong, I didn't get the right amount.",wrong_amount_of_cash_received,60,75
What do I do if I got the wrong amount at the ATM?,wrong_amount_of_cash_received,50,75
I did not receive the right amount of cash I requested,wrong_amount_of_cash_received,54,75
I attempted to withdraw some money from an ATM this morning and received the wrong amount. Your app says I have enough money available in the account. Can someone tell me what's wrong?,wrong_amount_of_cash_received,184,75
What happens if the ATM doesn't give the right amount of money?,wrong_amount_of_cash_received,63,75
I asked for more cash than what was received,wrong_amount_of_cash_received,44,75
Why can't I take $100 out,wrong_amount_of_cash_received,25,75
I requested $100 but only got $20,wrong_amount_of_cash_received,33,75
"I took out cash from the ATM, but something must have went wrong, My account shows the correct amount of cash I took out, but the ATM didn't give me that amount. How do I get my money back?",wrong_amount_of_cash_received,189,75
I tried withdrawing but my cash is not showing up?,wrong_amount_of_cash_received,50,75
I was not able to receive the correct amount of cash.,wrong_amount_of_cash_received,53,75
I didn't receive the correct amount of cash,wrong_amount_of_cash_received,43,75
I did not get enough cash,wrong_amount_of_cash_received,25,75
"I tried to withdraw some money from an ATM this morning but wasn't able to get the amount of cash I needed. The amount in the app says what I was trying to withdraw was deducted, but I don't have any money. What do I do about this?",wrong_amount_of_cash_received,231,75
The ATM is showing it gave me the money I requested but I didn't get that amount.,wrong_amount_of_cash_received,81,75
The correct amount of cash was not received.,wrong_amount_of_cash_received,44,75
I am so angry right now!  I went to the ATM and did not get the correct amount of money I chose to withdraw.  How could this happen?  I need my money and want to know how I can get it ASAP!,wrong_amount_of_cash_received,189,75
I was given the wrong amount of cash,wrong_amount_of_cash_received,36,75
The atm didn't give me all my cash,wrong_amount_of_cash_received,34,75
"Why did I not get all the money that I asked for? I asked for all the cash in my my account, but I only got about half. Why is that??",wrong_amount_of_cash_received,133,75
I did not ask for the amount of cash that I received.,wrong_amount_of_cash_received,53,75
Got only $20 when I tried to withdraw $100.,wrong_amount_of_cash_received,43,75
The app is showing that I received alot more money than I actually received from the ATM. This occurred earlier today.,wrong_amount_of_cash_received,118,75
The ATM gave me less cash than requested,wrong_amount_of_cash_received,40,75
Why didn't I receive all the cash I requested?,wrong_amount_of_cash_received,46,75
I tried to withdraw 40 pounds but only 20 came out. Did you steal my money?,wrong_amount_of_cash_received,75,75
Yikes!  I didn't get the amount of money that I requested.  What do I do now?,wrong_amount_of_cash_received,77,75
How can I request cash back? The ATM just gave me a different amount than what I've been charged though...,wrong_amount_of_cash_received,106,75
I selected to withdrawal 30 pounds but only received 10. I'm still standing in front of the ATM. The app shows i took out 30 pounds also. How do i fix this?,wrong_amount_of_cash_received,156,75
My cash received does not match what has been requested,wrong_amount_of_cash_received,55,75
I was not given the amount of cash I withdrew,wrong_amount_of_cash_received,45,75
I was not distributed all of cash that I requested,wrong_amount_of_cash_received,50,75
The machine gave me the wrong amount of cash.,wrong_amount_of_cash_received,45,75
"I asked for a certain amount of money from the ATM, but it gave me a different amount. Less than what I asked for.",wrong_amount_of_cash_received,114,75
"I asked for $40 and I only received $20, what happened?",wrong_amount_of_cash_received,55,75
Why didn't I get the amount I requested at the ATM?,wrong_amount_of_cash_received,51,75
The ATM didn't give me enough money! I asked for more than it gave. What do I do?,wrong_amount_of_cash_received,81,75
I received the wrong amount of cash.,wrong_amount_of_cash_received,36,75
I haven't received my cash yet.,wrong_amount_of_cash_received,31,75
I did not get all the cash at ATM.,wrong_amount_of_cash_received,34,75
"If the ATM only gave me 10 pounds instead of the 30 I requested, what do I do?",wrong_amount_of_cash_received,78,75
Earlier today I took money out the ATM. After checking the app the amount is so much higher than the amount I received.,wrong_amount_of_cash_received,119,75
Why did I get less cash than what I asked in the ATM?,wrong_amount_of_cash_received,53,75
My cash withdrawal was short.,wrong_amount_of_cash_received,29,75
I was not distributed the correct amount of cash that I asked for,wrong_amount_of_cash_received,65,75
The ATM shows a withdraw of the amount of money I requested but I didn't revieve that amount in cash.,wrong_amount_of_cash_received,101,75
"When I went to $100, all the machine would give me was $20.",wrong_amount_of_cash_received,59,75
What happens if the ATM gives me the wrong amount of money?,wrong_amount_of_cash_received,59,75
i did not get any money but still was charged,wrong_amount_of_cash_received,45,75
You shorted me money when I tried to make a withdrawal.,wrong_amount_of_cash_received,55,75
i asked for 100 only got 80,wrong_amount_of_cash_received,27,75
"I got some cash at an ATM earlier, but now app is showing that I withdrew more than I did.  Help!",wrong_amount_of_cash_received,97,75
Cash withdrawal was incorrect at ATM.,wrong_amount_of_cash_received,37,75
"I withdrew money from an ATM today, and now my account is showing a different amount than what I withdrew. I checked the amount the ATM gave me, and it looks like it gave me the wrong amount of money. What is the best thin for me to do to get this fixed?",wrong_amount_of_cash_received,254,75
Why did the ATM give me less money than what I requested?,wrong_amount_of_cash_received,57,75
I did not receive the right amount of cash.,wrong_amount_of_cash_received,43,75
How can we correct a mistake on an ATM transaction?  The app shows what I should have gotten.,wrong_amount_of_cash_received,93,75
Why did I not get the amount I specified at the ATM?,wrong_amount_of_cash_received,52,75
The ATM didn't give me what I asked for but my balance says it did,wrong_amount_of_cash_received,66,75
I got less cash than what I specified for through the ATM.,wrong_amount_of_cash_received,58,75
What happened! I asked for 30 pounds at your ATM and only go 10. The machine lied about it too. It said I received the full 30 pounds. Someone better help me asap on this.,wrong_amount_of_cash_received,171,75
A wrong amount of cash we sent to me.,wrong_amount_of_cash_received,37,75
"I took out money, and didn't get all of it.",wrong_amount_of_cash_received,43,75
How can I get cash back? The ATM just gave me the wrong amount that I've been actually charged though...,wrong_amount_of_cash_received,104,75
"Please help me with the amount that i have withdrawn from the ATM today, the ATM has given me wrong sum of amount, and i could see that the app is displaying the greater amount than taken out.",wrong_amount_of_cash_received,192,75
I withdrew $100 but only received $20,wrong_amount_of_cash_received,37,75
I requested money from the ATM and it didn't give me as much as I requested.,wrong_amount_of_cash_received,76,75
"Hey I am standing in front of an ATM here, it only gave me 10 pounds even though I wanted to withdraw 30! Seems like the app has 30 pounds, what do I do??",wrong_amount_of_cash_received,154,75
$20 came out instead of $100,wrong_amount_of_cash_received,28,75
How can I fix this? The ATM gave me more cash than I'd asked for.,wrong_amount_of_cash_received,65,75
I could not get the cash I wanted,wrong_amount_of_cash_received,33,75
I wanted to take out $100 but I only got $20.,wrong_amount_of_cash_received,45,75
"Help, the ATM didn't give me all the money I requested",wrong_amount_of_cash_received,54,75
The cash I asked for still hasn't been received,wrong_amount_of_cash_received,47,75
I wanted $100 but only got $20,wrong_amount_of_cash_received,30,75
The ATM didn't give me the amount I asked for,wrong_amount_of_cash_received,45,75
Where'd the rest of my cash go from the ATM,wrong_amount_of_cash_received,43,75
I got less cash at the ATM than I asked for. Why?,wrong_amount_of_cash_received,49,75
There was a limited amount of money available at the time of my transaction.,wrong_amount_of_cash_received,76,75
My cash withdrawal was not entirely complete,wrong_amount_of_cash_received,44,75
The atm didn'y give me all the cash,wrong_amount_of_cash_received,35,75
The ATM is messed up. It gave me less than I wanted.,wrong_amount_of_cash_received,52,75
I received the wrong amount of cash from the ATM. Can you help?,wrong_amount_of_cash_received,63,75
ATM only gave me $20 instead of $100,wrong_amount_of_cash_received,36,75
I was only given $20 when I tried to get $100,wrong_amount_of_cash_received,45,75
I needed $100 but all it gave me was $20.,wrong_amount_of_cash_received,41,75
I tried pulling out money at the ATM and it gave me an incorrect amount back.,wrong_amount_of_cash_received,77,75
Why did I only get $20 when I asked for $100?,wrong_amount_of_cash_received,45,75
The amount of cash i have received is not correct.,wrong_amount_of_cash_received,50,75
How can I get my money that I didn't get from the ATM?,wrong_amount_of_cash_received,54,75
"Hi, Today i have withdrawn cash from ATM but i got wrong amount and in the app it is showing much more amount than that.",wrong_amount_of_cash_received,120,75
I didn't get all the money I asked for,wrong_amount_of_cash_received,38,75
The ATM did not give me as much cash as I requested.,wrong_amount_of_cash_received,52,75
How can I request cash back? The ATM just gave me a different amount than what I've been actually charged though...,wrong_amount_of_cash_received,115,75
Why is my withdrawal wrong? I took out $100 but only received $20.,wrong_amount_of_cash_received,66,75
I asked for cash but I did not receive all the funds,wrong_amount_of_cash_received,52,75
The ATM I'm standing in front of only gave me 10 pounds rather than the 30 pounds I wanted. The app shows I took out 30 pounds also. What do I need to do to fix this?,wrong_amount_of_cash_received,166,75
I only got some of the cash I requested from the ATM,wrong_amount_of_cash_received,52,75
"I am at the ATM and tried to withdraw 30 pounds and it only gave me 10 pounds, what do I do?",wrong_amount_of_cash_received,92,75
I got the incorrect amount of money given to me from my account,wrong_amount_of_cash_received,63,75
I did not receive the correct amount of cash.,wrong_amount_of_cash_received,45,75
I did not receive all of my cash back,wrong_amount_of_cash_received,37,75
I got some cash but it wasn't the right amount.,wrong_amount_of_cash_received,47,75
Can you explain why the ATM is giving me less money than what I asked for?,wrong_amount_of_cash_received,74,75
I tried to withdraw 50 pounds but it only gave me 30. Where is the rest of my money?,wrong_amount_of_cash_received,84,75
I visited the ATM but got less money than what I requested. Why?,wrong_amount_of_cash_received,64,75
I couldn't get the money I needed.,wrong_amount_of_cash_received,34,75
Who should I contact if the amount of my withdrawal doesn't correspond to the amount that I tried to take out of my account?,wrong_amount_of_cash_received,124,75
I made an ATM withdraw it didn't give me the amount I asked for but is showing a withdraw for that amount.,wrong_amount_of_cash_received,106,75
So I just went to the ATM to get some cash.  I input that I needed 100 pounds but I only got 80.  I have the receipt  and I am in need of the extra money.  How do I go about obtaining the missing amount?,wrong_amount_of_cash_received,203,75
The amount of money I pushed at the atm machine did not come out of the machine.,wrong_amount_of_cash_received,80,75
"I got less than what i asked for in the ATM, why?",wrong_amount_of_cash_received,49,75
"I'm stuck here at your broken ATM and I don't know what to do next. Asked for 30 pounds, got 10. ATM said I got 30. Something very wrong here and I want my money now!",wrong_amount_of_cash_received,166,75
The machine only paid me a hundred when I wanted 20,wrong_amount_of_cash_received,51,75
There was a fee charged when I paid with my card.,card_payment_fee_charged,49,16
I received a fee I should not have.,card_payment_fee_charged,35,16
Why am I being a charged for using my card?,card_payment_fee_charged,43,16
Tell me why there is a fee for a card payment.,card_payment_fee_charged,46,16
I don't understand why I'm being charged for using my card.,card_payment_fee_charged,59,16
I paid with my card so so why was I charged a transaction fee?,card_payment_fee_charged,62,16
"I shouldn't have been charged but I see a fee, why?",card_payment_fee_charged,51,16
"i made a payment with my card and was charged a fee, why would you do that",card_payment_fee_charged,74,16
A fee came along with me paying with card,card_payment_fee_charged,41,16
I had to pay a fee when buying items with my card.,card_payment_fee_charged,50,16
Why is there a fee when I thought there would be no fees?,card_payment_fee_charged,57,16
Why are there fees for using a card?,card_payment_fee_charged,36,16
I had to pay money for paying with my card.,card_payment_fee_charged,43,16
"I'm going on holiday to France for 6 weeks with my family and the cat, Fluffy.  I just purchased €10,000 from a currency exchange to ensure we don't run short but there appears to be a fee.  What is this for?",card_payment_fee_charged,208,16
What are the reasons to be charged a fee on card payments?,card_payment_fee_charged,58,16
I paid with card and was charged a fee that shouldn't be there!,card_payment_fee_charged,63,16
Why was I charged an extra fee when paying with card?,card_payment_fee_charged,53,16
I noticed a new fee on my account. I didn't know there were fees for these payments. What is the policy?,card_payment_fee_charged,104,16
I don't understand why I was charged an additional fee for this service. Can you clarify?,card_payment_fee_charged,89,16
Why is there a fee for using my card?,card_payment_fee_charged,37,16
Why was my transaction charged an extra fee when paying with my card?,card_payment_fee_charged,69,16
"Where can I find out the fee structure for my account? I have been charged fees for some transactions, but not for other ones. I can't find a pattern in these fees.",card_payment_fee_charged,164,16
"On a card payment, why is there a fee?",card_payment_fee_charged,38,16
Why did I get charged a fee for my card payment?,card_payment_fee_charged,48,16
Why are you charging me fees for using my card?,card_payment_fee_charged,47,16
What is the extra fee that showed up on my card?,card_payment_fee_charged,48,16
Why was I charged a fee for using my card,card_payment_fee_charged,41,16
Let me know when I get charged extra for payments. I saw on the app a fee I wasn't forewarned about.,card_payment_fee_charged,100,16
I was charged a fee for using my card. Can I check that in any way? It seems like there are occasions that I am charge for fees. Can you elaborate this?,card_payment_fee_charged,152,16
I got charged a service fee on my account. Can it be waived since I didn't know about it before?,card_payment_fee_charged,96,16
I think a fee was applied for paying with a card.,card_payment_fee_charged,49,16
I'm being charged for using my card!,card_payment_fee_charged,36,16
I bought something with my card and I was charged a fee,card_payment_fee_charged,55,16
I received an extra charge for using the card. Why?,card_payment_fee_charged,51,16
Can you explain why my payment was charged a fee?,card_payment_fee_charged,49,16
Is there a fee for paying by card?,card_payment_fee_charged,34,16
Who charged me a fee for paying by card?,card_payment_fee_charged,40,16
I have a fee showing from last time I used my card.,card_payment_fee_charged,51,16
Why is this fee being charged to me after using my card?,card_payment_fee_charged,56,16
"Why wasn't it obvious that you charge for payments? If you put the fees in an easy to read format, this could have been avoided.",card_payment_fee_charged,128,16
Why am I being charged fees on some transactions but not on others? What am I missing here? I cannot find where to see the fee structure on my account. Help!,card_payment_fee_charged,157,16
I payed with the card and there was an extra fee?,card_payment_fee_charged,49,16
Is it normal to be charged an extra fee when paying with my card?,card_payment_fee_charged,65,16
Why was there a fee for paying by card?,card_payment_fee_charged,39,16
How did the extra charge on my card come in effect?,card_payment_fee_charged,51,16
Please tell me why I was charged additionally when I used the card.,card_payment_fee_charged,67,16
I made a purchase with my card and I was charged a fee for using it,card_payment_fee_charged,67,16
I was made to pay a fee for making a transaction with card.,card_payment_fee_charged,59,16
"Why, when paying with the card, was I charged an extra fee?",card_payment_fee_charged,59,16
I have never been charged a card payment fee before. Why did this change?,card_payment_fee_charged,73,16
What can i pay with out  fees,card_payment_fee_charged,29,16
Why and I being charged this fee?,card_payment_fee_charged,33,16
Why was I charged a fee? I thought shopping was free?,card_payment_fee_charged,53,16
There was an extra charge when I used my card,card_payment_fee_charged,45,16
What is this fee for card payment?,card_payment_fee_charged,34,16
I saw a fee on my app from one of my payments and I wasn't sure where it came from. Is there a way you can tell me when there's an additional fee for my payments?,card_payment_fee_charged,162,16
Why was I charged for payments? You didn't warn me about additional fees.,card_payment_fee_charged,73,16
"i have used my card online before and wasn't charged, why am i charged now",card_payment_fee_charged,74,16
"I paid with my card and got charged an extra fee, what's up with that?",card_payment_fee_charged,70,16
I used my card and there was a fee,card_payment_fee_charged,34,16
"I am tired of getting charged fees, and I have no idea why, please let me know what/when you charge fees for.",card_payment_fee_charged,109,16
Why am I getting a fee on a card payment?,card_payment_fee_charged,41,16
"Hi, I am new to this. Are there any additional fees or charges that I should be aware of? I was looking through the app and I thought I saw something in regards to fee-free allowances.",card_payment_fee_charged,184,16
I noticed that i got charged extra for using the card.,card_payment_fee_charged,54,16
I paid with a card and there is an extra charge. Why?,card_payment_fee_charged,53,16
Can you explain why I am now getting charged a fee for using my card?,card_payment_fee_charged,69,16
"There are multiple instances where you added a fee to the payment, as well as some where you didn't. Do you have an outline of when a fee will be added?",card_payment_fee_charged,152,16
I have been charged a fee that I didn't know about. Why have you charged me extra for card payments?,card_payment_fee_charged,100,16
I got a fee when paying with my card,card_payment_fee_charged,36,16
why is there a fee for a payment on my card?,card_payment_fee_charged,44,16
"When using my card I was charged a fee for doing so, why?",card_payment_fee_charged,57,16
What was I charged a fee for card payment?,card_payment_fee_charged,42,16
What is this extra fee?,card_payment_fee_charged,23,16
Why did I have to pay extra because I paid with my card?,card_payment_fee_charged,56,16
I want to see what this fee is on my card payment.,card_payment_fee_charged,50,16
Let me know when you charge extra for payments please. I just checked the app earlier when I saw that there was an additional fee on one of the payments that I wasn't warned about before.,card_payment_fee_charged,187,16
how do i avoid charges in the future,card_payment_fee_charged,36,16
An extra fee has been added to my card payment is this correct?,card_payment_fee_charged,63,16
Why was there an extra charge because I used my card to pay?,card_payment_fee_charged,60,16
Why do I have to pay extra for using my card?,card_payment_fee_charged,45,16
"Unbeknownst to me, there was an additional charge on my prior transaction. A notification of sorts should be required and explained before future payments are made.",card_payment_fee_charged,164,16
I paid with my card and was charged extra,card_payment_fee_charged,41,16
My account was charged a fee. When did you start charging extra for card payments?,card_payment_fee_charged,82,16
Explain the extra fee on my card when paying.,card_payment_fee_charged,45,16
I was charged and shouldn't have been charged when using my card!,card_payment_fee_charged,65,16
I have a fee and I don't know why,card_payment_fee_charged,33,16
I was mistakenly charged a fee for using my card.,card_payment_fee_charged,49,16
tell me why I was charged more with my card?,card_payment_fee_charged,44,16
"My card is showing a fee from when I used it, but I thought this card was supposed to be fee free?",card_payment_fee_charged,98,16
There was an extra fee when I paid with the card.,card_payment_fee_charged,49,16
I think I was wrongly charged in a recent transaction when I used my card.,card_payment_fee_charged,74,16
"I have been charged a fee, I didn't know about this fee before! When do you charge extra for card payments?",card_payment_fee_charged,107,16
I was spending cash with my card and got a fee.,card_payment_fee_charged,47,16
What are these fees i am paying?,card_payment_fee_charged,32,16
Why have I been charged a fee for card payment?,card_payment_fee_charged,47,16
How come I was charged an extra fee when paying with the card?,card_payment_fee_charged,62,16
Why is there a charged fee for debit or credit card payment?,card_payment_fee_charged,60,16
Am I getting charged for making a payment?,card_payment_fee_charged,42,16
Why do some of my payments have fees?  I don't understand.,card_payment_fee_charged,58,16
Why did I have to pay an additional amount when using my card to pay?,card_payment_fee_charged,69,16
I paid with my card and I was charged a fee,card_payment_fee_charged,43,16
There was a charge applied when I used my card.,card_payment_fee_charged,47,16
I was charged a hidden fee when I paid with card.,card_payment_fee_charged,49,16
Why does it cost more to pay with my card?,card_payment_fee_charged,42,16
Is there a place to check for fee for payments? I feel like I'm getting charged too much at times.,card_payment_fee_charged,98,16
I need to be made aware when I am being charged an extra amount for payments please. I looked over the app earlier and noticed an additional feel related to one of the payments. I was not warned about this before.,card_payment_fee_charged,213,16
Why was I charged extra when paying with card?,card_payment_fee_charged,46,16
Why am I charged a fee when using my debit or credit card?,card_payment_fee_charged,58,16
"I am getting charged fees on some payments.  Please help me understand, where are these fees disclosed?",card_payment_fee_charged,103,16
Why was the price higher when I paid with my card?,card_payment_fee_charged,50,16
I just made an order and noticed an extra fee. Why have you charged me this without informing me?,card_payment_fee_charged,97,16
I didn't know I was going to get charged to use my card.,card_payment_fee_charged,56,16
I have been charged an extra fee when buying from your store. Why is this?,card_payment_fee_charged,74,16
What is this extra fee that I got when I used my card to pay?,card_payment_fee_charged,61,16
Was I charged extra for using my card?,card_payment_fee_charged,38,16
Let me know when applying extra charges for payments. I just checked the app and saw a fee that I wasn't warned about.,card_payment_fee_charged,118,16
Why was I charged an additional fee when paying with card?,card_payment_fee_charged,58,16
Why did I get charged extra?,card_payment_fee_charged,28,16
I paid with card and I was charged a fee,card_payment_fee_charged,40,16
I made a purchase but never expected to see a fee charged for the transaction.,card_payment_fee_charged,78,16
I was charged for using my card?,card_payment_fee_charged,32,16
My card was charged more than expected.,card_payment_fee_charged,39,16
Where can I check to see if there will be a fee added to my payment? Are there specific instances that will result in a fee added?,card_payment_fee_charged,130,16
Why have i been charged a fee for using my card?,card_payment_fee_charged,48,16
Why was I charged extra using my card?,card_payment_fee_charged,38,16
How was I charged extra when I used my card to pay?,card_payment_fee_charged,51,16
When do i get charged a fee for using the card?,card_payment_fee_charged,47,16
"I see I was charged extra when I used the card.  I am not sure why, please tell me why.",card_payment_fee_charged,87,16
Why was I charged a fee for my card payment?,card_payment_fee_charged,44,16
Why was I charged an extra fee when using the card?,card_payment_fee_charged,51,16
Let me know when you charge for payments. I just checked the app and saw a fee that I wasn't warned about.,card_payment_fee_charged,106,16
What is the charge for paying with my card?,card_payment_fee_charged,43,16
I paid with my card and ended up being charged a fee.,card_payment_fee_charged,53,16
Why is there a fee on a card payment?,card_payment_fee_charged,37,16
I was unaware of the additional charge that was added onto my previous payment. A notification of extra charges would be appreciated in the future.,card_payment_fee_charged,147,16
I don't think I should have been charged a fee to use my card.,card_payment_fee_charged,62,16
A fee that shouldn't be there is there after using my card!,card_payment_fee_charged,59,16
"How do I see what fees I am supposed to be charged on my account? I've noticed fees on some transactions, but not on others. This is very confusing and I cannot find a pattern to what I am being charged?",card_payment_fee_charged,203,16
Why am I getting charged more for using my card?,card_payment_fee_charged,48,16
I see a fee that I think was charged because I paid by card.,card_payment_fee_charged,60,16
What are the fees imposed when I make a transaction?,card_payment_fee_charged,52,16
What was the extra charge for using my card?,card_payment_fee_charged,44,16
Why was a fee added to my bill when I used my card?,card_payment_fee_charged,51,16
Please tell my why I was charged a fee for using my card?,card_payment_fee_charged,57,16
How can I check how much free spending I have left? I have some big purchases coming up and want to know where I can look for any info.,card_payment_fee_charged,135,16
I was charged a fee when buying stuff with my card.,card_payment_fee_charged,51,16
I was charged an additional amount of money for making a purchase with my card,card_payment_fee_charged,78,16
What is the fee charged for using my card?,card_payment_fee_charged,42,16
I just saw a fee on my account. When do these get charged?,card_payment_fee_charged,58,16
Is it normal to get charged extra when i use my card?,card_payment_fee_charged,53,16
This fee shouldn't be there after I paid with a card.,card_payment_fee_charged,53,16
Why am I charged an extra fee on my card?,card_payment_fee_charged,41,16
Why did I get charged more for using my card?,card_payment_fee_charged,45,16
I recently bought an item using my card and I was charged an extra fee why is this?,card_payment_fee_charged,83,16
I am angry that I got charged for using my card.,card_payment_fee_charged,48,16
I wanted to know why i got an additional fee when i use my card.,card_payment_fee_charged,64,16
"Is there a fee for making a payment? If so, let me know why.",card_payment_fee_charged,60,16
Please tell me why I would have to pay a fee for a recent payment. Thanks.,card_payment_fee_charged,74,16
Why was I charged a fee for debit or credit card payment?,card_payment_fee_charged,57,16
Why was an extra charge added when I used my card?,card_payment_fee_charged,50,16
Why have I been charged a small fee to use my card?,card_payment_fee_charged,51,16
I was charged an extra fee for a card payment. I was unaware of these fees beforehand.,card_payment_fee_charged,86,16
Why is there a fee associated with card use?,card_payment_fee_charged,44,16
What is this fee showing up in my account for?,card_payment_fee_charged,46,16
I got charged for with a fee for paying with my card.,card_payment_fee_charged,53,16
Why am I being charged a fee on a card payment?,card_payment_fee_charged,47,16
Is there a  way to  get around fees,card_payment_fee_charged,35,16
I noticed an extra fee when I paid with my card.,card_payment_fee_charged,48,16
You advertise no fee when paying with a card then my statement shows a fee.,card_payment_fee_charged,75,16
"There was an extra fee when I paid with my card, why was i charged this extra fee?",card_payment_fee_charged,82,16
Why was there an additional fee on the payment I just made? I don't usually have additional fees applied to my payments.,card_payment_fee_charged,120,16
what is this extra charge with my purchase?,card_payment_fee_charged,43,16
Hello! I randomly got charged an extra fee today as i was shopping online and i have no idea why! Are there extra fees for card payments? Or am i missing something here?,card_payment_fee_charged,169,16
Please explain the extra fee when I paid with the card.,card_payment_fee_charged,55,16
When do you charge fees on accounts? I just saw a charge on my statement.,card_payment_fee_charged,73,16
After I used my card I saw I was charged a fee for using it,card_payment_fee_charged,59,16
Is there an allowance on cards?,card_payment_fee_charged,31,16
Why am I being charged a hidden fee?,card_payment_fee_charged,36,16
Can you explain why I was charged extra when I used the card?,card_payment_fee_charged,61,16
Why did I get charged a fee on my card?,card_payment_fee_charged,39,16
Do you have charges now when you pay with a card?,card_payment_fee_charged,49,16
What is the extra fee that was added when I used the card?,card_payment_fee_charged,58,16
Why am I charged a fee for using my card on some purchases?,card_payment_fee_charged,59,16
Why am I being charged a fee for using my card? If there is some print out of places that charge me can you please send me that?,card_payment_fee_charged,128,16
How can I tell if there will be a fee added to my payment or not?,card_payment_fee_charged,65,16
You promised no fees but now I've got one. What the hell!?,card_payment_fee_charged,58,16
How do I know which payments I make will have additional fees? Where can I find this information online?,card_payment_fee_charged,104,16
I am worried that too much time has gone by for a transfer to be completed.,transfer_not_received_by_recipient,75,66
What is the time frame that it usually takes for a transfer to come through? I have a friend needing it immediately but it has yet to come through.,transfer_not_received_by_recipient,147,66
My money transaction can't be seen by the person I sent it to,transfer_not_received_by_recipient,61,66
"How long does it typically take a transfer to go through?  I sent some money to a friend earlier today, and she really needs it.  It still is a pending transfer, even though I sent it a few hours ago.",transfer_not_received_by_recipient,200,66
"I have done a transfer within the country the day before yesterday, but it's still not there yet. Can you please check what's going on with that, the account number definitely is the right one, I've checked that already.",transfer_not_received_by_recipient,220,66
"I have done a transfer within the country the day before yesterday, but it's still not there yet. Can you please check what's going on with that, the account number is the right one, I've checked that several times already.",transfer_not_received_by_recipient,223,66
My money transaction hasn't arrived.,transfer_not_received_by_recipient,36,66
I sent money to a person and they haven't received the payment yet.,transfer_not_received_by_recipient,67,66
I do not know where the transaction is.,transfer_not_received_by_recipient,39,66
I transferred money but the recipient does not see the funds in their account?,transfer_not_received_by_recipient,78,66
why hasn't a transaction to a friend cleared yet?,transfer_not_received_by_recipient,49,66
The app isn't showing my transactions,transfer_not_received_by_recipient,37,66
Why isn't the recipient seeing the transaction? I just sent the money.,transfer_not_received_by_recipient,70,66
I transferred money and it didn't get there.,transfer_not_received_by_recipient,44,66
Is there a reason why a recipient might not see my money transaction,transfer_not_received_by_recipient,68,66
I don't see the transaction I made to a friend on my account.,transfer_not_received_by_recipient,61,66
why has a transaction to a friend been delayed?,transfer_not_received_by_recipient,47,66
"A transaction I did to my friend hasn't arrived yet, why?",transfer_not_received_by_recipient,57,66
Where is my last money transaction,transfer_not_received_by_recipient,34,66
I am having an issue with an in country transfer I did a few days ago. It has yet to appear in my account. I have checked to be sure that all account information is correct multiple times. What is taking the transfer so long?,transfer_not_received_by_recipient,225,66
I made a transfer the day before yesterday within this country. It is still not showing up at all. I have double-checked and the account number is certainly right. I've actually type this multiple times. can you look into what is going on here?,transfer_not_received_by_recipient,244,66
How much time do transfers typically take? I sent money to a friend who needs it urgently. It's been hours and has not gone through.,transfer_not_received_by_recipient,132,66
A transaction to a friend still hasn't shown up.,transfer_not_received_by_recipient,48,66
I sent money and the recipient has not received their money after two weeks.,transfer_not_received_by_recipient,76,66
How long will it take for my transfer to arrive?,transfer_not_received_by_recipient,48,66
Why did the funds not transfer to another recipient?,transfer_not_received_by_recipient,52,66
I sent a payment but it isn't showing up in the app,transfer_not_received_by_recipient,51,66
I tried to transfer some money and it hasn't done it yet - what's going on?,transfer_not_received_by_recipient,75,66
I made a transfer and they haven't received the money I sent them.,transfer_not_received_by_recipient,66,66
"how long does it take to transfer money, my retailer is waiting",transfer_not_received_by_recipient,63,66
"I sent money to someone but they haven't gotten it, what's going on?",transfer_not_received_by_recipient,68,66
"How long does it take for transfers to process?  I sent funds to a friend, and she says that she has not yet received anything.",transfer_not_received_by_recipient,127,66
Why hasn't the transaction I did to my friend arrive yet?,transfer_not_received_by_recipient,57,66
I sent money about 5 days ago and the recipient has not received the money yet.,transfer_not_received_by_recipient,79,66
I am just waiting on the completion of the transaction.,transfer_not_received_by_recipient,55,66
My cash transaction isn't showing on my account,transfer_not_received_by_recipient,47,66
Why hasn't my transaction arrived?,transfer_not_received_by_recipient,34,66
When are you going to transfer the money?,transfer_not_received_by_recipient,41,66
"I have moved to a new house and set up a rent payment to my landlord, it was supposed to be in her account a few days ago but it hasn't arrived.  I definitely sent it to the right place, can you confirm where the money is?",transfer_not_received_by_recipient,222,66
I need to check status as my friend hasn't got money I sent.,transfer_not_received_by_recipient,60,66
How long do transfers typically take? Is there a way of speeding the process up? My friend needs the money I sent her desperately.,transfer_not_received_by_recipient,130,66
wheres my money receipt,transfer_not_received_by_recipient,23,66
Money is not in recipients account.,transfer_not_received_by_recipient,35,66
How long does it take for money to transfer?  I sent some to a friend and it hasn't gone through yet.,transfer_not_received_by_recipient,101,66
Why hasn't the transaction I did to my friend arrived yet?,transfer_not_received_by_recipient,58,66
"How much time do transfers take? I sent money to a friend who needs it fast. It's been hours, and the money has not gone through.",transfer_not_received_by_recipient,129,66
"How long should a transfer normally take to process completely? I have a friend that needs it right away, but it's already been 2 hours and she hasn't received it.",transfer_not_received_by_recipient,163,66
My friend says he hasn't received my transaction,transfer_not_received_by_recipient,48,66
What is the length of a transaction completion?,transfer_not_received_by_recipient,47,66
I transferred some cash and it has not arrived yet.,transfer_not_received_by_recipient,51,66
I need to transfer some money to a friend who is in urgent need of some fast cash. How long will it take before she can use that money?,transfer_not_received_by_recipient,135,66
Two days ago I did a transfer to another account within the country.  It doesn't appear the transfer went through.  I have verified the account number several times.  Could you please check on this for me?,transfer_not_received_by_recipient,205,66
Where did the money transfer go?,transfer_not_received_by_recipient,32,66
When will the transaction be done?,transfer_not_received_by_recipient,34,66
I transferred some money to my mom 2 days ago and she has not received it. I double checked the information and it looks right. Can you help me?,transfer_not_received_by_recipient,144,66
Why is it taking so long for a transfer to complete!,transfer_not_received_by_recipient,52,66
Why is my transfer taking so long to complete?,transfer_not_received_by_recipient,46,66
I am just waiting for the transaction to be completed.,transfer_not_received_by_recipient,54,66
How long do I have  to wait for my transaction to be completed?,transfer_not_received_by_recipient,63,66
I did a money transaction and the recipient doesn't see it,transfer_not_received_by_recipient,58,66
Why hasn't my friend received the money i sent them yet?,transfer_not_received_by_recipient,56,66
I sent money for my rent to my landlord but she is claiming it hasn't arrived in her account  Can you trace the transfer I made to make sure it arrived so I can provide proof I sent it and that it has been deposited?,transfer_not_received_by_recipient,216,66
Why didn't my friend's transaction arrive yet?,transfer_not_received_by_recipient,46,66
Still waiting for transfer to be completed.,transfer_not_received_by_recipient,43,66
I transferred some money but it is not here yet,transfer_not_received_by_recipient,47,66
What do I do if I completed a money transfer but the recipient hasn't received it?,transfer_not_received_by_recipient,82,66
"I have done a transfer within the country a couple days ago, but it's still not there yet. Can you please check what's going on with that, the account number definitely is the right one, I've checked that several times already.",transfer_not_received_by_recipient,227,66
I'm still waiting for my transaction.,transfer_not_received_by_recipient,37,66
Why hasn't a transaction I did to my friend arrived yet?,transfer_not_received_by_recipient,56,66
I set up a payment to a new payee and sent some money but the person I'm sending it to has not received it.  Can you check where the money is?,transfer_not_received_by_recipient,142,66
My new landlord says he hasn't received the rent payment that I transferred a couple days ago. I've already checked the account numbers and they are correct. Can you tell me what's going on with this transaction that the transfer isn't showing up on my landlord's end?,transfer_not_received_by_recipient,268,66
"I can't see if the transfer I did a couple days ago is in my account yet. I double checked my info before sending, too. Can you check this?",transfer_not_received_by_recipient,139,66
My transfer has not arrived.,transfer_not_received_by_recipient,28,66
How long does it take for the transfer to go through?,transfer_not_received_by_recipient,53,66
What happens when I money transaction doesn't show up on the receiving side?,transfer_not_received_by_recipient,76,66
"I'm trying to make a payment to my new landlord. Even though the payment was sent a few days ago, it isn't clearing on their side. Can you verify that payment has been made?",transfer_not_received_by_recipient,173,66
"i've waited 2 days for a transfer to reach a retailers account, am i going to have to wait longer.",transfer_not_received_by_recipient,98,66
my friend has not got the money I sent last week.,transfer_not_received_by_recipient,49,66
Why can't the person I sent the money transfer to see it?,transfer_not_received_by_recipient,57,66
The money has not yet been placed in recipients account.,transfer_not_received_by_recipient,56,66
I'm getting concerned here.  I sent a friend some money and she isn't seeing it.  What's going on?,transfer_not_received_by_recipient,98,66
I completed I transfer the day before yesterday in this country. The transfer still is not complete. I've checked on the account number multiple times to make sure that it is the right one. Can you check to see what's going on with this?,transfer_not_received_by_recipient,237,66
"I made a transfer for my rent payment about 2 days ago, but my landlord hasn't received it yet. It shows as done on my  side, and I've double check all account numbers and they are correct. Can you verify that the transaction was actually made?",transfer_not_received_by_recipient,244,66
Why hasn't arrived yet a transaction I did to my friend?,transfer_not_received_by_recipient,56,66
I'm waiting for my transaction to complete.,transfer_not_received_by_recipient,43,66
Why hasn't my friend received the transaction?,transfer_not_received_by_recipient,46,66
I transferred money and it hasn't come yet,transfer_not_received_by_recipient,42,66
Why hasn't my son received the transfer I sent to him earlier?,transfer_not_received_by_recipient,62,66
How long do money transfers take? My friend really needs the money i sent a couple of hours ago but it's not there yet.,transfer_not_received_by_recipient,119,66
Why hasn't the money transfer arrived yet?,transfer_not_received_by_recipient,42,66
I have not received the completed transaction.,transfer_not_received_by_recipient,46,66
how long does it take for a transfer to arrive,transfer_not_received_by_recipient,46,66
How come my money hasn't shown up yet?,transfer_not_received_by_recipient,38,66
"Hello, a few days ago I transferred my rent check to my landlord, however, he is saying that it has not gone though. On my end everything looks fine and I double checked the account number. Is there anything else that could be holding up the check?",transfer_not_received_by_recipient,248,66
Why can't the recepient of my money transaction see it?,transfer_not_received_by_recipient,55,66
The recipient doesn't see the money transaction I made,transfer_not_received_by_recipient,54,66
How long will my transaction take?,transfer_not_received_by_recipient,34,66
How long should it take for a transfer to go through? I have been waiting a while.,transfer_not_received_by_recipient,82,66
"i accidentally entered in my retailers information, what should i do next",transfer_not_received_by_recipient,73,66
I transferred some cash and it didn't arrive,transfer_not_received_by_recipient,44,66
where has my transferred money gone?,transfer_not_received_by_recipient,36,66
I tried doing an in country transfer earlier this week. I thought it would be there by now but I still don't see the money. Can you check the status on my transfer?,transfer_not_received_by_recipient,164,66
Is there a reason a payment is showing complete on my side but the person who is receiving it has not gotten it?,transfer_not_received_by_recipient,112,66
I've checked multiple times to make sure the account number listed is the right one after attempting to make a transfer within the country the day before yesterday. The transfer is still not available so can you please find out what is going on?,transfer_not_received_by_recipient,245,66
I transferred some money but it hasn't arrived.,transfer_not_received_by_recipient,47,66
Why is my transaction taking so long to complete?,transfer_not_received_by_recipient,49,66
My transfer isn't in,transfer_not_received_by_recipient,20,66
I sent money to my family last Friday but they don't have it.,transfer_not_received_by_recipient,61,66
When will I get my money? It's been too long.,transfer_not_received_by_recipient,45,66
Why didn't my transfer get to the recipient?,transfer_not_received_by_recipient,44,66
I haven't received money from a transfer?,transfer_not_received_by_recipient,41,66
"I transferred a payment a couple days ago and it shows done, but it has not been received.  Could you please help me?",transfer_not_received_by_recipient,117,66
I payed my rent to my landlord a few days ago and he is saying the it never went though. Everything looks good to me and I even double checked the account number. I don't know what could be causing the confusion. Can you help me please?,transfer_not_received_by_recipient,236,66
My transaction has not been received. When are you going to process it?,transfer_not_received_by_recipient,71,66
"Hi, I sent my landlord my rent money a few days ago and while everything seems good on my end he says that he never got the money. I double checked the account number and it's correct. Can you help me figure this out?",transfer_not_received_by_recipient,217,66
My cash transaction isn't showing on my receipt,transfer_not_received_by_recipient,47,66
My transfer hasn't arrived,transfer_not_received_by_recipient,26,66
I did a money transaction and dont have a receipt,transfer_not_received_by_recipient,49,66
I have a friend who needs money as soon as possibly. If I were to transfer it how long will it take to get to her?,transfer_not_received_by_recipient,114,66
Why hasn't my friend's transaction arrive yet?,transfer_not_received_by_recipient,46,66
Hi - I have made a transaction to my new landlord but unfortunately it shows on my end but not on the landlord's end. The numbers are correct. Can you confirm when that will go through?,transfer_not_received_by_recipient,185,66
I sent money to someone but they haven't gotten it yet,transfer_not_received_by_recipient,54,66
How long will it take to receive my money from my transfer transaction?,transfer_not_received_by_recipient,71,66
My transfer didn't arrive to the recipient,transfer_not_received_by_recipient,42,66
Recipient has not received the money,transfer_not_received_by_recipient,36,66
The recipient can not locate funds.,transfer_not_received_by_recipient,35,66
Why has my transfer not arrived yet?,transfer_not_received_by_recipient,36,66
My new landlord is a lier and is trying to rip me off by saying I've not paid my rent when I have paid my rent.  What is going on?  They say the money hasn't got to them but I see it going out of my account.  Can you check that the money went to the right place?,transfer_not_received_by_recipient,262,66
I made a transfer to my friend earlier and she hasn't received it yet.  What's the hold up?,transfer_not_received_by_recipient,91,66
"|I moved out of my old house two weeks ago and cancelled my direct debit to my old landlord, this direct debit was working fine.  Now I've moved in to a new place and set up a transfer to a new landlord but it's not reached her yet, can you check it please?",transfer_not_received_by_recipient,257,66
Why is the transaction to my friend still pending?,transfer_not_received_by_recipient,50,66
"The day before yesterday, I performed a transfer within the country. It still has not completed. Can you check on that? The account number is definitely correct, as I've checked.",transfer_not_received_by_recipient,178,66
"I have checked the account information several times to be sure that it is correct, but the in country transfer I did a few days ago still has not appeared! What is the hold up?",transfer_not_received_by_recipient,177,66
"I performed a transfer within the country the day before yesterday, but it has not gone through? Can you check on that? The account number is definitely correct, as I've checked.",transfer_not_received_by_recipient,178,66
The day before yesterday I transferred funds to another account within the country.  The funds have not yet arrived.  I double and triple checked the account number and it was correct.  Why hasn't the transfer been completed yet?,transfer_not_received_by_recipient,229,66
Why doesn't the person I sent money to see that transfer yet?,transfer_not_received_by_recipient,61,66
"How long does it take for transfers to be approved?  I sent funds to my girlfriend, and she says that she has not seen any approved funds in her account.",transfer_not_received_by_recipient,153,66
How long will it be  before the person I sent money to is able to see it?,transfer_not_received_by_recipient,73,66
I'm still awaiting for the completion of the transaction.,transfer_not_received_by_recipient,57,66
What is the time for a transfer?,transfer_not_received_by_recipient,32,66
I dont see my reciept,transfer_not_received_by_recipient,21,66
Why hasn't my transaction been completed?,transfer_not_received_by_recipient,41,66
I sent some money and the account hasn't recived the transfer I made.,transfer_not_received_by_recipient,69,66
I'm still expecting the transaction to be finished,transfer_not_received_by_recipient,50,66
I transferred some money to a friend of mine who urgently needs some money right now. How long will it take to get to her?,transfer_not_received_by_recipient,122,66
"I sent a payment, but the person I sent it to says they don't have it",transfer_not_received_by_recipient,69,66
"I have done a transfer within the country the day before yesterday, but it's still not there yet. Can you please check what's going on with that, the account number definitely is the right one, I've checked that several times already.",transfer_not_received_by_recipient,234,66
"I need to verify a payment to my new landlord. I transferred the first rent payment a few days ago. While it shows on my side, the landlord is saying he hasn't received it yet. Can you verify that it has processed?",transfer_not_received_by_recipient,214,66
"I've been waiting since Friday, where is my money?",transfer_not_received_by_recipient,50,66
I sent some money but the intended recipient says it hasn't arrived,transfer_not_received_by_recipient,67,66
Could you please help me?  I made my rent payment and have double checked that I sent it to the right account.  The person receiving it says he has not received it but it shows complete on my side.,transfer_not_received_by_recipient,197,66
I just did a money transaction but its not showing they received it,transfer_not_received_by_recipient,67,66
Why hasn't my transaction arrived to my friend yet?,transfer_not_received_by_recipient,51,66
"I just transferred my friend money, but she hasn't received it yet, and it's been a few hours. Can you tell me when to expect it to go through?",transfer_not_received_by_recipient,143,66
How long will my most recent transfer take to go through? The recipient needs the money urgently.,transfer_not_received_by_recipient,97,66
My recipient hasn't received the money,transfer_not_received_by_recipient,38,66
when will my transfer arrive,transfer_not_received_by_recipient,28,66
I just sent money but the person I sent it to doesn't see it. What happened?,transfer_not_received_by_recipient,76,66
Why hasn't my transaction completed?,transfer_not_received_by_recipient,36,66
Why hasn't the transaction I did arrive yet?,transfer_not_received_by_recipient,44,66
Why isn't the transfer I made to a friend showing?,transfer_not_received_by_recipient,50,66
Why is my friend not getting a transaction arrival yet?,transfer_not_received_by_recipient,55,66
How long will a transaction to a friend take?,transfer_not_received_by_recipient,45,66
Why hasn't my in country transfer gone through yet? I confirmed the account info a couple days ago but the payment hasn't been posted yet.,transfer_not_received_by_recipient,138,66
"I completed a transfer within the UK two days ago, but it is still not showing received.  I have verified the account number is correct already.  Is there anything else I need to do or is there a problem?",transfer_not_received_by_recipient,204,66
How can I the person see my money transaction?,transfer_not_received_by_recipient,46,66
I sent a transfer to a friend that needs it urgently. It has already been 2 hours and still hasn't come through to her. How long does it normally take?,transfer_not_received_by_recipient,151,66
the money i transferred didnt arrive,transfer_not_received_by_recipient,36,66
Why is my transfer taking so long. I thought it was supposed to only take 1 day if I made a transfer to someone. Can you wee what went wrong?,transfer_not_received_by_recipient,141,66
"I sent some money to somebody a couple of hours ago, and they still have yet to receive it.  They really need the money, how much longer are they going to have to wait?",transfer_not_received_by_recipient,168,66
How long do transfers take? I sent money to a friend who needs it urgently. It's been hours and has not gone through.,transfer_not_received_by_recipient,117,66
How do I use American express to top up my account?,supported_cards_and_currencies,51,54
Which currencies do you accept for adding money?,supported_cards_and_currencies,48,54
Is my credit card supported for top-ups?,supported_cards_and_currencies,40,54
Am I able to add money into my account using my American Express?,supported_cards_and_currencies,65,54
Can I use my American Express card to add money into my account?,supported_cards_and_currencies,64,54
Can you tell me what currencies I can use to add money?,supported_cards_and_currencies,55,54
I want to use my American Express for adding money into my account.,supported_cards_and_currencies,67,54
With what currencies can I add money?,supported_cards_and_currencies,37,54
What are the acceptable currencies for adding funds?,supported_cards_and_currencies,52,54
how can i transfer money from american express card,supported_cards_and_currencies,51,54
what cards and currencies are accepted?,supported_cards_and_currencies,39,54
How can I top up my card with another card?,supported_cards_and_currencies,43,54
use my credit to add money,supported_cards_and_currencies,26,54
What types of currencies do you accept?,supported_cards_and_currencies,39,54
Do you accept any card and currency?,supported_cards_and_currencies,36,54
can i use my mastercard to add money to my account,supported_cards_and_currencies,50,54
What types of cards and money do you accept?,supported_cards_and_currencies,44,54
How can I fund another account with my American Express?,supported_cards_and_currencies,56,54
What currencies do you accept to add money?,supported_cards_and_currencies,43,54
How can I top up my account and which currency can I use?,supported_cards_and_currencies,57,54
Will my other US credit card be accepted?,supported_cards_and_currencies,41,54
can i top up from a usa credit card,supported_cards_and_currencies,35,54
How can I get funds into my account from my American Express?,supported_cards_and_currencies,61,54
Which cards and currencies are supported?,supported_cards_and_currencies,41,54
What are the currencies and cards that are supported with my account?,supported_cards_and_currencies,69,54
What currency can I use to add money?,supported_cards_and_currencies,37,54
Can I use a credit card from the US to top up?,supported_cards_and_currencies,46,54
why don't you accept american express for adding money to my account,supported_cards_and_currencies,68,54
Can you tell me what cards and currencies you support?,supported_cards_and_currencies,54,54
Which foreign currencies do you accept for adding money?,supported_cards_and_currencies,56,54
I only have one other credit card from the US. Do you accept that?,supported_cards_and_currencies,66,54
What currencies are approved to add money?,supported_cards_and_currencies,42,54
I wish to use my American Express to put funds into my account.,supported_cards_and_currencies,63,54
I have another card from the U.S. Will you be able to accept that one?,supported_cards_and_currencies,70,54
I want to use a payment card to top up my account. How can I do this?,supported_cards_and_currencies,69,54
Can I use American Express?,supported_cards_and_currencies,27,54
I'd prefer to use my American Express when putting funds into my account.,supported_cards_and_currencies,73,54
What currencies can I use?,supported_cards_and_currencies,26,54
what cards can i use to add money to my account,supported_cards_and_currencies,47,54
What currencies and methods can i use to top up my account?,supported_cards_and_currencies,59,54
Is American Express supported for adding funds?,supported_cards_and_currencies,47,54
Do you accept credit cards from the US,supported_cards_and_currencies,38,54
Can you accept my other card from the U.S.?  It is the only other one I have.,supported_cards_and_currencies,77,54
Do you accept Mastercard?,supported_cards_and_currencies,25,54
"I am adding money, what currencies do you accept to do this?",supported_cards_and_currencies,60,54
Which currencies do you handle?,supported_cards_and_currencies,31,54
what currencies can i use to add money to my account,supported_cards_and_currencies,52,54
Are there certain cards and currencies you support?,supported_cards_and_currencies,51,54
why wont my american express work to add money,supported_cards_and_currencies,46,54
Which currencies can I use to add money?,supported_cards_and_currencies,40,54
Can I use any card and currency?,supported_cards_and_currencies,32,54
What kind of cards are supported?  What currency?,supported_cards_and_currencies,49,54
What US cards do you accept?  I only have 1 other.,supported_cards_and_currencies,50,54
I have a second credit card from the US. Will you take it?,supported_cards_and_currencies,58,54
What cards do you accept to top up my account?,supported_cards_and_currencies,46,54
What currencies do you accept for adding money?,supported_cards_and_currencies,47,54
Can I top off with a debit card?,supported_cards_and_currencies,32,54
"I want to deposit funds, what payments are accepted?",supported_cards_and_currencies,52,54
Are cards from the US accepted?,supported_cards_and_currencies,31,54
I'd like to use my American Express to place money into my account.,supported_cards_and_currencies,67,54
Please let me know what currency I can use to top up my account?,supported_cards_and_currencies,64,54
Do you accept all cards and currencies?,supported_cards_and_currencies,39,54
I have one other credit card from the US. Do you take that?,supported_cards_and_currencies,59,54
Which credit card top-ups do you accept?,supported_cards_and_currencies,40,54
"If I top up by card, what options do I have re: currency and card type?",supported_cards_and_currencies,71,54
What currencies are accepted to add money?,supported_cards_and_currencies,42,54
"I want to add money to my card, what payments do you accept?",supported_cards_and_currencies,60,54
What are my payment options?,supported_cards_and_currencies,28,54
Can I electronically transfer funds into my account from my American Express?,supported_cards_and_currencies,77,54
Can I top up my card with other cards?,supported_cards_and_currencies,38,54
I have one other credit card from the US. Do you take it?,supported_cards_and_currencies,57,54
Am I able to use my American Express to add money to my account balance?,supported_cards_and_currencies,72,54
What are the cards and currencies that you support?,supported_cards_and_currencies,51,54
What US credit cards do you accept?,supported_cards_and_currencies,35,54
What currencies do you accept for adding money to my account?,supported_cards_and_currencies,61,54
I have an American Express that I'd like to add money to my account with.,supported_cards_and_currencies,73,54
What forms of payment do you accept?,supported_cards_and_currencies,36,54
What type of card can I use to top up?,supported_cards_and_currencies,38,54
Do you have a list of cards and currencies you support?,supported_cards_and_currencies,55,54
"I want to top up by using a credit card, which ones do you support?",supported_cards_and_currencies,67,54
"I have a US credit card, will you accept it?",supported_cards_and_currencies,44,54
What currencies and cards do you support?,supported_cards_and_currencies,41,54
how do i add money from my amex card to top up,supported_cards_and_currencies,46,54
What cards and currencies can I use to top up my account?,supported_cards_and_currencies,57,54
Will you accept my credit card?,supported_cards_and_currencies,31,54
"Will you accept my credit card, it my only one.",supported_cards_and_currencies,47,54
"If I want to add funds to the account using American Express, how do I do that?",supported_cards_and_currencies,79,54
I just have one additional card from the USA. Do you support that?,supported_cards_and_currencies,66,54
Why doesn't it work when I use American Express to try to add money to my account?,supported_cards_and_currencies,82,54
Which cards are accepted for topping up?,supported_cards_and_currencies,40,54
What kinds of cards can I use to top up?,supported_cards_and_currencies,40,54
Help me use American Express to add money to the account.,supported_cards_and_currencies,57,54
What cards and currencies can I use?,supported_cards_and_currencies,36,54
What currency is acceptable for a top up?,supported_cards_and_currencies,41,54
What other credit cards can I use?,supported_cards_and_currencies,34,54
What payment methods are used to top up?,supported_cards_and_currencies,40,54
how can i add money from my amex card,supported_cards_and_currencies,37,54
I only have a card from the US is that okay?,supported_cards_and_currencies,44,54
Is American Express accepted?,supported_cards_and_currencies,29,54
Which currencies do you work with?,supported_cards_and_currencies,34,54
Can I use this app for any currency?,supported_cards_and_currencies,36,54
"For adding money, which currencies do you accept?",supported_cards_and_currencies,49,54
How can I pay for top-ups?,supported_cards_and_currencies,26,54
Is American Express supported for adding money into my account?,supported_cards_and_currencies,63,54
Can you tell me which cards and currencies are supported?,supported_cards_and_currencies,57,54
"I would like to top up via credit card, which credit cards do you support?",supported_cards_and_currencies,74,54
"I only have one more US credit card, is it accepted?",supported_cards_and_currencies,52,54
"If I want to topup by card, how do I do it?",supported_cards_and_currencies,43,54
"I want to know which currencies and cards are supported, can you provide a list?",supported_cards_and_currencies,80,54
"I want to top up by card, what do you support?",supported_cards_and_currencies,46,54
can i add funds  with a card from the united states,supported_cards_and_currencies,51,54
I want to top up my account. What payment methods are supported?,supported_cards_and_currencies,64,54
How can I use my American Express to add money into my account?,supported_cards_and_currencies,63,54
What card or currency can I use to pay?,supported_cards_and_currencies,39,54
My card wants to be topped what do you guys support?,supported_cards_and_currencies,52,54
do you accept from usa credit card?,supported_cards_and_currencies,35,54
What currency can I use to pay for a top up?,supported_cards_and_currencies,44,54
Do you have a list of the cards and currencies supported?,supported_cards_and_currencies,57,54
What are the various currencies and cards that you offer support for?,supported_cards_and_currencies,69,54
What currencies can be used for top up?,supported_cards_and_currencies,39,54
"Do I have to top up in euros if I use a card, or can I use a different currency?",supported_cards_and_currencies,80,54
What cards do you support,supported_cards_and_currencies,25,54
What are the currencies that are accepted to add money?,supported_cards_and_currencies,55,54
What kind of cards an currency do you support?,supported_cards_and_currencies,46,54
Which cards do you support for top up?,supported_cards_and_currencies,38,54
"Top up my card please, which y'all support?",supported_cards_and_currencies,43,54
Do you accept US credit cards?,supported_cards_and_currencies,30,54
I need to know if you will accept my credit card.,supported_cards_and_currencies,49,54
I want to add funds to my account. What payment methods are accepted?,supported_cards_and_currencies,69,54
"I would like to order a virtual card, where can I get one?",getting_virtual_card,58,41
"I need to order a new virtual card, how do I do that?",getting_virtual_card,53,41
How can I sign up for a virtual card?,getting_virtual_card,37,41
I haven't received my virtual card yet!!,getting_virtual_card,40,41
Can you give me a virtual card?,getting_virtual_card,31,41
I want to get my hands on one of those virtual cards!,getting_virtual_card,53,41
i need a virtual card,getting_virtual_card,21,41
How do I get to the virtual cards?,getting_virtual_card,34,41
want to know how to get virtual card,getting_virtual_card,36,41
Where is my virtual card?,getting_virtual_card,25,41
Where are the virtual cards?,getting_virtual_card,28,41
Is it possible to order a virtual card?,getting_virtual_card,39,41
how to i go about getting my virtual card,getting_virtual_card,41,41
I don't have a virtual card - how do I get one?,getting_virtual_card,47,41
How to receive virtual card?,getting_virtual_card,28,41
Why haven't I gotten a virtual card yet?,getting_virtual_card,40,41
Where do I order a virtual card?,getting_virtual_card,32,41
Can i have a virtual card?,getting_virtual_card,26,41
Please explain to me the process of getting a virtual card.,getting_virtual_card,59,41
my virtual card has not came yet!,getting_virtual_card,33,41
Which part of the app do I order virtual cards from?,getting_virtual_card,52,41
Where do I have access to a virtual card?,getting_virtual_card,41,41
How to order a virtual card,getting_virtual_card,27,41
Where do I get a virtual card?,getting_virtual_card,30,41
Why haven't I been given a virtual card yet?,getting_virtual_card,44,41
Can you help me find the virtual card?,getting_virtual_card,38,41
How do I go about getting hold of a virtual card?,getting_virtual_card,49,41
Where's my virtual card,getting_virtual_card,23,41
How can I go about ordering a virtual card?,getting_virtual_card,43,41
Where can i find the virtual card?,getting_virtual_card,34,41
"I'd rather not use my physical card, how can I get a virtual card?",getting_virtual_card,66,41
What do I have to do to get my virtual card?,getting_virtual_card,44,41
can i use my app to get a virtual card,getting_virtual_card,38,41
How can I obtain a virtual card?,getting_virtual_card,32,41
I'm interested in getting a virtual card.  How do I get one?,getting_virtual_card,60,41
What is the way to go about getting a virtual card?,getting_virtual_card,51,41
How can I receive a virtual card?,getting_virtual_card,33,41
When will my virtual card arrive?,getting_virtual_card,33,41
How do I get my virtual card?,getting_virtual_card,29,41
how to get virtual card,getting_virtual_card,23,41
What is the best way to get my virtual card?,getting_virtual_card,44,41
"I need to make a purchase online, where is my virtual card?",getting_virtual_card,59,41
I look but I see no virtual card. Why is that?,getting_virtual_card,46,41
"Hello, what is a virtual card and how do I get one?",getting_virtual_card,51,41
How come I did not get a virtual card yet?,getting_virtual_card,42,41
"how many virtual cards can i have, i want 8",getting_virtual_card,43,41
How do I get a virtual card on my device?,getting_virtual_card,41,41
How do I access the virtual card?,getting_virtual_card,33,41
I'd like more info on getting a virtual card.,getting_virtual_card,45,41
Do I get to have one of those virtual cards I've heard about?,getting_virtual_card,61,41
where can i have a virtual card,getting_virtual_card,31,41
I would love one of the virtual cards!,getting_virtual_card,38,41
I would like to order a virtual card.,getting_virtual_card,37,41
I have yet to receive my virtual card,getting_virtual_card,37,41
How long will it take to receive a virtual card?,getting_virtual_card,48,41
Why have I not received a virtual card yet?,getting_virtual_card,43,41
I can't find the virtual card,getting_virtual_card,29,41
Can you assist me in acquiring a virtual card?,getting_virtual_card,46,41
I want one of the virtual cards!,getting_virtual_card,32,41
How come I didn't get a virtual card yet?,getting_virtual_card,41,41
And do you have virtual cards instead of physical ones?,getting_virtual_card,55,41
How do I go about getting a virtual card?,getting_virtual_card,41,41
When will I get a virtual card? I haven't gotten one yet,getting_virtual_card,56,41
Where can I order my virtual card?,getting_virtual_card,34,41
Where can virtual cards be ordered?,getting_virtual_card,35,41
How can I locate the virtual card?,getting_virtual_card,34,41
How long do you have to wait to see your virtual card your ordered?,getting_virtual_card,67,41
I want to get a virtual card!,getting_virtual_card,29,41
How to access my virtual card,getting_virtual_card,29,41
Where can I sign up for a virtual card?,getting_virtual_card,39,41
Where do i go to receive a virtual card,getting_virtual_card,39,41
Are there virtual cards,getting_virtual_card,23,41
Please let me know how to place an order for a virtual card,getting_virtual_card,59,41
I ordered a virtual card but it hasn't come through yet,getting_virtual_card,55,41
Is there a way to get a virtual card?,getting_virtual_card,37,41
"I haven't received my virtual card yet, do yo know why?",getting_virtual_card,55,41
why hasn't my virtual card arrived?,getting_virtual_card,35,41
What is the virtual card and how can i get one?,getting_virtual_card,47,41
"I have lost my card, but need to place an online order! How do I get a virtual card instantly?",getting_virtual_card,94,41
I've got to have one of those virtual cards.,getting_virtual_card,44,41
Where is my virtual card located?,getting_virtual_card,33,41
Why have I not yet received my virtual card?,getting_virtual_card,44,41
Where would I order a virtual card?,getting_virtual_card,35,41
"I need to order a new card, can you please direct me to the virtual cards?",getting_virtual_card,74,41
I need my virtual card,getting_virtual_card,22,41
I haven't received my virtual card.,getting_virtual_card,35,41
How do I receive a virtual card?,getting_virtual_card,32,41
I heard you have virtual cards. How do I get one?,getting_virtual_card,49,41
I would like a virtual card...how do I get one?,getting_virtual_card,47,41
explain the virtual card,getting_virtual_card,24,41
I'd like like to know where I can order a virtual card?,getting_virtual_card,55,41
what is a virtual and how do i get one,getting_virtual_card,38,41
why hasn't my virtual card come yet?,getting_virtual_card,36,41
Is there a way to order a virtual card on the website?,getting_virtual_card,54,41
Is there an alternative to a physical card?,getting_virtual_card,43,41
Please tell me how I can get a virtual card.,getting_virtual_card,44,41
"I did not get my virtual card yet, Why?",getting_virtual_card,39,41
Where do I find a virtual card?,getting_virtual_card,31,41
Is there anywhere I can't use my card?,card_acceptance,38,11
In which stores can I shop with this card?,card_acceptance,42,11
How do I know where I can use my card?,card_acceptance,38,11
Can I tell what business will take this card?,card_acceptance,45,11
Are there businesses that don't accept this card?,card_acceptance,49,11
Is the card welcomed by everybody?,card_acceptance,34,11
Do you have a list of businesses that accept this card?,card_acceptance,55,11
What businesses accept this card?,card_acceptance,33,11
What retailers accept my card?,card_acceptance,30,11
This card is accepted by what businesses?,card_acceptance,41,11
Will this card work all over the world?,card_acceptance,39,11
WHAT IS THE ATMOSPHERE OF IT,card_acceptance,28,11
What kind of businesses will take my card?,card_acceptance,42,11
Where do I pay with my debit or credit card?,card_acceptance,44,11
Can I pay online with my card?,card_acceptance,30,11
Do you know which businesses will accept my card?,card_acceptance,49,11
Who accepts the card?,card_acceptance,21,11
You accepts my card?,card_acceptance,20,11
Is my card accepted anywhere?,card_acceptance,29,11
Is my card denied anywhere?,card_acceptance,27,11
"
Where can I use my card?",card_acceptance,25,11
Where can I use my Mastercard?,card_acceptance,30,11
where is card accepted,card_acceptance,22,11
Where can I pay with my card?,card_acceptance,29,11
Where can my card be used?,card_acceptance,26,11
Is my card valid everywhere?,card_acceptance,28,11
Which establishments will accept my card?,card_acceptance,41,11
Are there limits to businesses that will accept this card?,card_acceptance,58,11
Any place that takes Mastercard would be fine.,card_acceptance,46,11
Is there a list of where I can use my card?,card_acceptance,43,11
What are the limits to where my card will be accepted?,card_acceptance,54,11
Can I use my card wherever I want?,card_acceptance,34,11
Where can I use my card to pay?,card_acceptance,31,11
Are there any limits to were my card is accepted?,card_acceptance,49,11
Can I use my card while on vacation overseas?,card_acceptance,45,11
Are there any places that won't take my card?,card_acceptance,45,11
Which merchants accept my card?,card_acceptance,31,11
You can use it anywhere that accepts Mastercard.,card_acceptance,48,11
Is there restrictions on where I can use my card?,card_acceptance,49,11
Can I use my card for online payments?,card_acceptance,38,11
Are there limits as to where my card will be accepted?,card_acceptance,54,11
Where do I pay with my card?,card_acceptance,28,11
Which merchants accept this card?,card_acceptance,33,11
Are there any restrictions to where I can use my card?,card_acceptance,54,11
At what places accept my card?,card_acceptance,30,11
In what places can I use my card?,card_acceptance,33,11
What places accept my card?,card_acceptance,27,11
Can I use my card no matter where I go?,card_acceptance,39,11
Will my card work at all merchant locations?,card_acceptance,44,11
How can I know where my card will be accepted?,card_acceptance,46,11
Can I pay with my card anywhere?,card_acceptance,32,11
Can I use my card anywhere?,card_acceptance,27,11
Where can I use this card?,card_acceptance,26,11
What businesses can I use this card with?,card_acceptance,41,11
Do all businesses take this card?,card_acceptance,33,11
Where is this card accepted?,card_acceptance,28,11
What businesses accept my card?,card_acceptance,31,11
Can i use this card at any store?,card_acceptance,33,11
Are there any restrictions on where I use this card?,card_acceptance,52,11
"My top up did not show up as shown and my money has disappeared, can you help me fix this glitch problem?",top_up_reverted,105,61
Has my top-up been cancelled?,top_up_reverted,29,61
"I topped up recently and saw the money go through, but now it's just gone? What's going on",top_up_reverted,90,61
For what reason did my top-up get cancelled?,top_up_reverted,44,61
I think my top up has been reverted,top_up_reverted,35,61
Has my top-up gone through?,top_up_reverted,27,61
I went to top up my card and it was cancelled.,top_up_reverted,46,61
I didn't cancel my top-up.,top_up_reverted,26,61
I have a reverted top up I made and wanted to know why it didn't go through.,top_up_reverted,76,61
I believe my top up was reverted.,top_up_reverted,33,61
"My money is gone. I had topped up recently and saw it was there and went through, but now it's disappeared, what's going on?",top_up_reverted,124,61
"Hello, I have tried using crypto top up but it is not working. I had some money in my account but I'm not sure what happened",top_up_reverted,124,61
Why did my top up get reverted?,top_up_reverted,31,61
What caused my top-up to be returned?,top_up_reverted,37,61
What happened to my top-up? It was all done and now it's gone! Are you having problems with your system?,top_up_reverted,104,61
Why was my top up reverted?,top_up_reverted,27,61
Seems like my top-up has been cancelled,top_up_reverted,39,61
Seems like my top up has been cancelled,top_up_reverted,39,61
"My money has disappeared. I had recently added money in, and saw it was there and went through. Now it's gone. What is happening?",top_up_reverted,129,61
"Something is wrong, my top-up is gone and I don't know what happened to my money.",top_up_reverted,81,61
My money is nowhere to be found? I talked up earlier and seen it. Now it has vanished. What is going on?,top_up_reverted,104,61
My top-up was cancelled and I am writing to ask if I need to complete the 3D Secure authentication section before I submit it.,top_up_reverted,126,61
How come I can't put money in my top up account?,top_up_reverted,48,61
Why has my top-up been reverted?,top_up_reverted,32,61
My top up was reverted. Can you help?,top_up_reverted,37,61
"My top-up was supposed to be done, but now the money is gone! Is there a glitch in your system?",top_up_reverted,95,61
Why would my top up be reverted?,top_up_reverted,32,61
"I tried to make a top-up and it was canceled, why is that?",top_up_reverted,58,61
Did you revert my top up?,top_up_reverted,25,61
The app declined my top up. What did I do wrong?,top_up_reverted,48,61
Is there a reason my top-up has been cancelled?,top_up_reverted,47,61
I think you reverted my top up.,top_up_reverted,31,61
I need someone to find out where my money has gone to? It has disappeared. I completed a top up earlier and seen it had went through. Since it has now disappeared I need to know what's going on.,top_up_reverted,194,61
"For some reason, the money I added was returned.",top_up_reverted,48,61
Why didn't my top up work?,top_up_reverted,26,61
"I went to look at my top-up and it was canceled, can you tell me why this happend?",top_up_reverted,82,61
How does my top-up got cancelled?,top_up_reverted,33,61
"Did you lose my money? I had added funds through top-up not long ago and I know they were in my account, but they seem to have disappeared. What happened?",top_up_reverted,154,61
What happened to my top-up? I think it was cancelled.,top_up_reverted,53,61
Why did my top-up get reverted?,top_up_reverted,31,61
Why won't my top up go through?,top_up_reverted,31,61
Please explain why the funds I added were returned to my account.,top_up_reverted,65,61
Why isn't top-up working? My top-up money disappeared after I saw that it was successfully transferred. Is it gone? Where did it go?,top_up_reverted,132,61
"My money is gone. I had topped up recently and saw it was there and went through, but now it's disappeared, what is happening?",top_up_reverted,126,61
I did a topup successfully but its not showing in balance. I think there is some problem in system.,top_up_reverted,99,61
I put some money in my account the other day but now its gone? Why is this?,top_up_reverted,75,61
My thoughts were that you offered crypto top up which does not seem to be working. The money has now been taken from my account. What is the problem here?,top_up_reverted,154,61
"My money is gone :( I had topped up recently and saw it was there and went through, but now it's disappeared, what's going on?",top_up_reverted,126,61
"I think my top up may have been reverted, what do I do?",top_up_reverted,55,61
What is the status of my top up?,top_up_reverted,32,61
"When I top-up, the app reverts it.",top_up_reverted,34,61
Why has my top up been cancelled,top_up_reverted,32,61
What's the problem? I thought you offered crypto top up. This doesn't appear to be working at all. My money has now vanished from my account.,top_up_reverted,141,61
"I thought you offer crypto top up but it doesn't seem to be right ? Money just disappeared from my account, How it would work ?",top_up_reverted,127,61
Why is my top-up showing as cancelled?,top_up_reverted,38,61
Why does my top-up get cancelled?,top_up_reverted,33,61
What I topped up was reverted by the app.,top_up_reverted,41,61
I was checking my statement and my top-up has been reverted,top_up_reverted,59,61
"My money is gone. I had topped up recently and saw it was there, but now it's disappeared, what's going on?",top_up_reverted,107,61
My top up was rejected. Why?,top_up_reverted,28,61
I wanted to know why a top-up I made has been reverted.,top_up_reverted,55,61
What should I do?  I topped off but the app reversed  it.,top_up_reverted,57,61
I thought crypto top up with something you offer. This is not working. The money has been deducted from my account. Can you find out what's going on?,top_up_reverted,149,61
"Hi, I have done a topup, but my money was reverted. Please look into this issue.",top_up_reverted,80,61
My top-up has been reverted and I would like to know why.,top_up_reverted,57,61
How can I tell if my top-up has been cancelled?,top_up_reverted,47,61
When I topped up the app has seemed to reverted it.,top_up_reverted,51,61
I think my top up was reversed.,top_up_reverted,31,61
I refilled my account balance but got an error message.,top_up_reverted,55,61
"My money's disappeared from my account! I topped up the other day and it was there, but now it's not. Help?",top_up_reverted,107,61
Why is my top-up showing as reverted?,top_up_reverted,37,61
"My top-up was cancelled, could my bank be the problem?",top_up_reverted,54,61
"HI,Accordingly you offer crypto top up but it doesn't seem to be working? Money just disappeared from my account.What should be done now?",top_up_reverted,137,61
Why did you revert my top-up?,top_up_reverted,29,61
My topup got reverted. Please let me know if there is any issue in system.,top_up_reverted,74,61
My top-up was reverted by the app.,top_up_reverted,34,61
Why was my top up cancelled?,top_up_reverted,28,61
How do I tell if my top up was reverted?,top_up_reverted,40,61
top up cancellation,top_up_reverted,19,61
"I was under the impression that you offer crypto top up; however,  it doesn't appear to be working. The money has now disappeared from my account so I need to know what the deal is?",top_up_reverted,181,61
I topped up and now my money is not there anymore! What happened to it?,top_up_reverted,71,61
Explain why my top up has been reverted please.,top_up_reverted,47,61
"If my top-up didn't transfer, what went wrong?",top_up_reverted,46,61
Why has my money disappeared? I topped up earlier and seen it was there and had went through. What seems to be the problem?,top_up_reverted,123,61
My top up may have been reverted,top_up_reverted,32,61
"Hi there, I came across a problem with my top up and my money is missing, was there a system error?",top_up_reverted,99,61
What caused my top up to be reverted?,top_up_reverted,37,61
I got an cancellation error when I was topping up.,top_up_reverted,50,61
Why didnt my top up go through,top_up_reverted,30,61
When I topped up the app reverted it.,top_up_reverted,37,61
Why was my top-up declined?,top_up_reverted,27,61
Why wasn't my top-up accepted and where did that money go? At first it said it was confirmed but now I can't find it.,top_up_reverted,117,61
The app reverted my top up,top_up_reverted,26,61
Why has my top-up been returned to my account?,top_up_reverted,46,61
I topped up but the app declined it,top_up_reverted,35,61
The app reverted after I topped-up,top_up_reverted,34,61
"I'm having an issue with transaction. I topped up my account and saw it went through, but that was a few days ago and the money isn't in my account any more. What's up with that?",top_up_reverted,178,61
Why did my money disappear when I topped up??,top_up_reverted,45,61
I have a canceled top-up and wanted to know about it.,top_up_reverted,53,61
What reasons could cause my top up to be reverted,top_up_reverted,49,61
Why isn't my top up showing?  Was the money reversed?,top_up_reverted,53,61
What if my top up is reverted?,top_up_reverted,30,61
I need to know what's going on. I was under the impression you offered cryto top up which doesn't seem to be working and money has just vanished from my account.,top_up_reverted,161,61
I got notified that my top up has been reverted. Why?,top_up_reverted,53,61
"I need some help, I thought you guys accepted crypto top ups?? It won't seem to let me do it. I put money in my account and now it's gone and I didn't spend it. Where did it go??",top_up_reverted,178,61
My top-up was just cancelled.,top_up_reverted,29,61
Can you explain to me why a top up would be reverted?,top_up_reverted,53,61
I topped up but my money is not showing. Why is that?,top_up_reverted,53,61
My automatic top-up was unsuccessful,top_up_reverted,36,61
It looks like my top-up was cancelled,top_up_reverted,37,61
"Hello. I tried doing a topup and I thought it worked, but now the money is no longer in my account. Can you explain?",top_up_reverted,116,61
Reasons for top up cancellation.,top_up_reverted,32,61
"Please help me, as my topup amount has been reverted, i did it correctly. I think there is some defect in system.",top_up_reverted,113,61
Do you support top ups?,top_up_reverted,23,61
Why did my top-up not go through?,top_up_reverted,33,61
Explain why my top up would be reverted.,top_up_reverted,40,61
Why did you revert my top up?,top_up_reverted,29,61
I thought crypto top up with something you offered and it does not appear that it's working even though the money has disappeared out of my account. Can you tell me what's going on?,top_up_reverted,181,61
Is there a reason for my top up to be cancelled?,top_up_reverted,48,61
The app reversed a top off I had.  What should I do?,top_up_reverted,52,61
What happened to the money that I deposited?,top_up_reverted,44,61
What's the deal? Money has just disappeared out of my account. I thought you offered crypto top up and it doesn't seem to working.,top_up_reverted,130,61
Tell me how a top up would be reverted.,top_up_reverted,39,61
i noticed that the funds were returned to my bank account. What happened?,top_up_reverted,73,61
Why have my top ups been canceled?,top_up_reverted,34,61
"What did you do with my money??? I just topped up, I saw the money was there, but now it's gone!! What did you do with it?",top_up_reverted,122,61
I want to know why my top-up was reverted,top_up_reverted,41,61
I am unable to use my top-up on the app. Could you explain this to me?,top_up_reverted,70,61
"So, I was under the impression that you have an offer for crypto top up. This doesn't seem to be working. Now, the money has just disappeared from my account. What is the deal?",top_up_reverted,176,61
My money disappeared! Please help??,top_up_reverted,35,61
"Hello there, I tried using crypto top up today but it's not working for me, might it be due to the kind of bank I'm using or the country that I'm from?Money is also missing from my account",top_up_reverted,188,61
It appears my top-ups have been canceled.,top_up_reverted,41,61
"Do you not accept crypto transfers from certain places? Because when I tried to do a top up the money just disappeared. Im not sure what to do or what I'm doing wrong, please help.",top_up_reverted,180,61
"I attempted to complete a topup, and I thought all was well, but now the money is gone again. Has there been a glitch?",top_up_reverted,118,61
"My money has gone missing. I had recently added money in, and saw it was there and went through. Now it's missing. What is happening?",top_up_reverted,133,61
"I tried to add a topup to my account but the money isn't there, anymore. Did I do something wrong?",top_up_reverted,98,61
It's only been a few weeks my my top-up got cancelled,top_up_reverted,53,61
"Hi, i just topped up my phone and the money was deducted but it seems to have deducted the same amount again! please help!",top_up_reverted,122,61
Explain top-up cancellation,top_up_reverted,27,61
Why did my top up get pulled back out?,top_up_reverted,38,61
Why has my top up been returned?,top_up_reverted,32,61
"Hello,  I have recharged topup but account is not credited. Please help me in this, i guess there is some defect in system.",top_up_reverted,123,61
Reverted top up,top_up_reverted,15,61
"Hae, I already completed my 3D secure authentication when I tried the crypto top up but it's still not working for me. I also don't understand what happened to the money in my account",top_up_reverted,183,61
Can you tell me why my top-up was canceled?,top_up_reverted,43,61
Why did my top-up not get approved this time?,top_up_reverted,45,61
Why is my last cheque deposit taking so long?,balance_not_updated_after_cheque_or_cash_deposit,45,7
I am still waiting for a the cash I deposited this morning,balance_not_updated_after_cheque_or_cash_deposit,58,7
"I tried using a check to update my balance, but it isn't work? Is something wrong?",balance_not_updated_after_cheque_or_cash_deposit,82,7
I deposited cash but it isn't showing up in my account,balance_not_updated_after_cheque_or_cash_deposit,54,7
I put some cash into my account but it's not displaying that on my balance.,balance_not_updated_after_cheque_or_cash_deposit,75,7
Why hasn't my cash been deposited yet?,balance_not_updated_after_cheque_or_cash_deposit,38,7
"Hi, I want to inquire about my balance. Some cash was deposited and it hasn't updated yet.",balance_not_updated_after_cheque_or_cash_deposit,90,7
I deposited a check yesterday and im not seeing it posted yet in my account. why is that? can you look into it?,balance_not_updated_after_cheque_or_cash_deposit,111,7
"I made a deposit a couple of days back it's, as of yet, not gone in! It would be ideal if you assist me with this",balance_not_updated_after_cheque_or_cash_deposit,113,7
"The cheque I sent a few days ago has not been deposited yet, what is the hold up?",balance_not_updated_after_cheque_or_cash_deposit,81,7
cash and check deposit has not gone thru,balance_not_updated_after_cheque_or_cash_deposit,40,7
"my balance has not changed, despite depositing a cheque",balance_not_updated_after_cheque_or_cash_deposit,55,7
Why did my cash deposit not show up?,balance_not_updated_after_cheque_or_cash_deposit,36,7
Why is my money not in my account. I have already sent it out.,balance_not_updated_after_cheque_or_cash_deposit,62,7
I placed a cash deposit in my account but I can't see it yet.,balance_not_updated_after_cheque_or_cash_deposit,61,7
I'm not seeing my cash deposit showing up in my account.,balance_not_updated_after_cheque_or_cash_deposit,56,7
Last week I put a cash deposit into my account and it is still isn't there.,balance_not_updated_after_cheque_or_cash_deposit,75,7
I checked the app and my balance has not been updated for the cash or cheque deposit.,balance_not_updated_after_cheque_or_cash_deposit,85,7
"I put some money in my account the other day and it's not gone in yet, can you help with this?",balance_not_updated_after_cheque_or_cash_deposit,94,7
I did a cash deposit to my account but it doesn't show up,balance_not_updated_after_cheque_or_cash_deposit,57,7
I can't see my cash deposit in my account.,balance_not_updated_after_cheque_or_cash_deposit,42,7
"I deposited money in the form of a cheque, but my balance has not increased.",balance_not_updated_after_cheque_or_cash_deposit,76,7
Where is the cash deposit I made?,balance_not_updated_after_cheque_or_cash_deposit,33,7
"I can't figure out why I haven't gotten my cash, when I already put the check in the bank.",balance_not_updated_after_cheque_or_cash_deposit,90,7
Why is my deposit still pending?,balance_not_updated_after_cheque_or_cash_deposit,32,7
I made a cash deposit and the balance wasn't updated.,balance_not_updated_after_cheque_or_cash_deposit,53,7
I did a cash deposit to my account but my balance is still the same. What happened?,balance_not_updated_after_cheque_or_cash_deposit,83,7
I just deposited cash to my account and can't find it!,balance_not_updated_after_cheque_or_cash_deposit,54,7
Online banking is not showing my cheque or cash deposit so the balance is incorrect.,balance_not_updated_after_cheque_or_cash_deposit,84,7
i need help. I updated my balance with a check yesterday and Im not seeing it. Can you look at my account to see what went wrong?,balance_not_updated_after_cheque_or_cash_deposit,129,7
When will my cheque be processed?,balance_not_updated_after_cheque_or_cash_deposit,33,7
What happens if I deposit a cheque accidentally?,balance_not_updated_after_cheque_or_cash_deposit,48,7
Why isn't my cheque deposit showing on my account?  I though it would be faster and would like to to look into it and help.,balance_not_updated_after_cheque_or_cash_deposit,123,7
When will my deposit from this morning show up?,balance_not_updated_after_cheque_or_cash_deposit,47,7
I tried updating my balance by cheque yesterday but it doesn't seem to be working. Shouldn't that be faster? Please check my account something has gone wrong there.,balance_not_updated_after_cheque_or_cash_deposit,164,7
Where is my missing cheque I deposited?,balance_not_updated_after_cheque_or_cash_deposit,39,7
My balance doesn't show my deposit.,balance_not_updated_after_cheque_or_cash_deposit,35,7
My account balance doesn't reflect an update I made by cheque yesterday. Is something wrong or is the system slow?,balance_not_updated_after_cheque_or_cash_deposit,114,7
I made a deposit and the balance hasn't been updated.,balance_not_updated_after_cheque_or_cash_deposit,53,7
I have yet to receive the cash I added to my account this morning.,balance_not_updated_after_cheque_or_cash_deposit,66,7
Why isn't my cash deposit showing up in my account?,balance_not_updated_after_cheque_or_cash_deposit,51,7
"I deposited some cash but it hasn't shown up in my account yet, what's going on?",balance_not_updated_after_cheque_or_cash_deposit,80,7
I deposited a cheque but the cash hasn't arrived yet,balance_not_updated_after_cheque_or_cash_deposit,52,7
I've already sent the money out and still have not received money in my account.,balance_not_updated_after_cheque_or_cash_deposit,80,7
I have made a recent check and cash deposit that isn't reflected in my balance.,balance_not_updated_after_cheque_or_cash_deposit,79,7
I placed a cheque but the funds aren't there,balance_not_updated_after_cheque_or_cash_deposit,44,7
The cheque I sent to you to have deposited a couple days ago has not cleared in my account yet. What is the issue?,balance_not_updated_after_cheque_or_cash_deposit,114,7
"the balance has not changed, but I have deposited some money",balance_not_updated_after_cheque_or_cash_deposit,60,7
"I am worried about the amount of my cheque, which should be credited to my account few days before. As i have already sent you the cheque.",balance_not_updated_after_cheque_or_cash_deposit,138,7
I need my account checked because it appears there is a problem. I attempted to update my balance yesterday using cheque but it doesn't seem to have worked.  Should this not be faster than this?,balance_not_updated_after_cheque_or_cash_deposit,194,7
I've deposited a check but the cash isn't showing that it's there yet.,balance_not_updated_after_cheque_or_cash_deposit,70,7
Waiting for the cash I deposited this morning still,balance_not_updated_after_cheque_or_cash_deposit,51,7
"I put cash in my account, but I don't see it.",balance_not_updated_after_cheque_or_cash_deposit,45,7
Where did the money I deposit go??,balance_not_updated_after_cheque_or_cash_deposit,34,7
"I Submitted a cheque couple of days ago, nothing happened to my account yet.What could be the possible issue?",balance_not_updated_after_cheque_or_cash_deposit,109,7
I made a cash deposit a few days ago and it's still not reflected in my account. Do you know what might have happened?,balance_not_updated_after_cheque_or_cash_deposit,118,7
Why is the cash not showing in my account for the check I deposited?,balance_not_updated_after_cheque_or_cash_deposit,68,7
When will the check I deposited post to my account?,balance_not_updated_after_cheque_or_cash_deposit,51,7
How do I see my updated balance after I make a cheque or cash deposit?,balance_not_updated_after_cheque_or_cash_deposit,70,7
Why isn't my deposit in my account?,balance_not_updated_after_cheque_or_cash_deposit,35,7
Where is my cash deposit in my balance?,balance_not_updated_after_cheque_or_cash_deposit,39,7
Dude I put money in the ATM last week but it ain't there! I need the money now figure this out!,balance_not_updated_after_cheque_or_cash_deposit,95,7
"I deposited cash this morning, but it's not showing up in my account. Can you tell me where's my money?",balance_not_updated_after_cheque_or_cash_deposit,103,7
How long does it take for a cheque to post to your account?,balance_not_updated_after_cheque_or_cash_deposit,59,7
Why has my account balance not changed after depositing a cheque?,balance_not_updated_after_cheque_or_cash_deposit,65,7
Where is the cash I deposited?,balance_not_updated_after_cheque_or_cash_deposit,30,7
Why is my balance still the same after a cheque deposit?,balance_not_updated_after_cheque_or_cash_deposit,56,7
Why is my check still not showing up on my account? It's been a week already,balance_not_updated_after_cheque_or_cash_deposit,76,7
Why isn't my balance updating after depositing cheques and cash.,balance_not_updated_after_cheque_or_cash_deposit,64,7
My cash deposit isn't in my account. What happened?,balance_not_updated_after_cheque_or_cash_deposit,51,7
I updated by balance with a cheque yesterday but it isn't showing on my account. Did something go wrong?,balance_not_updated_after_cheque_or_cash_deposit,104,7
I sent you a cheque a few days ago and I noticed that nothing has happened yet. Can you tell me the status of my cheque please?,balance_not_updated_after_cheque_or_cash_deposit,127,7
Why isn't my deposit showing up?,balance_not_updated_after_cheque_or_cash_deposit,32,7
My balance was not updated with my checque or cash deposit.,balance_not_updated_after_cheque_or_cash_deposit,59,7
"Help! I'm missing money, I deposited a cheque but its not showing on my balance.",balance_not_updated_after_cheque_or_cash_deposit,80,7
My cash deposit from a week ago is still not in my account. Can you help me please?,balance_not_updated_after_cheque_or_cash_deposit,83,7
I made a deposit but it is not showing up in my balance.,balance_not_updated_after_cheque_or_cash_deposit,56,7
I sent a cheque a few days ago and i noticed that no money has been put on my account. Can you please tell me the situation of my account?,balance_not_updated_after_cheque_or_cash_deposit,138,7
The cheque I deposited isn't showing in my account,balance_not_updated_after_cheque_or_cash_deposit,50,7
my check or cash deposit has not shown up,balance_not_updated_after_cheque_or_cash_deposit,41,7
Why isn't my cash deposit showing up in my account? I deposited it this morning.,balance_not_updated_after_cheque_or_cash_deposit,80,7
"I deposited a cheque, why isn't my balance showing that I did?",balance_not_updated_after_cheque_or_cash_deposit,62,7
Why hasn't my cash arrived from a deposited check?,balance_not_updated_after_cheque_or_cash_deposit,50,7
"I put money in my account a week ago but its still not there, what is happening?",balance_not_updated_after_cheque_or_cash_deposit,80,7
"I made a cash deposit, but it hasn't shown up in my balance yet.",balance_not_updated_after_cheque_or_cash_deposit,64,7
"When will I see my cash, since I already deposited my check?",balance_not_updated_after_cheque_or_cash_deposit,60,7
"Hi,  My money has not been credited to my account for which i have sent you cheque few days before. I am worried about the money please let me know the status.",balance_not_updated_after_cheque_or_cash_deposit,159,7
I haven't seen the cash yet from the cheque I deposited.,balance_not_updated_after_cheque_or_cash_deposit,56,7
I've deposited a check in my account but the cash isn't showing as available.,balance_not_updated_after_cheque_or_cash_deposit,77,7
"I sent a cheque to you a few days ago and the deposit has yet to appear in my account. I need this money, what is the problem?",balance_not_updated_after_cheque_or_cash_deposit,126,7
What's going on with my balance? Shouldn't it be a bit higher since I deposited a cheque a day ago?,balance_not_updated_after_cheque_or_cash_deposit,99,7
Why am I not seeing the check I deposited this morning in my account?,balance_not_updated_after_cheque_or_cash_deposit,69,7
Do you guys accept cash? Because i deposited some this morning and I can't see it in my account.,balance_not_updated_after_cheque_or_cash_deposit,96,7
My cash deposit hasn't posted to my account.,balance_not_updated_after_cheque_or_cash_deposit,44,7
"I had a cheque deposited, but I don't see my money yet?",balance_not_updated_after_cheque_or_cash_deposit,55,7
My balance is not right. It has not been updated for the cash or cheque deposit.,balance_not_updated_after_cheque_or_cash_deposit,80,7
"After I deposited my cash, I still don't see it in my account.",balance_not_updated_after_cheque_or_cash_deposit,62,7
I made a cash deposit going to my account but it is not there,balance_not_updated_after_cheque_or_cash_deposit,61,7
"I deposited a check yesterday and Im not seeing it in my account. i need the money, is there something wrong with my account? check it out please",balance_not_updated_after_cheque_or_cash_deposit,145,7
My cheque deposit didn't seem to work.,balance_not_updated_after_cheque_or_cash_deposit,38,7
I still do not see the cash deposit in my account from last week. Why?,balance_not_updated_after_cheque_or_cash_deposit,70,7
When will my cheque process?,balance_not_updated_after_cheque_or_cash_deposit,28,7
"I deposited a check, but haven't received the funds for it.",balance_not_updated_after_cheque_or_cash_deposit,59,7
After depositing a cheque my balance did not change.,balance_not_updated_after_cheque_or_cash_deposit,52,7
Cash has been deposited this morning but it hasn't came through.,balance_not_updated_after_cheque_or_cash_deposit,64,7
I deposited a cheque a week ago but have yet to receive the cash.,balance_not_updated_after_cheque_or_cash_deposit,65,7
"I put money into my account in the form of a cheque, but my balance did not change.",balance_not_updated_after_cheque_or_cash_deposit,83,7
"I deposited cash into my account a week ago and it is still not available, please tell me why? I need the cash back now.",balance_not_updated_after_cheque_or_cash_deposit,120,7
"My mother deposited a cheque into my account last week, why is it still not showing up?",balance_not_updated_after_cheque_or_cash_deposit,87,7
Why hasn't my balance been updated from the check deposit I made?,balance_not_updated_after_cheque_or_cash_deposit,65,7
Where is the money I put in the bank?,balance_not_updated_after_cheque_or_cash_deposit,37,7
I haven't received the cash from the check I deposited.,balance_not_updated_after_cheque_or_cash_deposit,55,7
After trying to update my account balance yesterday by cheque it doesn't seem to working. Shouldn't the process be quicker? I need my account looked at because there appears to be a problem.,balance_not_updated_after_cheque_or_cash_deposit,190,7
Is there an issue with my account?  I don't see a cheque deposit that I made yesterday.  Please assist.,balance_not_updated_after_cheque_or_cash_deposit,103,7
"Even though I made a cash deposit, I am not seeing it in my account.",balance_not_updated_after_cheque_or_cash_deposit,68,7
I put money in my account a week ago but its still not there?? What happened to my money?,balance_not_updated_after_cheque_or_cash_deposit,89,7
Why did the cash deposit not show up in my account?,balance_not_updated_after_cheque_or_cash_deposit,51,7
What is going on? My balance still hasn't updated and it has been two weeks since I deposited my money!,balance_not_updated_after_cheque_or_cash_deposit,103,7
"I deposited cash into my account, why do I not see it?",balance_not_updated_after_cheque_or_cash_deposit,54,7
Can you tell me why a cheque deposit isn't showing in my balance?,balance_not_updated_after_cheque_or_cash_deposit,65,7
Why is my cash deposit not in my account?,balance_not_updated_after_cheque_or_cash_deposit,41,7
Why isn't my money from a check deposit showing?,balance_not_updated_after_cheque_or_cash_deposit,48,7
"I put my check in the bank, but I haven't gotten my cash yet?",balance_not_updated_after_cheque_or_cash_deposit,61,7
How long should a cheque deposit take to show? My account hasn't updated and I want to make sure everything is okay.,balance_not_updated_after_cheque_or_cash_deposit,116,7
i used a check check yesterday to balance my account and it isn't showing up?,balance_not_updated_after_cheque_or_cash_deposit,77,7
"I recently deposited some money into my account, but it still isn't showing up. What's going on?",balance_not_updated_after_cheque_or_cash_deposit,96,7
"My friend deposited $100 into my account, but it is not showing up!",balance_not_updated_after_cheque_or_cash_deposit,67,7
The cash deposit I made this morning has not been credited to my account,balance_not_updated_after_cheque_or_cash_deposit,72,7
"I did a cash deposit to my account, but I am not seeing it on my statement.",balance_not_updated_after_cheque_or_cash_deposit,75,7
I deposited a cheque but I don't see the funds in my account.,balance_not_updated_after_cheque_or_cash_deposit,61,7
When will my deposit post to my account?,balance_not_updated_after_cheque_or_cash_deposit,40,7
I am still waiting for the cash to be returned from a cheque I deposited!,balance_not_updated_after_cheque_or_cash_deposit,73,7
How long does it take to show a deposit I made to my balance?,balance_not_updated_after_cheque_or_cash_deposit,61,7
I deposited cash into my account and I'm having trouble seeing it on my account.,balance_not_updated_after_cheque_or_cash_deposit,80,7
"I wrote a check to the account yesterday to add to my balance, but I don't see the amount of the check reflected anywhere.  Is it being held up for some reason?  I should have seen a new balance by now!",balance_not_updated_after_cheque_or_cash_deposit,202,7
How long do cheques take to post to your account?,balance_not_updated_after_cheque_or_cash_deposit,49,7
I deposited money but my balance hasn't been updated yet.,balance_not_updated_after_cheque_or_cash_deposit,57,7
"I deposited cash this morning, but it is not yet available.",balance_not_updated_after_cheque_or_cash_deposit,59,7
I have cash deposit to my account but it is experiencing a problem,balance_not_updated_after_cheque_or_cash_deposit,66,7
How long will it take for the cash I deposited this morning to show up?,balance_not_updated_after_cheque_or_cash_deposit,71,7
The cast deposit from a week ago still is not in my account. Why?,balance_not_updated_after_cheque_or_cash_deposit,65,7
Why is the check I deposited this morning not showing up?,balance_not_updated_after_cheque_or_cash_deposit,57,7
How long do deposits take to appear? I've been waiting for more than a week and need the money!,balance_not_updated_after_cheque_or_cash_deposit,95,7
When will my deposit be processed?,balance_not_updated_after_cheque_or_cash_deposit,34,7
I am still awaiting the money I put into my account this morning.,balance_not_updated_after_cheque_or_cash_deposit,65,7
Why am I still not able to see the money I deposited a week ago? This is urgent!!,balance_not_updated_after_cheque_or_cash_deposit,81,7
I deposited a check a few days ago and it's still not gone in! Please help me with this,balance_not_updated_after_cheque_or_cash_deposit,87,7
I made a check and cash deposit that wasn't credited to my account.,balance_not_updated_after_cheque_or_cash_deposit,67,7
"I deposited a check yesterday to up my account balance, but that deposit hasn't shown up yet.  It's been a day already!",balance_not_updated_after_cheque_or_cash_deposit,119,7
Why hasn't my cheque processed?,balance_not_updated_after_cheque_or_cash_deposit,31,7
I am still currently waiting for the cash that has been deposited into the account this morning.,balance_not_updated_after_cheque_or_cash_deposit,96,7
I sent a check into the system but still haven't received the cash yet,balance_not_updated_after_cheque_or_cash_deposit,70,7
I recently deposited a cheque and cannot find the cash from it.,balance_not_updated_after_cheque_or_cash_deposit,63,7
When will I receive the cash payment from the check I deposited?,balance_not_updated_after_cheque_or_cash_deposit,64,7
My cheque is slow to cash,balance_not_updated_after_cheque_or_cash_deposit,25,7
I attempted to deposit a cheque yesterday but the balance isn't showing today. Is it still pending?,balance_not_updated_after_cheque_or_cash_deposit,99,7
Why haven't I seen the cash from the cheque I deposited yet?,balance_not_updated_after_cheque_or_cash_deposit,60,7
My cheque is taking a while,balance_not_updated_after_cheque_or_cash_deposit,27,7
I made a cash deposit to my account but i don't see it,balance_not_updated_after_cheque_or_cash_deposit,54,7
The check I deposited yesterday isn't listed yet.  Isn't that pretty slow?  I need to see the balance increased by that check.,balance_not_updated_after_cheque_or_cash_deposit,126,7
where is my money from this morning,balance_not_updated_after_cheque_or_cash_deposit,35,7
Why is it taking so long for my money to appear in my account? I have been waiting a week!,balance_not_updated_after_cheque_or_cash_deposit,90,7
"I deposited a cheque, but the balance hasn't changed yet.",balance_not_updated_after_cheque_or_cash_deposit,57,7
My account balance has not updated since I deposited a cheque recently.,balance_not_updated_after_cheque_or_cash_deposit,71,7
How long does a check take to show up in the account balance?,balance_not_updated_after_cheque_or_cash_deposit,61,7
What is going on with my cash deposit. I'm looking at my account balance and it is not there. It has been almost a week. Someone better get back to me asap.,balance_not_updated_after_cheque_or_cash_deposit,156,7
Why hasn't my account updated?,balance_not_updated_after_cheque_or_cash_deposit,30,7
I haven't received the money from the check I deposited.,balance_not_updated_after_cheque_or_cash_deposit,56,7
"I deposited a cheque with some money, but the balance hasn't changed.",balance_not_updated_after_cheque_or_cash_deposit,69,7
"I deposited a cheque, but my account balance stayed the same.",balance_not_updated_after_cheque_or_cash_deposit,61,7
Why hasn't my balance been updated? I've deposited a few cheques some days ago!,balance_not_updated_after_cheque_or_cash_deposit,79,7
why hasn't my cash arrived yet from my cheque?!,balance_not_updated_after_cheque_or_cash_deposit,47,7
I made a check deposit but the cash hasn't arrived in my account yet.,balance_not_updated_after_cheque_or_cash_deposit,69,7
The balance hasn't changed yet after depositing a cheque with some money.,balance_not_updated_after_cheque_or_cash_deposit,73,7
What happened to my cash deposit?,balance_not_updated_after_cheque_or_cash_deposit,33,7
"Please, tell me why I can't have the funds I deposited a week ago? I need the money now.",balance_not_updated_after_cheque_or_cash_deposit,88,7
"After my checque or cash deposit, my balance didn't update.",balance_not_updated_after_cheque_or_cash_deposit,59,7
When will my balance reflect a deposit?,balance_not_updated_after_cheque_or_cash_deposit,39,7
I made a cash deposit to my account but it is not there,balance_not_updated_after_cheque_or_cash_deposit,55,7
I deposited a cheque and its been days and I still haven't received the cash!!,balance_not_updated_after_cheque_or_cash_deposit,78,7
"I deposited some money, but the balance has not changed.",balance_not_updated_after_cheque_or_cash_deposit,56,7
There's a payment with my card that I didn't perform. I don't know that name shown.,card_payment_not_recognised,83,17
My statement indicates I made a payment to an unfamiliar merchant.,card_payment_not_recognised,66,17
"There's a payment with my card that I definitely didn't do myself, never seen that name before.",card_payment_not_recognised,95,17
Help! In the app there is a payment that I don't remember.,card_payment_not_recognised,58,17
I don't understand where this charge came from.,card_payment_not_recognised,47,17
there is a charge i dont recognize,card_payment_not_recognised,34,17
"I need to figure out what these charges are on my account. They've been coming out for a couple of days. Can i get all of this money back? Also, I need to freeze my card.",card_payment_not_recognised,170,17
Someone might have access to my card!  There are some strange payments showing up on my account.  What do I do?,card_payment_not_recognised,111,17
"There are a couple payments with my card shown in the app that i really didn't make myself. What's going on with this, does someone has access to my card?!",card_payment_not_recognised,155,17
I'm using the app and I noticed a payment that I didn't make.,card_payment_not_recognised,61,17
"A strange card payment, I do not recognize it.",card_payment_not_recognised,46,17
They is a payment I don't recognize on my statement.,card_payment_not_recognised,52,17
I have an unusual payment in my statement,card_payment_not_recognised,41,17
I do not recognize the card payment.,card_payment_not_recognised,36,17
Hi something is going on with the app.  I see some payments I didn't make?,card_payment_not_recognised,74,17
"If I see a payment in the app that I don't recognize, what should I do?",card_payment_not_recognised,71,17
I do not recognise the card payment.,card_payment_not_recognised,36,17
"There are a couple payments with my card shown in the app that i really didn't make myself. What's happenning with this, does someone has access to my card?!",card_payment_not_recognised,157,17
Just today there was a purchase on my card that wasn't done by me. Can this be reversed and my card be frozen? I can't have this continue!,card_payment_not_recognised,138,17
I need some help now please! There are some transactions on my account that I do not remember purchasing. Can they be reversed? Can you please cancel or freeze my card so I don't keep getting charged?!,card_payment_not_recognised,201,17
my statement contains an unknown payment,card_payment_not_recognised,40,17
I don't recognize what this payment on my statement would be for.,card_payment_not_recognised,65,17
There has been a payment  in the App that has not be done by me.,card_payment_not_recognised,64,17
I don't recognize a purchase that was made with my card.,card_payment_not_recognised,56,17
I'm checking the app and I see a payment that's not mine.,card_payment_not_recognised,57,17
I have a charge for something I didn't buy.,card_payment_not_recognised,43,17
A payment on my statement is wrong.,card_payment_not_recognised,35,17
There's a payment that isn't mine on my app,card_payment_not_recognised,43,17
What is this strange payment in my account?,card_payment_not_recognised,43,17
I'm not sure where this charge came from.,card_payment_not_recognised,41,17
I looked at my statement and found a payment I and found a mistake.,card_payment_not_recognised,67,17
A payment in my account was made by someone I don't know,card_payment_not_recognised,56,17
"I don't recognize this payment on my app, I am sure I didn't spend any money there.",card_payment_not_recognised,83,17
There are a couple of payments with my card shown in the app that in reality I didn't make. Maybe someone has access to my card?Can you check whats the issue ?,card_payment_not_recognised,159,17
There is payment showing that I didn't do.,card_payment_not_recognised,42,17
Payment I didn't do.,card_payment_not_recognised,20,17
Why is there a random payment in my statement?,card_payment_not_recognised,46,17
"Hi, there is a suspicious payment from my card. I definitely do not know who this is or who could have made this payment.",card_payment_not_recognised,121,17
A payment I didn't do shows in my app,card_payment_not_recognised,37,17
There is  a charge I don't recognize.,card_payment_not_recognised,37,17
I'm noticing a payment/purchase at a company that I don't recognise.,card_payment_not_recognised,68,17
There seems to be a couple of payments listed in the app I know weren't made by me. Is there a possibility someone has access to my card? Can you find out what's going on?,card_payment_not_recognised,171,17
I need to freeze my card as soon as possible. I just checked my account and saw that there have been several payments that I don't recognize over the course of a few days. Can we investigate and get my money back?,card_payment_not_recognised,213,17
There are some charges that I don't recognize.  It happened days ago.  Can I get these charges back?  Should I cancel my card?,card_payment_not_recognised,126,17
Please help.  There is a payment in the app that isn't mine.,card_payment_not_recognised,60,17
I am seeing in the App a payment that its not mine,card_payment_not_recognised,50,17
There's a payment in the app I don't recognize.,card_payment_not_recognised,47,17
"Hello, i just checked my statement and there seems to be a payment from my card that I have never seen before.",card_payment_not_recognised,110,17
There is a card payment I'm not familiar with.,card_payment_not_recognised,46,17
There is a strange payment on my card and I don't know what to do.,card_payment_not_recognised,66,17
Is it possible someone has access to my card? I noticed that there are a couple of payments in the app I'm sure I did not make. Can you find out what's going on here?,card_payment_not_recognised,166,17
There are some card payments that I haven't done myself. What is going on with my card and does somebody else have access to my card?,card_payment_not_recognised,133,17
I have a payment in my statement that is off,card_payment_not_recognised,44,17
I did not do this payment,card_payment_not_recognised,25,17
I've never been to that store.  That's a fraudulent charge.,card_payment_not_recognised,59,17
"There are charges on my card from the past few day I am pretty sure I didnt make, can you please freeze it for me? How do I get my money returned since it wasnt me?",card_payment_not_recognised,164,17
I have a payment I didnt make on my account,card_payment_not_recognised,43,17
There were a couple of payments that I have noticed on my account with my card that I didn't make. Is it possible that somebody else has my card information?,card_payment_not_recognised,157,17
There is an unauthorized payment in my statement.,card_payment_not_recognised,49,17
"There are a couple payments with my card shown in the app that i really make myself. What's going on with this, maybe someone has access to my card?!",card_payment_not_recognised,149,17
I don't recognize this payment at all!  Help!,card_payment_not_recognised,45,17
There is a record of payment I never submitted on the app.,card_payment_not_recognised,58,17
I just looked over my statement and I don't recognize the name of a card payment.,card_payment_not_recognised,81,17
I didn't make a payment at this business.,card_payment_not_recognised,41,17
There is a payment on my card that I do not recognize.  I've never seen the name on the transaction before.,card_payment_not_recognised,107,17
Why do I have a strange payment on my statement?,card_payment_not_recognised,48,17
i didnt do this charge,card_payment_not_recognised,22,17
I did not charge my account for that transaction.  That's an error.,card_payment_not_recognised,67,17
There is a payment that is not mine in the App.,card_payment_not_recognised,47,17
I see an unfamiliar payment on my statement.,card_payment_not_recognised,44,17
Why is this payment on my app,card_payment_not_recognised,29,17
There is a payment I don't recognize,card_payment_not_recognised,36,17
This card payment isn't is recognition.,card_payment_not_recognised,39,17
why do I have an unknown payment?,card_payment_not_recognised,33,17
Payment I did not make.,card_payment_not_recognised,23,17
"I just saw some charges on my card from the past days that I dont recognize, I need to freeze the card asap! Will I be able to get my money back?",card_payment_not_recognised,145,17
There are a couple of payments with my card shown in the app that I really didn't make myself. What's going on with this?,card_payment_not_recognised,121,17
Why is there a payment I didn't do in my app?,card_payment_not_recognised,45,17
I have a payment that I didn't make.,card_payment_not_recognised,36,17
The app is showing a payment I never made.,card_payment_not_recognised,42,17
I checked the app and there is a payment that I don't recognize.,card_payment_not_recognised,64,17
How do I find out how or where this transaction on my account came from?,card_payment_not_recognised,72,17
I need to figure out who has access to my card there are some payments I didn't make that are showing on the app.  Could you please help?,card_payment_not_recognised,137,17
There is a strange payment on my card.,card_payment_not_recognised,38,17
I've got charges on my account I did not authorize. Can I get this money back from the last couple of days that it's been coming out? I also need to freeze my card.,card_payment_not_recognised,164,17
There is a payment made with my card that I don't recognize at all.,card_payment_not_recognised,67,17
I saw a payment come out of my account for a merchant I don't remember.,card_payment_not_recognised,71,17
There's a payment with my card that I definitely didn't create. I don't know anyone by that name.,card_payment_not_recognised,97,17
The App shows a fraudulent payment made on my account.,card_payment_not_recognised,54,17
There's a payment in my history I don't recognize,card_payment_not_recognised,49,17
There is a payment on my card that I do not recognize.,card_payment_not_recognised,54,17
My app shows a payment I didn't make,card_payment_not_recognised,36,17
I don't know if I made this payment on my card.,card_payment_not_recognised,47,17
After looking at the app I noticed a couple of payments I know I did not make. Is it possible someone has accessed my card? What is actually going on?,card_payment_not_recognised,150,17
I do not recongize a payment in my account.,card_payment_not_recognised,43,17
A payment shows up on the app that I never made.,card_payment_not_recognised,48,17
I swear that there are 2 payments on the app that I didn't make.  Could my card me stolen?  Please advise what I should do.,card_payment_not_recognised,123,17
Is there any way to know how the transaction got on my account?,card_payment_not_recognised,63,17
I did not make this payment that I see in the App.,card_payment_not_recognised,50,17
I have a card payment I didn't make,card_payment_not_recognised,35,17
i disagree with a charge,card_payment_not_recognised,24,17
I didn't make this payment!,card_payment_not_recognised,27,17
There is a payment in the app I did not make,card_payment_not_recognised,44,17
There is a vendor name I don't recognize on a payment from my account. I don't think I made this payment.,card_payment_not_recognised,105,17
I don't think I made this payment that is showing up,card_payment_not_recognised,52,17
I think there's a purchase at a store that I didn't go to.,card_payment_not_recognised,58,17
Have a payment that I haven't done.,card_payment_not_recognised,35,17
There was a purchase on my card recently to a name that I don't recognize at all. What can be done about this? I need my money back.,card_payment_not_recognised,132,17
"One of my card payments, I don't recognise the name of the merchant.",card_payment_not_recognised,68,17
"Hello, I noticed there is a payment from my card to a business that I am not familiar with. I definitely did not make this payment.",card_payment_not_recognised,131,17
I do not recognise this card payment.,card_payment_not_recognised,37,17
I have a card payment that I don't recognize. What should I do?,card_payment_not_recognised,63,17
There are a couple payments with my card shown that I'm not responsible for. What is going on? Maybe someone has access to my account.,card_payment_not_recognised,134,17
There is a payment with my card which i definitely did not do.,card_payment_not_recognised,62,17
My app is displaying a payment I didn't make,card_payment_not_recognised,44,17
I just checked my account on the App and there is a payment on there that I did not make.,card_payment_not_recognised,89,17
Could you please put a freeze on my card?  There are some payments on it that I don't know where they came from.,card_payment_not_recognised,112,17
In the App I see a payment that is not mine.,card_payment_not_recognised,44,17
There is a payment with my card which i definitely did not make by me .Never seen that it before.,card_payment_not_recognised,97,17
I didn't make this payment and it's on my app,card_payment_not_recognised,45,17
Why is there an uknown charge showing on my account?,card_payment_not_recognised,52,17
I think that there is a payment on my card that I did not authorize.  I don't recognize the name attached to the transaction.,card_payment_not_recognised,125,17
I don't think I made this transaction on my statement,card_payment_not_recognised,53,17
There is a weird payment in my statement.,card_payment_not_recognised,41,17
A random charge got added to my card,card_payment_not_recognised,36,17
I need to freeze my card. There are charges on there that i did not authorize. They've been coming out for a couple of days. Can i get this money back?,card_payment_not_recognised,151,17
I see a strange payment in my account.,card_payment_not_recognised,38,17
where is my unknown payment from?,card_payment_not_recognised,33,17
I have just read my statement and there is a payment I don't recognise.,card_payment_not_recognised,71,17
There's a card payment I didn't make,card_payment_not_recognised,36,17
There are a couple payments with my card displayed in the app which I didn't make. What is happening? Maybe someone has access to my card.,card_payment_not_recognised,138,17
I'm worried that my card has been compromised because I see a payment that I didn't make.,card_payment_not_recognised,89,17
I didn't do a payment and I have it now.,card_payment_not_recognised,40,17
how do i dispute a payment I didnt make,card_payment_not_recognised,39,17
There is a payment in the app that I did not approve,card_payment_not_recognised,52,17
I don't recognize a charge on my statement.,card_payment_not_recognised,43,17
There is a strange card payment I don't recognise.,card_payment_not_recognised,50,17
I believe there is a mistake because a payment I didn't make shows in my app.,card_payment_not_recognised,77,17
There are a couple payments with my card in the app I see that I didn't create. What is happening? Maybe someone gained access to my account.,card_payment_not_recognised,141,17
I'm not recognizing the card payment.,card_payment_not_recognised,37,17
There's a card payment with a name I don't recognize,card_payment_not_recognised,52,17
There is a payment done with my card which i definitely did not do.Never seen that name before.,card_payment_not_recognised,95,17
Why is there a payment I didn't do?,card_payment_not_recognised,35,17
Someone else accessed my account and made a payment.,card_payment_not_recognised,52,17
I have an odd payment in my statement,card_payment_not_recognised,37,17
There is a fraudulent payment!,card_payment_not_recognised,30,17
Why is there an unknown card payment?,card_payment_not_recognised,37,17
I don't recognize this payment,card_payment_not_recognised,30,17
I need to know where this charge is coming from?,card_payment_not_recognised,48,17
I see a payment on my statement for  a place I didn't make a purchase at.,card_payment_not_recognised,73,17
There is an odd payment in my statement,card_payment_not_recognised,39,17
There are a few payments in the app that I didn't make! Does someone else have my card?  What should I do?,card_payment_not_recognised,106,17
I need help with some transactions in my account that I dont recognize or remember purchasing. Im not sure if the name is just different or what. Should my card be put on hold while the issue gets figured out to be safe or is it ok?,card_payment_not_recognised,232,17
I have a confusing payment appear on my statement and I don't recognise it!,card_payment_not_recognised,75,17
My statement has a payment that I do not recall making,card_payment_not_recognised,54,17
I think my card is being used by someone else to make purchases that I didn't authorize! I checked my account and see that there have been quite a few purchases over the last two days that I have no idea where they came from. We need to freeze my card now! And I need to find a way to get my money back.,card_payment_not_recognised,303,17
"What is this card payment, I do not recognize it.",card_payment_not_recognised,49,17
I didn't make a payment that shows in my app.,card_payment_not_recognised,45,17
What do I do if I see a transaction on my card that I don't recall making?,card_payment_not_recognised,74,17
There's a payment in the app that I didn't authorize.,card_payment_not_recognised,53,17
I have a charge I did not make.,card_payment_not_recognised,31,17
on my statement there is a payment that I don't recognise,card_payment_not_recognised,57,17
I need to cancel my card.  There are a few charges from a couple days ago that I didn't make.  Can I get credit for these charges?,card_payment_not_recognised,130,17
It is listed in my app that I made a payment which I did not actually make,card_payment_not_recognised,74,17
i dont recognize a charge on my card,card_payment_not_recognised,36,17
There are a couple of payments with my card shown in the app that I really didn't make myself. Why is it happened?,card_payment_not_recognised,114,17
A payment that I didn't make appears in my app.,card_payment_not_recognised,47,17
There is a card payment that I'm not recognizing.,card_payment_not_recognised,49,17
I am interested in changing my personal details.,edit_personal_details,48,31
I am here to change my adress.,edit_personal_details,30,31
I'd like to make some changes to my personal information.,edit_personal_details,57,31
I would like to change my name after marriage.,edit_personal_details,46,31
I would like to change my adress,edit_personal_details,32,31
My address is incorrect on my file.,edit_personal_details,35,31
My address details have changed and I want to update them,edit_personal_details,57,31
Where do I go to edit my personal details on my account?,edit_personal_details,56,31
"I need to change my name, since i just got married",edit_personal_details,50,31
I moved to a new city and need to change my address,edit_personal_details,51,31
How can I change my address?,edit_personal_details,28,31
My last name has changed and I need to update my account details.,edit_personal_details,65,31
where can I change my address?,edit_personal_details,30,31
How do I edit the personal details on my account?,edit_personal_details,49,31
details need to be modified,edit_personal_details,27,31
Am I able to modify my account details?,edit_personal_details,39,31
How can I change my name because I just got married?,edit_personal_details,52,31
Where can I find how to change my name?,edit_personal_details,39,31
I just moved. How do I give you my new address?,edit_personal_details,47,31
I need to change my address in the personal details.,edit_personal_details,52,31
Why can't I edit my personal details?,edit_personal_details,37,31
I need to change details about my personal account.,edit_personal_details,51,31
I need to change my phone number.,edit_personal_details,33,31
How can I change my name in my profile?,edit_personal_details,39,31
I have a new phone number and need to edit my contact information.,edit_personal_details,66,31
How do I go about changing my address?,edit_personal_details,38,31
I need to change my personal details in my account.,edit_personal_details,51,31
My billing address changed and I need to update my information.,edit_personal_details,63,31
Tell me how to change my details.,edit_personal_details,33,31
How do I change my account details?,edit_personal_details,35,31
How do I change the details in my account?,edit_personal_details,42,31
I would like to change my address.,edit_personal_details,34,31
I just had a wedding and I want to take my spouses name.,edit_personal_details,56,31
I got married and need to change my name.,edit_personal_details,41,31
need my details changed,edit_personal_details,23,31
I've just got married and want to change my name.,edit_personal_details,49,31
How do I edit my details?,edit_personal_details,25,31
I am looking to change my adress.,edit_personal_details,33,31
I need to change my last name on my account because I just got married.,edit_personal_details,71,31
after i got married i need to change my name,edit_personal_details,44,31
Since I just got married I need to change my name.,edit_personal_details,50,31
I want to change my account details.,edit_personal_details,36,31
should i contact customer support if i can't edit details,edit_personal_details,57,31
Need to report a change of address.,edit_personal_details,35,31
"Changed details is essential, what steps do I take to do so?",edit_personal_details,60,31
Please tell me how to edit my personal details.,edit_personal_details,47,31
How would I change my details?,edit_personal_details,30,31
How can I change my information?,edit_personal_details,32,31
I need to add my new address now that I've moved.,edit_personal_details,49,31
"I moved, can I edit my personal details?",edit_personal_details,40,31
How do I change my details?,edit_personal_details,27,31
"my identity hasn't been verified and i can't edit my details, what's next",edit_personal_details,73,31
I need to change my home address.,edit_personal_details,33,31
I would like to alter my personal details.,edit_personal_details,42,31
Can I change my details because I moved?,edit_personal_details,40,31
How to edit personal details?,edit_personal_details,29,31
Please tell me where I can update my details since I moved.,edit_personal_details,59,31
how to change name on account,edit_personal_details,29,31
I need to update my demographics.,edit_personal_details,33,31
"Change of location, need to change details",edit_personal_details,42,31
How can I edit my personal details in the app?,edit_personal_details,46,31
I would like to change my personal details.,edit_personal_details,43,31
Can you walk me through how I can edit some of my personal information?,edit_personal_details,71,31
How do I change my address ?,edit_personal_details,28,31
Can I change my name?  I am not married.,edit_personal_details,40,31
"Since I got married, I need to change my name.",edit_personal_details,46,31
Is it possible to change my address?,edit_personal_details,36,31
I need to modify my details.,edit_personal_details,28,31
Is there a way to modify my details?,edit_personal_details,36,31
Where can I modify my details?,edit_personal_details,30,31
I got a new address and need to change my old one.,edit_personal_details,50,31
How to modify my details.,edit_personal_details,25,31
"My marital status has change, I got to correct my name to reflect that.",edit_personal_details,71,31
Can I change my address?,edit_personal_details,24,31
I moved so I need to change my address. How do I do that?,edit_personal_details,57,31
I've just moved and I need to change my details,edit_personal_details,47,31
I've just been married and need to update my name,edit_personal_details,49,31
How do I change my name after marriage,edit_personal_details,38,31
I moved and would like to change my address.,edit_personal_details,44,31
Talk me through modifying my details.,edit_personal_details,37,31
I just got married and need to change my name on the account,edit_personal_details,60,31
How do I update my address?,edit_personal_details,27,31
I just got married and I need to change my name,edit_personal_details,47,31
Can I update my details?,edit_personal_details,24,31
I need to update my address.,edit_personal_details,28,31
is there a way to change name?,edit_personal_details,30,31
I must change my address.,edit_personal_details,25,31
How do I modify my details?,edit_personal_details,27,31
My address needs to be changed.,edit_personal_details,31,31
How do I input a new address?,edit_personal_details,29,31
Can someone assist me with updating my account details with changing my last name?,edit_personal_details,82,31
How would I be able to make changes to my personal details?,edit_personal_details,59,31
How do I edit my personal details?,edit_personal_details,34,31
"Not living in same place, need to change details",edit_personal_details,48,31
How can I update my personal information after moving?,edit_personal_details,54,31
I moved and need to change my address.,edit_personal_details,38,31
I moved and need to change my personal information.,edit_personal_details,51,31
Where do I go to change my account details?,edit_personal_details,43,31
"went somewhere else, need to change details",edit_personal_details,43,31
"My details need to be changed, how can I do so?",edit_personal_details,47,31
How can I change to my married name?,edit_personal_details,36,31
how do i get into my account and edit my details,edit_personal_details,48,31
I would like to edit my personal information .,edit_personal_details,46,31
How do I modify my account details?,edit_personal_details,35,31
How do I change my name?,edit_personal_details,24,31
Can I edit my personal details?,edit_personal_details,31,31
I need to change my contact information.,edit_personal_details,40,31
I need to update my phone number.,edit_personal_details,33,31
Can I edit my details?,edit_personal_details,22,31
I got a new address and need to change my information.,edit_personal_details,54,31
I need to change my data.,edit_personal_details,25,31
What should I do after I've moved and need to update my personal details?,edit_personal_details,73,31
Editing my personal details,edit_personal_details,27,31
Where can I edit personal details?,edit_personal_details,34,31
How can I change my account details?,edit_personal_details,36,31
Where do I go to update details?,edit_personal_details,32,31
I need to change my address,edit_personal_details,27,31
Where can I modify my information?,edit_personal_details,34,31
How do I change my last name?,edit_personal_details,29,31
I have a new email.,edit_personal_details,19,31
How can I update my details since I moved?,edit_personal_details,42,31
Why do you have an identity check?,why_verify_identity,34,74
I do not feel comfortable verifying my identity.,why_verify_identity,48,74
Why on earth do you need so much personal id info from me?,why_verify_identity,58,74
DO you know the reason for the identity check?,why_verify_identity,46,74
I answered so many questions about my identity. Why do you need this info?,why_verify_identity,74,74
Why do you have the identity check,why_verify_identity,34,74
Is getting my identity verified required before I can use my account?,why_verify_identity,69,74
why are all my identity details required,why_verify_identity,40,74
I would like to know why so much identity information is required?,why_verify_identity,66,74
Why do you need verification for my identity?,why_verify_identity,45,74
Is the identity check part of bank policy?,why_verify_identity,42,74
Why is identity verification required?,why_verify_identity,38,74
Why is my identification required?,why_verify_identity,34,74
Why are you asking so many questions about who I am,why_verify_identity,51,74
which identity details are required,why_verify_identity,35,74
Can I use my account before the identity verification is complete?,why_verify_identity,66,74
Should I complete my security verification before I can use my account?,why_verify_identity,71,74
Why do you require identification documents,why_verify_identity,43,74
I already have an account. Why can't I use it unless my identity is verified?,why_verify_identity,77,74
Why does my identity need to be verified?,why_verify_identity,41,74
Can I still use my account without verifying my identity?,why_verify_identity,57,74
What is the reason for the identity check,why_verify_identity,41,74
Can I use my account although my identity verification has yet to pass?,why_verify_identity,71,74
I am not comfortable verifying my indentity.,why_verify_identity,44,74
what I need to verify my account,why_verify_identity,32,74
What if I don't verify my identity?,why_verify_identity,35,74
what are the reasons I have to proof my identity to you?,why_verify_identity,56,74
What's the reason for needing to verify my identity?,why_verify_identity,52,74
Why does it matter that I prove my identity?,why_verify_identity,44,74
Why should I have to prove my identity?,why_verify_identity,39,74
Can I use my account before my Identity verification has passed?,why_verify_identity,64,74
Why do I need to verify my account?,why_verify_identity,35,74
Why do you guys need to verify my identity?,why_verify_identity,43,74
Why do I need to verify my identity?,why_verify_identity,36,74
If my identy verifacation hasn't gone through can I use my account?,why_verify_identity,67,74
Is it really necessary to verify my Identity?,why_verify_identity,45,74
Why do you need so much information about me,why_verify_identity,44,74
"Can I use my account now, even though my identity verification has not gone through yet?",why_verify_identity,88,74
What is the function of the identity check,why_verify_identity,42,74
Why is the identity check involved?,why_verify_identity,35,74
What is the purpose of requiring my identification?,why_verify_identity,51,74
"My ID verification hasn't gone through yet, but can I use my account anyway?",why_verify_identity,76,74
What is the first step I need to make for being able to access my account?,why_verify_identity,74,74
I want to use my account before identity verification,why_verify_identity,53,74
It's requiring me to verify my identity?,why_verify_identity,40,74
I don't want to use this method to identify myself.,why_verify_identity,51,74
Why do you need my name and ID,why_verify_identity,30,74
do I need to verify my identity before I can use my card?,why_verify_identity,57,74
Can I go ahead and use my account even though my identify hasn't been verified yet?,why_verify_identity,83,74
Do you think you're asking for too much information about me?,why_verify_identity,61,74
Is identity verification required for me to use my account?,why_verify_identity,59,74
Can I use my account although the identity verification has not been accepted yet?,why_verify_identity,82,74
I still want to use my account but haven't verified is that OK?,why_verify_identity,63,74
Is my account accessible even though my verification of my identity has not passed yet?,why_verify_identity,87,74
Why are you asking so many questions about me?,why_verify_identity,46,74
Why do you need to know so much about me for my account?,why_verify_identity,56,74
How does identity check work?,why_verify_identity,29,74
Why is it required to verify my identity?,why_verify_identity,41,74
What happens if I use my account and my identity verification hasn't finished?,why_verify_identity,78,74
Can I make transfers before my identity verification?,why_verify_identity,53,74
What do you need my identity details for?,why_verify_identity,41,74
Why do I need to have my identity verified?,why_verify_identity,43,74
Can I use my account even though the identity verification has not passed yet?,why_verify_identity,78,74
What is with the need to have all my ID information?,why_verify_identity,52,74
Why is there an identify check?,why_verify_identity,31,74
Why is there a verification to identity,why_verify_identity,39,74
Why do you need me to verify who I am?,why_verify_identity,38,74
Why check my identity?,why_verify_identity,22,74
I don't understand why you want so much of my personal info.,why_verify_identity,60,74
I am still waiting for verification.  Can I use my account before I am verified?,why_verify_identity,80,74
I refuse to verify my identity.,why_verify_identity,31,74
Why do you need me to do an identity check?,why_verify_identity,43,74
I can't do the verification.,why_verify_identity,28,74
Am I able to use my account if the identity verification is not complete?,why_verify_identity,73,74
"Is it possible to go ahead and log in, although I have not been confirmed yet?",why_verify_identity,78,74
Can you explain more about why should I verify my identity?,why_verify_identity,59,74
can I use my card before identity verification?,why_verify_identity,47,74
Why is there an identity check?,why_verify_identity,31,74
Why do I have to give you my drivers license,why_verify_identity,44,74
I don't want to give you all my identify details.,why_verify_identity,49,74
Am I supposed to verify my identity?,why_verify_identity,36,74
What is the purpose for verifying my identity?,why_verify_identity,46,74
what are you going to use my identification details for?,why_verify_identity,56,74
Can I use my account without verifying identity?,why_verify_identity,48,74
Why is checking my identity important?,why_verify_identity,38,74
Must I verify my identity?,why_verify_identity,26,74
how do I speed up identity verification?,why_verify_identity,40,74
Do i have to verify who I am?,why_verify_identity,29,74
Why do you need to perform identity verification?,why_verify_identity,49,74
Why am I being asked to verify my identity?,why_verify_identity,43,74
Why is verifaction required for my Identity?,why_verify_identity,44,74
Do you need to know my first and last name?,why_verify_identity,43,74
I don't want to verify my identity,why_verify_identity,34,74
How to verify my identity,why_verify_identity,25,74
Why does my identity need verification?,why_verify_identity,39,74
Can I already use my account although the identity verification has not passed yet?,why_verify_identity,83,74
What is my identification used for?,why_verify_identity,35,74
Is there anyway to bypass identity verification?,why_verify_identity,48,74
Why do you need so much information about my identity?,why_verify_identity,54,74
What if I don't want to disclose all of my identity details?,why_verify_identity,60,74
My identity hasn't been verified.  Can I use my account?,why_verify_identity,56,74
My Identity verification hasn't passed yet is it possible to use my account?,why_verify_identity,76,74
Can we skip verifying?,why_verify_identity,22,74
Why do you need to check my identity?,why_verify_identity,37,74
Why do you need to verify my identity?,why_verify_identity,38,74
"I'm waiting for the ID verification to go through still, so is it too soon to use my account?",why_verify_identity,93,74
What is the identity check for?,why_verify_identity,31,74
I keep being asked to verify my identity. Is this normal?,why_verify_identity,57,74
Why do you need so much id info from me?,why_verify_identity,40,74
What do you do with all the identity information you're collecting from me?,why_verify_identity,75,74
Why is verification for my identity needed?,why_verify_identity,43,74
I'm not verifying my identity.,why_verify_identity,30,74
Do you need my birthdate?,why_verify_identity,25,74
Why is it important to verify my identity?,why_verify_identity,42,74
i need to proof my identity to you why and how?,why_verify_identity,47,74
Is verifying my identify important?,why_verify_identity,35,74
why and how soon do I have to have proof of identity to you?,why_verify_identity,60,74
Why do you need all these details about my identity?,why_verify_identity,52,74
What is identity check?,why_verify_identity,23,74
Can i make transactions before identity verification?,why_verify_identity,53,74
I am afraid to give you all my identify details.,why_verify_identity,48,74
Can you help me with proving my identity?,unable_to_verify_identity,41,68
What proof do you need for my identification?,unable_to_verify_identity,45,68
Are there any reasons that my identity wouldn't be accepted even though everything I've provided is factual?,unable_to_verify_identity,108,68
I am having some difficulty verifying my id.,unable_to_verify_identity,44,68
I am not able to verify my id. Why?,unable_to_verify_identity,35,68
Help me verify my identify?,unable_to_verify_identity,27,68
I can't verify identity through the app.,unable_to_verify_identity,40,68
I need help verifying my identity.,unable_to_verify_identity,34,68
I'm having trouble proving my identity,unable_to_verify_identity,38,68
Why isn't my id verified?,unable_to_verify_identity,25,68
This stupid system is not letting me prove my identity.,unable_to_verify_identity,55,68
The app is having trouble verifying my identity.,unable_to_verify_identity,48,68
Why is my identity not being verified?,unable_to_verify_identity,38,68
"You will hear back from us about your verification results in 10 minutes to a one hour timeframe.  If these verification results do fail, please double-check to make sure your images are clear and have no glare or blur; your photos need to be fully readable.  You need to be 18 years of age or older and a resident of Switzerland or the European Economic Area to create an account.",unable_to_verify_identity,381,68
The app does not know it is me.,unable_to_verify_identity,31,68
My identity wasn't verified,unable_to_verify_identity,27,68
Help me verify my identification.,unable_to_verify_identity,33,68
Unsure how to provide my identity.,unable_to_verify_identity,34,68
It can take between 10 minutes to an hour before you hear back from us about the verification result.  Please try again if your verification fails.  Make sure you double check that images are clear and all document photos are readable without blur or glare. You have to be 18 or older and live in the European Economic area or live in Switzerland to be able to open an account.,unable_to_verify_identity,377,68
I can't upload my identification.,unable_to_verify_identity,33,68
Why isn't my id verifying?,unable_to_verify_identity,26,68
How long does it take to prove my identity?,unable_to_verify_identity,43,68
Why am I not allowed to verify my id?,unable_to_verify_identity,37,68
I am not able to prove my identity,unable_to_verify_identity,34,68
The app failed to verify my id.,unable_to_verify_identity,31,68
"Hearing back from us regarding your important verification results may take 10 minutes to one hour time.  If verification results do fail, double-check to make sure all of your images are clear --  make sure your photos have no glare or blurring. Note: These photos need to be readable as well.  You also need to be 18 years of age or older.  You must be a resident of Switzerland or the European Economic Area to open a new account.",unable_to_verify_identity,433,68
I'm unable to verify my identity,unable_to_verify_identity,32,68
My identity verification didn't work,unable_to_verify_identity,36,68
I'm not able to verify my identity.,unable_to_verify_identity,35,68
The app is not able to realize that it is me.,unable_to_verify_identity,45,68
The app does not believe that I am myself,unable_to_verify_identity,41,68
It won't let me verify my identity.,unable_to_verify_identity,35,68
I am unable to prove my identity,unable_to_verify_identity,32,68
I dont have identification,unable_to_verify_identity,26,68
Why isn't this accepting my identity?,unable_to_verify_identity,37,68
The app won't identify me.,unable_to_verify_identity,26,68
My identity can't be verified for some reason,unable_to_verify_identity,45,68
My identity is unable to be verified.,unable_to_verify_identity,37,68
I have no way to prove my identity.,unable_to_verify_identity,35,68
The app does not recognize who I am.,unable_to_verify_identity,36,68
"If you are waiting for verification, it can take 10 minutes to 60 minutes to get results.You will hear from us once we have it.  Please make sure your images are clear and photos of documents are readable. you have to be at least 18 years old and live withing the Economic Area of Europe or in Switzerland in order to open an account.",unable_to_verify_identity,334,68
Why am I unable to verify my id?,unable_to_verify_identity,32,68
"Hearing about your verification results from us may take anywhere from 10 minutes to approximately one hour.  If this verification has in fact, failed, double-check to make sure that your images are clear.  Also make sure that your document photos have no blur or glare. They need to be readable.  You must also be 18 years of age or older and be a resident of Switzerland or the European Economic Area to open an account.",unable_to_verify_identity,422,68
I'm having a hard time proving my identity.,unable_to_verify_identity,43,68
I'm having problems with ID verification,unable_to_verify_identity,40,68
I am having a problem with verifying my identity.,unable_to_verify_identity,49,68
I cant prove who I am,unable_to_verify_identity,21,68
I am not recognized by the app.,unable_to_verify_identity,31,68
The app doesn't think that I am myself,unable_to_verify_identity,38,68
What do I have to do to prove my identity?,unable_to_verify_identity,42,68
What am i missing to verify my id?,unable_to_verify_identity,34,68
I do not have the information to verify my identify.,unable_to_verify_identity,52,68
There is no way for me to prove my identity.,unable_to_verify_identity,44,68
I will not be able to verify my identity.,unable_to_verify_identity,41,68
How long does it take for my id to verify?,unable_to_verify_identity,42,68
The app is telling me that I am not me.,unable_to_verify_identity,39,68
What do I do if I can't prove my identity?,unable_to_verify_identity,42,68
The app can't verify my information for identity proofing purposes.,unable_to_verify_identity,67,68
What should I do if I can't prove my identity.,unable_to_verify_identity,46,68
What's wrong with my ID? I can't verify it.,unable_to_verify_identity,43,68
Problem verifying my account,unable_to_verify_identity,28,68
The app doesn't believe its me.,unable_to_verify_identity,31,68
"app malfunctioning, does not know its me",unable_to_verify_identity,40,68
I can get my identification verified.,unable_to_verify_identity,37,68
I am having trouble with the app recognizing me.,unable_to_verify_identity,48,68
How long will it take to verify my account?,unable_to_verify_identity,43,68
How come I can't seem to verify my id?,unable_to_verify_identity,38,68
I don't have the means to prove my identity.,unable_to_verify_identity,44,68
My app says that I'm not verified.,unable_to_verify_identity,34,68
I don't have a way to prove my identity.,unable_to_verify_identity,40,68
Why hasn't my ID been verified?,unable_to_verify_identity,31,68
The app doesn't think it's me.,unable_to_verify_identity,30,68
How long does it take to verify a person's identity?,unable_to_verify_identity,52,68
I'm not sure how to provide my identity.,unable_to_verify_identity,40,68
Why is my identity not verified?,unable_to_verify_identity,32,68
Why is my identity verification process not working?,unable_to_verify_identity,52,68
My identity verification is not working.,unable_to_verify_identity,40,68
I'm having trouble with proving my identity.,unable_to_verify_identity,44,68
I am having a problem proving who I am,unable_to_verify_identity,38,68
It won't let me prove my identity.,unable_to_verify_identity,34,68
I am having trouble verifying my id.,unable_to_verify_identity,36,68
Why am I unable verify my id?,unable_to_verify_identity,29,68
My identity can't be verified.,unable_to_verify_identity,30,68
I have trouble proving my identity.,unable_to_verify_identity,35,68
I can't verify my ID. Why?,unable_to_verify_identity,26,68
"My identity isn't being accepted, what should I do?",unable_to_verify_identity,51,68
The app failed to verify me.,unable_to_verify_identity,28,68
Why hasn't the app verified my identity?,unable_to_verify_identity,40,68
The app doesn't believe that I am myself,unable_to_verify_identity,40,68
"The app isn't letting me log in, but my info is correct.",unable_to_verify_identity,56,68
I need help proving that this is really me and to verify my identity.,unable_to_verify_identity,69,68
why does it take so long to verify my id,unable_to_verify_identity,40,68
My identity verification isn't working,unable_to_verify_identity,38,68
I am having trouble to verify my identity,unable_to_verify_identity,41,68
Everytime I try to prove my identity it won't let me.,unable_to_verify_identity,53,68
I'm having difficulty verifying my identity.,unable_to_verify_identity,44,68
Help me verify my identity.,unable_to_verify_identity,27,68
I'm still waiting on my identity verification.,unable_to_verify_identity,46,68
Why can't my ID be verified?,unable_to_verify_identity,28,68
Help my prove my identity.,unable_to_verify_identity,26,68
i am under 18 and i am trying to verify my id. why wont it work?,unable_to_verify_identity,64,68
What do I need to bring for identification?,unable_to_verify_identity,43,68
"I'm not sure what to do about the PIN, because I don't have one yet.",get_physical_card,68,39
Is my PIN sent separably?,get_physical_card,25,39
Where can I get my card PIN?,get_physical_card,28,39
my pin hasn't arrived in the post! How do I cancel it or get a new one?,get_physical_card,71,39
Where is the card PIN located?,get_physical_card,30,39
"I have my card, when whill my PIN be available?",get_physical_card,47,39
I dont have a pin,get_physical_card,17,39
i have yet to get my pin,get_physical_card,24,39
Where is my card PIN?,get_physical_card,21,39
The card PIN?,get_physical_card,13,39
I do not see the card PIN anywhere?,get_physical_card,35,39
My pin isn't here yet,get_physical_card,21,39
Is my PIN recorded anywhere?,get_physical_card,28,39
How will I know my pin number?,get_physical_card,30,39
"I need my PIN, where is it?",get_physical_card,27,39
I haven't received my pin,get_physical_card,25,39
I am not able to see the card PIN anywhere?,get_physical_card,43,39
"I don't know my PIN, how can I find that out?",get_physical_card,45,39
Where can the pin be located?,get_physical_card,29,39
How do I find my PIN?,get_physical_card,21,39
Why have I not received my PIN,get_physical_card,30,39
When do I get my PIN?,get_physical_card,21,39
Where can I locate my card PIN?,get_physical_card,31,39
Tell me about the card PIN?,get_physical_card,27,39
"In the app, where do I find my card PIN?",get_physical_card,40,39
do i have to wait for a physical card before i get my pin,get_physical_card,57,39
The card PIN is not visible anywhere?,get_physical_card,37,39
I cannot see the card PIN anywhere?,get_physical_card,35,39
How will I receive my PIN?,get_physical_card,26,39
My card arrived but I don't know how to get my PIN.,get_physical_card,51,39
Where should I look for my PIN number at?,get_physical_card,41,39
Where can I locate my PIN at?,get_physical_card,29,39
Where is the PIN for my card located?,get_physical_card,37,39
I do not have my pin yet,get_physical_card,24,39
Do I have a card PIN?,get_physical_card,21,39
Where is my PIN located?,get_physical_card,24,39
I can't find the PIN.,get_physical_card,21,39
What can you tell me about the card PIN?,get_physical_card,40,39
Where can I find my card PIN?,get_physical_card,29,39
How do I find my PIN number?,get_physical_card,28,39
I am yet to receive my pin.,get_physical_card,27,39
i cannot find my card PIN,get_physical_card,25,39
How do I set up my card PIN?,get_physical_card,28,39
I cannot find my PIN.,get_physical_card,21,39
How do I request the PIN?,get_physical_card,25,39
I haven't received the PIN yet.,get_physical_card,31,39
"I signed up, but don't have a PIN. Where can I find it?",get_physical_card,55,39
How is the PIN delivered?,get_physical_card,25,39
"Help, I don't know what the PIN is to my card?",get_physical_card,46,39
I didn't get a PIN yet. What gives?,get_physical_card,35,39
Where's my card PIN?,get_physical_card,20,39
How do I set my physical card PIN?,get_physical_card,34,39
wheres my pin,get_physical_card,13,39
When will I have access to my pin number?,get_physical_card,41,39
What's my pin number?,get_physical_card,21,39
Where do i find my PIN?,get_physical_card,23,39
When do I set up my card PIN?,get_physical_card,29,39
Can you tell me how to locate my PIN?,get_physical_card,37,39
Do i have to wait to get the pin or can i set up a pin,get_physical_card,54,39
How do I locate my PIN now that I have my card?,get_physical_card,47,39
Where is my PIN?,get_physical_card,16,39
Explain the card PIN to me.,get_physical_card,27,39
How do I find the PIN?,get_physical_card,22,39
Will the PIN come separately?,get_physical_card,29,39
Where can I find my PIN? I haven't gotten it yet.,get_physical_card,49,39
Where is my pin? I don't have it yet,get_physical_card,36,39
How do I know what my PIN is?,get_physical_card,29,39
How long does it take for me to get my pin,get_physical_card,42,39
How long do I wait for my PIN,get_physical_card,29,39
still need to get card pin,get_physical_card,26,39
I have not received my pin yet,get_physical_card,30,39
How do I get my card PIN?,get_physical_card,25,39
I havn't received my PIN yet.,get_physical_card,29,39
I haven't received my PIN yet. Do I need to get it from you?,get_physical_card,60,39
In regards to the PIN of the card?,get_physical_card,34,39
Does the PIN come under separate cover?,get_physical_card,39,39
do i need to wait to get my card before getting a pin,get_physical_card,53,39
Will my pin number be sent with my card?,get_physical_card,40,39
I can't find my PIN anywhere.,get_physical_card,29,39
I have a question regarding the PIN of the card?,get_physical_card,48,39
How do I get a PIN?,get_physical_card,19,39
I haven't been sent my new pin!,get_physical_card,31,39
"So, the card PIN?",get_physical_card,17,39
can i go into my app to find my pin,get_physical_card,35,39
Is the PIN separately delivered?,get_physical_card,32,39
I don't have a PIN at this point.,get_physical_card,33,39
do i need to wait for my card before i get pin,get_physical_card,46,39
Where do I find my card PIN?,get_physical_card,28,39
I can't find the card PIN.,get_physical_card,26,39
Where is the PIN number found?,get_physical_card,30,39
When do I get my card PIN?,get_physical_card,26,39
How is my PIN sent?,get_physical_card,19,39
Is the PIN sent in another message?,get_physical_card,35,39
Do you deliver the PIN separately?,get_physical_card,34,39
Is my PIN the same thing as my passcode?,get_physical_card,40,39
"I'm looking in the App and can't find my PIN, where should I look?",get_physical_card,66,39
I've been waiting ages and my PIN hasn't gotten here.,get_physical_card,53,39
How do I get started when I get my card?,get_physical_card,40,39
Show me where I can see the PIN?,get_physical_card,32,39
How do I find my new pin?,get_physical_card,25,39
can i create my own pin right away,get_physical_card,34,39
how to get card pin?,get_physical_card,20,39
Where do I find my PIN for my new card?,get_physical_card,39,39
Can you deliver the PIN separately?,get_physical_card,35,39
is my pin the same as my passcode,get_physical_card,33,39
how do i get a pin for my card,get_physical_card,30,39
Is there a way I can have a mastercard?,visa_or_mastercard,39,73
is it just visa or can i also use mastercard?,visa_or_mastercard,45,73
I do not want a VISA card.,visa_or_mastercard,26,73
"I prefer using Mastercard, can I substitute?",visa_or_mastercard,44,73
I prefer Mastecard.,visa_or_mastercard,19,73
may I have a Visa and a Mastercard from you.,visa_or_mastercard,44,73
I'd prefer Mastercard.,visa_or_mastercard,22,73
Will my card be a MasterCard or a Visa?,visa_or_mastercard,39,73
I want a mastercard,visa_or_mastercard,19,73
I prefer mastercard.,visa_or_mastercard,20,73
Please give me both a visa and a mastercard.,visa_or_mastercard,44,73
Is it possible to get a Visa and Mastercard from you?,visa_or_mastercard,53,73
If I can't choose my card type will I be able to use it everywhere?,visa_or_mastercard,67,73
Do I get  a mastercard and visa?,visa_or_mastercard,32,73
Why can I not choose the card i want?,visa_or_mastercard,37,73
"Can you send me a Mastercard, instead of a Visa?",visa_or_mastercard,48,73
Can I pick between Visa and Mastercard?,visa_or_mastercard,39,73
"I have a Visa and Mastercard, can I use these?",visa_or_mastercard,46,73
I want to apply for a Visa card.,visa_or_mastercard,32,73
Can you issue both a Visa and a Mastercard to me?,visa_or_mastercard,49,73
I would like a Visa card.,visa_or_mastercard,25,73
"I am looking to get a Visa credit card, what must I do to achieve this?",visa_or_mastercard,71,73
Is there a way I can get a Visa card?,visa_or_mastercard,37,73
Can I get the Mastercard?,visa_or_mastercard,25,73
Do I have a Visa card as an option?,visa_or_mastercard,35,73
Are visa and mastercard accepted,visa_or_mastercard,32,73
What credit cards do you carry,visa_or_mastercard,30,73
would a visa or mastercard be more suited to me?,visa_or_mastercard,48,73
I am interested in a Visa or Mastercard. Do you offer them?,visa_or_mastercard,59,73
is it ok if i use both visa and mastercard,visa_or_mastercard,42,73
Do I have a choice for a Mastercard?,visa_or_mastercard,36,73
Can I use visa or mastercard with your service,visa_or_mastercard,46,73
Can I choose from either Visa or Mastercard?,visa_or_mastercard,44,73
Can I have a Visa card?,visa_or_mastercard,23,73
Would I get a Visa or Mastercard?,visa_or_mastercard,33,73
Am I able to get both a Visa and MasterCard from you?,visa_or_mastercard,53,73
Is it possible to get both a Visa and a Mastercard?,visa_or_mastercard,51,73
Can I choose my Visa or Mastercard?,visa_or_mastercard,35,73
My preference is Mastercard.,visa_or_mastercard,28,73
What card types can I choose from?,visa_or_mastercard,34,73
I want to get a Visa,visa_or_mastercard,20,73
Can I choose whether I receive a Visa or a Mastercard card?,visa_or_mastercard,59,73
Which type of card will I receive?,visa_or_mastercard,34,73
I would like to have a Mastercard.,visa_or_mastercard,34,73
Can I get a Visa or Mastercard?,visa_or_mastercard,31,73
Do you give out Visa or Mastercards?,visa_or_mastercard,36,73
Do I have to pick a creditcard brand?,visa_or_mastercard,37,73
Please give me a Mastercard instead.,visa_or_mastercard,36,73
Visa or Mastercard?,visa_or_mastercard,19,73
Can both Visa and Mastercard be chosen?,visa_or_mastercard,39,73
Do you let me choose between Visa and Mastercard?,visa_or_mastercard,49,73
What cards do you offer?,visa_or_mastercard,24,73
Does it matter if I use Visa or Mastercard?,visa_or_mastercard,43,73
How can I choose between Visa and Mastercard?,visa_or_mastercard,45,73
I'm happy with Mastercard and want to stick with just that credit card.,visa_or_mastercard,71,73
Can both a Visa and Mastercard be received from you?,visa_or_mastercard,52,73
I prefer to get a Mastercard.,visa_or_mastercard,29,73
I'm wanting to get a Visa card today.,visa_or_mastercard,37,73
What do I have to do to get a Visa card?,visa_or_mastercard,40,73
I would like to get both a Visa and MasterCard?,visa_or_mastercard,47,73
Would you give me a mastercard and visa?,visa_or_mastercard,40,73
I'd like to apply for a Visa Card.,visa_or_mastercard,34,73
My first choice would be Mastercard.,visa_or_mastercard,36,73
"I want to get a Visa and Mastercard, is it possible to get both from you?",visa_or_mastercard,73,73
Are you Visa or Mastercard?,visa_or_mastercard,27,73
Please help me get a Visa card.,visa_or_mastercard,31,73
I won't be pleased unless I get a Mastercard.,visa_or_mastercard,45,73
Can I select my card scheme or do you choose it for me?,visa_or_mastercard,55,73
No Visa please. I want to continue with Mastercard.,visa_or_mastercard,51,73
Will the card be a Mastercard or a Visa?,visa_or_mastercard,40,73
Can I choose my card scheme?,visa_or_mastercard,28,73
Does it matter which card I use,visa_or_mastercard,31,73
What type of card will I receive?,visa_or_mastercard,33,73
Can I get a Visa or does it have to be something else.,visa_or_mastercard,54,73
"I'd like to get a Visa card, please.",visa_or_mastercard,36,73
Visa and Mastercard can both be received from you?,visa_or_mastercard,50,73
Can I choose between Mastercard and Visa?,visa_or_mastercard,41,73
"I prefer Visa, can I get that instead?",visa_or_mastercard,38,73
Will I be able to get both a visa and a mastercard?,visa_or_mastercard,51,73
I anticipate getting a Visa card,visa_or_mastercard,32,73
What type of card can I get?,visa_or_mastercard,28,73
Will I get Visa or MasterCard?,visa_or_mastercard,30,73
"Visa and MasterCard, can I get them both?",visa_or_mastercard,41,73
Can I choose between Visa or MasterCard?,visa_or_mastercard,40,73
I need a Visa card,visa_or_mastercard,18,73
Do you take both Visa and Mastercard?,visa_or_mastercard,37,73
"Which card would I get, Visa or Mastercard?",visa_or_mastercard,43,73
Could I get a MasterCard and Visa from you?,visa_or_mastercard,43,73
I want to get a Visa card,visa_or_mastercard,25,73
Is it possible to get both Visa and Mastercard from you?,visa_or_mastercard,56,73
Can I get both a Visa and a Mastercard from you?,visa_or_mastercard,48,73
Do you accept Visa or Mastercard?,visa_or_mastercard,33,73
"Given a choice, I'd rather have Mastercard.",visa_or_mastercard,43,73
can i use both visa and mastercard,visa_or_mastercard,34,73
Is it possible to obtain both a Visa and a Mastercard from you?,visa_or_mastercard,63,73
"If I can, I would like to get both Mastercard and Visa from you.",visa_or_mastercard,64,73
Mastercard is preferred to me.,visa_or_mastercard,30,73
I need a Visa and a Mastercard from you.,visa_or_mastercard,40,73
This transaction needs both a Visa and a Mastercard.,visa_or_mastercard,52,73
"I want a Mastercard, instead.",visa_or_mastercard,29,73
I need to get visa and mastercard,visa_or_mastercard,33,73
Could I get a mastercard if that's reasonable?,visa_or_mastercard,46,73
I need mastercard as well as visa,visa_or_mastercard,33,73
Will I get a Visa card or Mastercard?,visa_or_mastercard,37,73
I would like to get a Visa card,visa_or_mastercard,31,73
How can I get a Visa and Mastercard?,visa_or_mastercard,36,73
Can I get a Visa instead of a MasterCard?,visa_or_mastercard,41,73
Can I obtained a Visa Card,visa_or_mastercard,26,73
"Please give me both Visa and MasterCard, is it possible?",visa_or_mastercard,56,73
Do I get Visa or Mastercard?,visa_or_mastercard,28,73
Why did I get a different card then requested?,visa_or_mastercard,46,73
Can I use a Visa or Mastercard?,visa_or_mastercard,31,73
Can I choose between Visa and Mastercard?,visa_or_mastercard,41,73
Mastercard is my preferred company.,visa_or_mastercard,35,73
Is it possible to get both Mastercard and Visa card from you?,visa_or_mastercard,61,73
I'd prefer a Mastercard.,visa_or_mastercard,24,73
Can I have a mastercard?,visa_or_mastercard,24,73
How do I get selected for a visa card?,visa_or_mastercard,38,73
Do I have an option between Visa and MasterCard?,visa_or_mastercard,48,73
Can I get a Visa from you?,visa_or_mastercard,26,73
I hope to get a Visa card,visa_or_mastercard,25,73
Which one are you?  Visa or Mastercard?,visa_or_mastercard,39,73
How can get a Visa card?,visa_or_mastercard,24,73
Can you make sure I get a MasterCard and not a Visa?,visa_or_mastercard,52,73
I would prefer a Mastercard.,visa_or_mastercard,28,73
I would like to get both Mastercard and Visa card from you if that's possible.,visa_or_mastercard,78,73
Will I get a visa or Mastercard?,visa_or_mastercard,32,73
Will you guys do Visa or Mastercard?,visa_or_mastercard,36,73
Do you only use Visa or do you have Mastercard too?,visa_or_mastercard,51,73
Can I get a Visa card?,visa_or_mastercard,22,73
I would like to know if you use Visa or Mastercard.,visa_or_mastercard,51,73
Is it acceptable to use either Visa or Mastercard?,visa_or_mastercard,50,73
"Please tell me, do you use Visa or Mastercard?",visa_or_mastercard,46,73
Can I choose what card I can use,visa_or_mastercard,32,73
Do you supply both Visa and Mastercard?,visa_or_mastercard,39,73
My money I had was gone and I could not get gas!,topping_up_by_card,48,62
i can not see my top up,topping_up_by_card,23,62
I can't see my top up in my wallet!,topping_up_by_card,35,62
I want to transfer money using my credit card.,topping_up_by_card,46,62
"I tried topping up using my card, but the money is gone?",topping_up_by_card,56,62
How can my friends top up my account?,topping_up_by_card,37,62
"I used my card to top up, but the money is not there!",topping_up_by_card,53,62
My card needs to be topped up.,topping_up_by_card,30,62
Can my friends top up my account?,topping_up_by_card,33,62
What's the process for topping up by card?,topping_up_by_card,42,62
Is my account able to be topped up by my friends?,topping_up_by_card,49,62
Can anyone else top-up for me?,topping_up_by_card,30,62
I tried to top up and suddenly my money disappeared,topping_up_by_card,51,62
My wallet doesn't show my recent top up.,topping_up_by_card,40,62
Can I get my friends to add money to my account?,topping_up_by_card,48,62
I used my card top-up but all of the money is missing.,topping_up_by_card,54,62
Could you tell me why my top up isn't showing in my wallet?,topping_up_by_card,59,62
What do I do to Top up my card?,topping_up_by_card,31,62
"I tried topping off my account with a card, but the money is not in my account despite the charge going through",topping_up_by_card,111,62
Is it possible to top up by card?,topping_up_by_card,33,62
I want to know how to transfer money with my credit card,topping_up_by_card,56,62
Hoe do i use my credit card to transfer money?,topping_up_by_card,46,62
"I attempted to top up using my card, but now the money just disappeared?",topping_up_by_card,72,62
My top up isn't in my wallet.,topping_up_by_card,29,62
Can I let other people have access to my account in order to top up?,topping_up_by_card,68,62
How do I to up by card?,topping_up_by_card,23,62
How do I add money to my card?,topping_up_by_card,30,62
"When I tried to top up using my card, all of the money disappeared.",topping_up_by_card,67,62
"I used my card to top up, but now I don't see the money in my account.",topping_up_by_card,70,62
Can i top up by card?,topping_up_by_card,21,62
With my credit card i would like to transfer money.,topping_up_by_card,51,62
I want to top up by card,topping_up_by_card,24,62
I don't understanfd how to top up,topping_up_by_card,33,62
Why was my card charged when topping off my balance but it's not showing up in my wallet balance?,topping_up_by_card,97,62
Why can't I see my top up?,topping_up_by_card,26,62
Is it simple to transfer money using my credit card?,topping_up_by_card,52,62
Why can't I see the top up I made?,topping_up_by_card,34,62
Can a credit card be used to transfer money?,topping_up_by_card,44,62
Is it possible to transfer money to my credit card?,topping_up_by_card,51,62
"My wallet isn't showing my top-up, did I do something wrong?",topping_up_by_card,60,62
How can I transfer money using my credit card?,topping_up_by_card,46,62
The money disappeared after I topped up my account.,topping_up_by_card,51,62
The money disappeared when I tried to use my card to top up.,topping_up_by_card,60,62
I wasn't able to use my top up card because the money I put on there wasn't there anymore,topping_up_by_card,89,62
Top up not available in my wallet.,topping_up_by_card,34,62
How do I transfer funds directly from my credit card?,topping_up_by_card,53,62
i need to top up by card.,topping_up_by_card,25,62
How do I top up on my card?,topping_up_by_card,27,62
top up by my card is that possible?,topping_up_by_card,35,62
I tried to get gas but my money was gone!,topping_up_by_card,41,62
How do I use a card to top up?,topping_up_by_card,30,62
Can my account be topped-up by friends of mine.,topping_up_by_card,47,62
Is it possible for friends to top up my account?,topping_up_by_card,48,62
How do I top up by card?,topping_up_by_card,24,62
My top up is not showing up in my wallet!,topping_up_by_card,41,62
Transferring money using credit card,topping_up_by_card,36,62
Will my friends be able to top up my account?,topping_up_by_card,45,62
I was attempting to top up with my card but the money has vanished!,topping_up_by_card,67,62
Can I allow other people to top up my account?,topping_up_by_card,46,62
can other people use the app to add money to my account,topping_up_by_card,55,62
"I tried to top off using the card, but the money just disappeared?",topping_up_by_card,66,62
Show me how can my friends top up my account.,topping_up_by_card,45,62
How do i set up my credit card to send transfers?,topping_up_by_card,49,62
I don't see me 'top up' in my wallet,topping_up_by_card,36,62
What do I need to do to transfer money with my credit card?,topping_up_by_card,59,62
I used my card to top-up but the money is gone!,topping_up_by_card,47,62
what happened to the money after i put in the wrong info and it got declined,topping_up_by_card,76,62
"Can I add other people to my account, so they can top up?",topping_up_by_card,57,62
show me how to top up,topping_up_by_card,21,62
My friends would like to add to my account. What is the procedure?,topping_up_by_card,66,62
I want to transfer money with my credit card.,topping_up_by_card,45,62
Something is wrong with my top up and I can't see it. How do I find it?,topping_up_by_card,71,62
Can my account be topped up by my friends?,topping_up_by_card,42,62
Am I the only one who can top-up my account?,topping_up_by_card,44,62
How do I top up using my card?,topping_up_by_card,30,62
Can a friend top up my account,topping_up_by_card,30,62
What information am I going to have to have in order to do a transfer with my card?,topping_up_by_card,83,62
top up with credit card,topping_up_by_card,23,62
What's the process for topping up my card?,topping_up_by_card,42,62
I don't see my top up in my wallet.,topping_up_by_card,35,62
Can friends I have top-up my account?,topping_up_by_card,37,62
I cannot tell what my top up currently is.,topping_up_by_card,42,62
How do I go about transferring money using my credit card?,topping_up_by_card,58,62
Can you tell me how to top up on my card?,topping_up_by_card,41,62
my top up isnt there yet where do i find it,topping_up_by_card,43,62
"If I want a friend to top off my account, can they?",topping_up_by_card,51,62
My wallet is empty even though I topped it up an hour ago.,topping_up_by_card,58,62
Can somebody else top up my account?,topping_up_by_card,36,62
I'd like to transfer funds using my credit card.,topping_up_by_card,48,62
Where did my top-up go? I can't find it in my wallet,topping_up_by_card,52,62
My money disappeared right when I tried to top up,topping_up_by_card,49,62
How does someone else top up my account,topping_up_by_card,39,62
Who can have access to top up my account?,topping_up_by_card,41,62
I have a new card. How do i top it up?,topping_up_by_card,38,62
Do i have to top-up with my credit card before I can transfer?,topping_up_by_card,62,62
"I need my card topped up,",topping_up_by_card,25,62
What steps do I do to transfer money using my credit card?,topping_up_by_card,58,62
I topped up my account but the money isn't there now.,topping_up_by_card,53,62
How can I use my credit card to transfer money?,topping_up_by_card,47,62
How do I use my card to top up?,topping_up_by_card,31,62
"I need to transfer some money, can I use my credit card?",topping_up_by_card,56,62
Why is my 'top up' not showing up in my wallet?,topping_up_by_card,47,62
Can other people top up my account?,topping_up_by_card,35,62
Do the disposable cards have any restrictions on them?,disposable_card_limits,54,30
How many times can I use a virtual card?,disposable_card_limits,40,30
A friend was telling me about her disposable cards. What would I have to do to be able to get that feature?,disposable_card_limits,107,30
Can I have more disposable cards?,disposable_card_limits,33,30
"i tried using a virtual card for a hotel but it didn't work, why not",disposable_card_limits,68,30
What are the guidelines for the disposable cards?,disposable_card_limits,49,30
Do the disposable cards have a transaction limit?,disposable_card_limits,49,30
Can you give me the restrictions of the disposable cards?,disposable_card_limits,57,30
Is there a limit on the number of times I can use a disposable card?,disposable_card_limits,68,30
How many disposable cards am I allowed to have?,disposable_card_limits,47,30
What are the restrictions of the disposable cards?,disposable_card_limits,50,30
What is the most amount of disposable cards allowable?,disposable_card_limits,54,30
Can I get a disposable card?  How many can I have?  How often can I use them?,disposable_card_limits,77,30
What number of transactions can i do with one disposable card?,disposable_card_limits,62,30
Whats the maximum disposable virtual cards?,disposable_card_limits,43,30
How limited is a virtual card?,disposable_card_limits,30,30
What are the disposable cards restrictions?,disposable_card_limits,43,30
"I need multiple cards per day, and they all have to be disposable.",disposable_card_limits,66,30
Is there a limit to the number of disposable cards I can have?,disposable_card_limits,62,30
Can I have more than 2 disposable cards?,disposable_card_limits,40,30
What sort of restrictions are there for the disposable cards?,disposable_card_limits,61,30
What is the limit on disposable cards?,disposable_card_limits,38,30
Help me create several temp cards every day.,disposable_card_limits,44,30
Are there any limits to using disposable virtual cards?,disposable_card_limits,55,30
Are there a certain amount of transactions i can do with one disposable card?,disposable_card_limits,77,30
What are the limitations on the disposable cards?,disposable_card_limits,49,30
"I have a disposable card, how many transactions can I make?",disposable_card_limits,59,30
What are the policies of disposable cards?,disposable_card_limits,42,30
Is there a limit on how many times I can use a disposable card?,disposable_card_limits,63,30
I need to make several disposable cards per day.,disposable_card_limits,48,30
What is the number of transactions I get with a disposable card?,disposable_card_limits,64,30
How many disposable virtual cards can you have?,disposable_card_limits,47,30
Can you tell me the restrictions for the disposable cards?,disposable_card_limits,58,30
How can many disposable cards can I have per day?,disposable_card_limits,49,30
Could you tell me about the restrictions that are on the disposable cards?,disposable_card_limits,74,30
Do the disposable cards have any restrictions?,disposable_card_limits,46,30
I need several cards per day. And I need to be able to throw away all of the cards I make.,disposable_card_limits,90,30
How many times can I use my disposable card?,disposable_card_limits,44,30
With one disposable card how many transactions can i do?,disposable_card_limits,56,30
Is there any limits I should know about if I'm going to use a disposable virtual card?,disposable_card_limits,86,30
I need a number of disposable cards everyday.,disposable_card_limits,45,30
Are there restrictions on disposable virtual cards?,disposable_card_limits,51,30
Please provide me with the restrictions of the disposable cards.,disposable_card_limits,64,30
I have to make several disposable cards per day.,disposable_card_limits,48,30
Am I limited on the amount of disposable cards I can possess?,disposable_card_limits,61,30
how many uses are the disposable cards good for?,disposable_card_limits,48,30
Whats the maximum number of disposable cards that I can get?,disposable_card_limits,60,30
What are some of the restrictions that the disposable cards have?,disposable_card_limits,65,30
What are the restrictions on the virtual cards?,disposable_card_limits,47,30
How many purchases can I make with one disposable card?,disposable_card_limits,55,30
Is it possible to have more than one disposable card?,disposable_card_limits,53,30
Can i make several disposable cardsper day?,disposable_card_limits,43,30
What is limit of disposable cards  I can make per day?,disposable_card_limits,54,30
What are the details of disposable card limitations?,disposable_card_limits,52,30
I need to make multiple disposable cards in a day.,disposable_card_limits,50,30
How many transactions can I do with my disposable card?,disposable_card_limits,55,30
Show me the amount of transactions I can do with a disposable card.,disposable_card_limits,67,30
What is the maximum transactions I can use on a disposable card?,disposable_card_limits,64,30
Are there any limits if I use these virtual cards?,disposable_card_limits,50,30
Are there any restrictions for the disposable cards that I need to be aware of?,disposable_card_limits,79,30
Where can I find a list of descriptions the disposable cards have?,disposable_card_limits,66,30
What limits are there on the virtual cards?,disposable_card_limits,43,30
What is the max amount of disposable cards I'm allowed.,disposable_card_limits,55,30
What stipulations do disposable cards entail?,disposable_card_limits,45,30
How many disposable cards per person?,disposable_card_limits,37,30
Is there a limit to a disposable virtual card?,disposable_card_limits,46,30
Why can't I use a disposable card?,disposable_card_limits,34,30
How many transactions can I make on my disposable card?,disposable_card_limits,55,30
What's the limit for disposable virtual cards?,disposable_card_limits,46,30
How many active transactions can I make with a disposable card?,disposable_card_limits,63,30
Please specify any limitations that come along with disposable cards.,disposable_card_limits,69,30
Are there downsides to using a disposable virtual cards?,disposable_card_limits,56,30
how many transactions can go on a disposable card?,disposable_card_limits,50,30
Is there a transaction limit for a disposable card?,disposable_card_limits,51,30
I need more than one disposable card,disposable_card_limits,36,30
What is the maximum number of transactions that I can put on a disposable card?,disposable_card_limits,79,30
I am required to make several disposable cards every day.,disposable_card_limits,57,30
I must make several disposable cards every day.,disposable_card_limits,47,30
Where can I use a disposable card?,disposable_card_limits,34,30
Are there limits on the virtual cards?,disposable_card_limits,38,30
How many disposable cards can you own?,disposable_card_limits,38,30
Can you tell me more about limits to disposable virtual cards?,disposable_card_limits,62,30
How many transactions can I do with a disposable card?,disposable_card_limits,54,30
How many payments can I make using a virtual card?,disposable_card_limits,50,30
What is the maximum number of transactions I can do with a disposable card?,disposable_card_limits,75,30
Can you tell me if there are limits to disposable virtual cards?,disposable_card_limits,64,30
What are the rules for using disposable virtual cards?,disposable_card_limits,54,30
What are the disposable virtual card limits?,disposable_card_limits,44,30
How many disposable cards can I have at one time?,disposable_card_limits,49,30
How many transactions can be made with a disposable card?,disposable_card_limits,57,30
"i am not a premium customer but i want a virtual card, how do i get it",disposable_card_limits,70,30
I need several disposable cards made per day.,disposable_card_limits,45,30
What is the maximum transactions for one disposable card?,disposable_card_limits,57,30
"For the disposable cards, what are the restrictions?",disposable_card_limits,52,30
Are there any restrictions for the disposable cards?,disposable_card_limits,52,30
Is there a limit on making disposable cards?,disposable_card_limits,44,30
Do the disposable cards have restrictions?,disposable_card_limits,42,30
Can I do more than 10 transactions with a disposable card?,disposable_card_limits,58,30
What are the disposable card limits?,disposable_card_limits,36,30
Is there a limit to using a disposable virtual card?,disposable_card_limits,52,30
I have a disposable virtual card. Is there a limit to how many times I can use it?,disposable_card_limits,82,30
Are there any places that I can't use the disposable cards at?,disposable_card_limits,62,30
Is there a limit to the number of disposable cards per day?,disposable_card_limits,59,30
How many disposable cards can I make in a day?,disposable_card_limits,46,30
let me know how many disposable cards I can have?,disposable_card_limits,49,30
I must make several disposable cards per day.,disposable_card_limits,45,30
Can you please inform me of the restrictions for the disposable cards.,disposable_card_limits,70,30
Is there a limit on disposable cards?,disposable_card_limits,37,30
I have to make more then a few disposable cards per day.,disposable_card_limits,56,30
Are there any restrictions on the disposable cards?,disposable_card_limits,51,30
What are my limits on disposable cards?,disposable_card_limits,39,30
I would like to know what the restrictions are for the disposable cards.,disposable_card_limits,72,30
What is the limits on the number of disposable cards I can have?,disposable_card_limits,64,30
what is the amount of disposable cards I can have?,disposable_card_limits,50,30
"On my disposable card, is there a transaction limit?",disposable_card_limits,52,30
Who can request disposable cards?,disposable_card_limits,33,30
How much transactions do I get with a disposable card?,disposable_card_limits,54,30
What can I and can't do with the disposable cards?,disposable_card_limits,50,30
Is there a transaction limit on a disposable card?,disposable_card_limits,50,30
How many disposable  cards are available per account?,disposable_card_limits,53,30
What is the number of transactions for one disposable card?,disposable_card_limits,59,30
I think someone is using my card without my permission!,compromised_card,55,23
What do I do if I detect fraudulent use on my car?,compromised_card,50,23
I think my account has been hacked there are charges on there I don't recognize.,compromised_card,80,23
I don't recognize some transactions.  Is someone else using it?,compromised_card,63,23
I just got an email in confirming my purchase with my card. I login to the mobile app on the card and found out there are several purchase were made without me aware of it. Evidently someone had stole my card information and made these fraudulent purchase. I need the transaction to be reverse and have my card suspended.,compromised_card,321,23
How do I stop fraud to my account?,compromised_card,34,23
card is being used by someone else,compromised_card,34,23
I think someone else is using my card.,compromised_card,38,23
Someone might be using my card that is not me.,compromised_card,46,23
There are strange transactions on my account.  What should I do if I think someone stole my details?,compromised_card,100,23
I sees some suspicious spending on my credit card that I don't recall I had made. What should I do?,compromised_card,99,23
"It looks like someone besides me ordered something with my card, what should I do?",compromised_card,82,23
There are charges on my card that I haven't purchased.,compromised_card,54,23
Someone might be using my card.  What should I do?,compromised_card,50,23
I suspect someone used my card.,compromised_card,31,23
Please tell me how you can stop unauthorized payments from being made on my card since on this bill I see that this has happened. There are transactions that I never made from a place I've never been to.,compromised_card,203,23
I think that somebody is utilizing my card without my authorization!,compromised_card,68,23
"There are a few transaction that I don't recognize, I think someone managed to get my card details and use it.
",compromised_card,111,23
Someone has been using my card. There are unfamiliar transactions on there. Can you freeze the card to keep this from happening?,compromised_card,128,23
What can I do if my card details where stolen from my car? I think they used my card to buy gas.,compromised_card,96,23
I want to cancel my card. I think someone else is using it.,compromised_card,59,23
"I can't be sure, but I think that someone may be using my card.",compromised_card,63,23
What should I do if I think someone is using my card without my permission?,compromised_card,75,23
I believe that someone is using my card without my knowledge!,compromised_card,61,23
There is unusual activity on my account and I believe someone took my card.,compromised_card,75,23
Someone must have found my card details as I don't recognize these transactions.,compromised_card,80,23
Should I order a new card before I freeze my original one?,compromised_card,58,23
"I think that someone may be using my card, but I'm not sure,.",compromised_card,61,23
I think someone has hacked my card!,compromised_card,35,23
My card has been compromised. I see a bunch of online shopping charges that I didn't make. I need to freeze it immediately.,compromised_card,123,23
I think my card has been used by somebody else since I was never in the little town where some transactions on this bill have come from. Please stop this right away.,compromised_card,165,23
am suspicious of my card's security,compromised_card,35,23
"Someone is making transactions on my account, I think they took my card information.",compromised_card,84,23
I think someone stole my card number and brought stuff in different places that I have never been to. I need to suspend any further purchase on my credit card.,compromised_card,159,23
There's a possibility that my card was compromised.,compromised_card,51,23
What should I do if I think there are unauthorized transactions?,compromised_card,64,23
How do I stop fraud to my card?,compromised_card,31,23
am afraid someone may have gained access to the info on my card.,compromised_card,64,23
My statement shows charges for things I never purchased. Were my account details stolen?,compromised_card,88,23
What should I do if someone else used my card?,compromised_card,46,23
What steps can I take if someone else is using my card?,compromised_card,55,23
Someone might have had access to my card.,compromised_card,41,23
What should I do if I think someone stole my details and used my information to make some transactions?,compromised_card,103,23
I am not sure but someone else might be using my card,compromised_card,53,23
What to do if my card has been used without my permission?,compromised_card,58,23
Someone used my card without my permission.,compromised_card,43,23
think someone is using my card with permission,compromised_card,46,23
I see some transactions that I don't recognize.  I think someone stole my details.,compromised_card,82,23
How can I tell if someone else is using my card?,compromised_card,48,23
What do I do if I believe to be a victim of credit card fraud?,compromised_card,62,23
"My card info was stolen, what do I do?",compromised_card,38,23
"i didnt make these transactions, i think my card details might be stolen",compromised_card,72,23
I have transactions that I don't recognize - I think someone is using my card.,compromised_card,78,23
"my card details could be stolen, as i didnt make these transactions",compromised_card,67,23
What do I do if someone used my card without my permission?,compromised_card,59,23
There are transactions that I don't recognize. What do I do if I think someone is using my card?,compromised_card,96,23
"Can you check about unauthorized use of my card, I think someone is using mine without my knowledge?",compromised_card,100,23
I noticed my card was used in a small town that I have never been to. Can you stop the card from being used more?,compromised_card,113,23
"I froze my account, but how do I order a replacement card?",compromised_card,58,23
What do I do if I think someone has used my card?,compromised_card,49,23
My card was stolen and used to make several purchases. Please freeze my card so no one can use it.,compromised_card,98,23
"There are transactions that I don't remember making, i think someone might have gotten my card details and is now using it.",compromised_card,123,23
My card information seems to have been stolen! I don't know where these transactions came from and I've never even been to the city where they were made. I need my card blocked ASAP so this person can't keep using my card.,compromised_card,222,23
"My card was used without my permission, what do I do?",compromised_card,53,23
What do I do if I think someone has used my card without permission? I can see a few transactions I don't recognize.,compromised_card,116,23
Questionable transactions on my account.,compromised_card,40,23
I have some transactions on my account I did not make. Can you cancel my card and prevent further use.,compromised_card,102,23
Someone besides me might be using my card.,compromised_card,42,23
Someone hacked into my cards account.,compromised_card,37,23
How do I report fraud on my card?,compromised_card,33,23
How do I report possible fraudulent activity on my account?,compromised_card,59,23
Someone else might be using my card without my permission.,compromised_card,58,23
My card must have used my card as there are some transactions that I haven't done myself..,compromised_card,90,23
How do I order a replacement for stolen card?,compromised_card,45,23
"i dont recognise some of these transactions, i think someone has my card details",compromised_card,80,23
Somebody used my card without my knowledge!,compromised_card,43,23
I think my card has been compromised in some way.,compromised_card,49,23
What should I do if I think that someone might be using me card?,compromised_card,64,23
"I might be paranoid, but someone may be using my card.",compromised_card,54,23
My wallet was stolen and all my credit cards were in there.  HELP?!!?,compromised_card,69,23
There are fraudulent charges that I didn't make on my card. Can you please put in the safeguards necessary to stop this from happening anymore?,compromised_card,143,23
The card has suffered a security breach.,compromised_card,40,23
My card data has been exposed.,compromised_card,30,23
"There are transactions that I did not make on my account, I think someone has my information.",compromised_card,93,23
I think someone may be using my card.,compromised_card,37,23
I didn't make these transactions. Is someone else using my card?,compromised_card,64,23
I can use this card at which ATMs?,atm_support,34,4
Can I use the card at any cash machine?,atm_support,39,4
What locations can I get money from?,atm_support,36,4
What ATMs take this card?,atm_support,25,4
Which ATM's can I use to make a withdrawal?,atm_support,43,4
Do all ATMs accept this card?,atm_support,29,4
Will this card work at any ATM?,atm_support,31,4
Which ATMs am I allowed to get money from?,atm_support,42,4
Where is the closest ATM to me?,atm_support,31,4
Which ATMs accept this bill of fare ?,atm_support,37,4
Do I have to use a bank approved ATM to withdraw money?,atm_support,55,4
How do I withdraw money?,atm_support,24,4
Can I use this card at any ATM?,atm_support,31,4
What locations allow me to withdraw money?,atm_support,42,4
What ATMs accept my card?,atm_support,25,4
Can I use my card to withdraw from my account?,atm_support,46,4
Can you tell me where I can withdraw money?,atm_support,43,4
What kind of ATMs would this card be accepted at?,atm_support,49,4
Are there specific ATM's that I can draw money from?,atm_support,52,4
Where can money withdrawals be made?,atm_support,36,4
Do I have to use bank approved ATM's,atm_support,36,4
Where can I find Mastercard ATMs?,atm_support,33,4
What ATMs can I use my card at?,atm_support,31,4
What ATM machines allow this card?,atm_support,34,4
Where can I do a cash withdrawal?,atm_support,33,4
Where should I withdraw money from?,atm_support,35,4
Where are the ATMs that accept this card?,atm_support,41,4
Is there a way to find an ATM around me?,atm_support,40,4
Will any ATM's decline my card?,atm_support,31,4
What ATMs can I use my card?,atm_support,28,4
What cash stations take this card?,atm_support,34,4
"
At which ATMs can I use this card?",atm_support,35,4
Please provide me a list of ATMs that accept my card.,atm_support,53,4
Can I use my card at an ATM?,atm_support,28,4
Where is the closest ATM I can use?,atm_support,35,4
Where is the nearest Mastercard ATM?,atm_support,36,4
Where can I get money from my card?,atm_support,35,4
How can I find an ATM that accepts this card?,atm_support,45,4
I need an ATM right now!,atm_support,24,4
Which ATMs accept Mastercard?,atm_support,29,4
What is the closest ATM?,atm_support,24,4
What ATMs use this card?,atm_support,24,4
What ATMs can I use this card?,atm_support,30,4
Can I get money out of any machine?,atm_support,35,4
Is the closest ATM to me within 2 miles?,atm_support,40,4
I need to withdraw money. Where can I do that?,atm_support,46,4
Can I use my card in another institutions ATM?,atm_support,46,4
Where is a ATM that accepts Mastercard?,atm_support,39,4
Where are the Mastercard ATMs?,atm_support,30,4
Where can I withdraw money from?,atm_support,32,4
"
Where can I withdraw money from?",atm_support,33,4
Can I use a different bank ATM than my own?,atm_support,43,4
need to know places i can withdraw money,atm_support,40,4
The card can be used at which ATMs?,atm_support,35,4
What's the closest place to withdraw money?,atm_support,43,4
Is there a list of ATMs that take this card?,atm_support,44,4
Is there a Mastercard ATM nearby?,atm_support,33,4
Am I limited to what ATM I can use my card?,atm_support,43,4
how do I know where I can get money withdrawn?,atm_support,46,4
Tell me what ATMs take this card.,atm_support,33,4
Where are the ATMs that I can use Mastercard?,atm_support,45,4
Where is an ATM?,atm_support,16,4
Which locations can I withdraw money from?,atm_support,42,4
Can this card be used at all ATMs?,atm_support,34,4
Are there any ATM's near me that accept this card?,atm_support,50,4
I need help from someone in your department with finding my nearest ATM.,atm_support,72,4
what are the locations i can withdraw money,atm_support,43,4
Which ATMs accept this circuit board ?,atm_support,38,4
How many ATMs will take this card?,atm_support,34,4
What ATMs can I use this card at?,atm_support,33,4
Is this card accepted by ATMs?,atm_support,30,4
Are there only certain ATM machines where I can use this card?,atm_support,62,4
Where can I find a Mastercard ATM?,atm_support,34,4
Tell me what ATMs use this card.,atm_support,32,4
Which ATMs take the card?,atm_support,25,4
How far is the closest ATM from me?,atm_support,35,4
Can you tell me the ATMs I can use with my card?,atm_support,48,4
Where is a Mastercard ATM?,atm_support,26,4
I need to know where I can withdraw money.,atm_support,42,4
Are there specific ATM's I can use with this card?,atm_support,50,4
Where can I find an ATM?,atm_support,24,4
How can I tell if an AMT will take this card?,atm_support,45,4
How do I know it is a Mastercard ATM?,atm_support,37,4
"ATMs, which ones will accept this card?",atm_support,39,4
What ATM locations are near me?,atm_support,31,4
What ATM accepts Mastercard?,atm_support,28,4
Can I withdraw from any ATM?,atm_support,28,4
"Hi, i found a large amount payment in my old statements which i am sure was not made by me. I am aware that the time has passed but is there a way to raise a dispute for this payment now?",direct_debit_payment_not_recognised,187,29
what is the word?,direct_debit_payment_not_recognised,17,29
Please help my find out why there is an odd direct debit in my records.,direct_debit_payment_not_recognised,71,29
I am seeing in the App a diret debit that its not mine,direct_debit_payment_not_recognised,54,29
There is a direct debit payment that I did not make.,direct_debit_payment_not_recognised,52,29
There is a strange charge on my debit statement,direct_debit_payment_not_recognised,47,29
There is a Direct Debit that looks suspicious.,direct_debit_payment_not_recognised,46,29
Is there a way for you to find out why my account was deducted from a seller when I didn't approve of it?,direct_debit_payment_not_recognised,105,29
Why is there a direct debit payment on my statement that I didn't do?,direct_debit_payment_not_recognised,69,29
A direct debit payment that I didn't authorise shows up in my app.,direct_debit_payment_not_recognised,66,29
My app is showing a payment that I know I did not do. Can you please cancel that transaction and credit my account please?,direct_debit_payment_not_recognised,122,29
i would like to dispute a direct debit payment,direct_debit_payment_not_recognised,46,29
Is it possible to dispute a debit payment from a couple of months ago.,direct_debit_payment_not_recognised,70,29
A direct debit payment I didn't do shows in my app,direct_debit_payment_not_recognised,50,29
I see a direct debit transaction in my history that I did not set up.,direct_debit_payment_not_recognised,69,29
A false direct debit payment is showing in my app,direct_debit_payment_not_recognised,49,29
I do not understand what this particular direct debit is ?,direct_debit_payment_not_recognised,58,29
There was some money taken from my account that I don't remember paying for. Am I able to look up this transaction which was a few weeks ago to see who took out the money? Im not sure I need a refund just want to check to make sure it's legit.,direct_debit_payment_not_recognised,243,29
Please tell me what this direct debit in my statement is,direct_debit_payment_not_recognised,56,29
what is this charge on my card?,direct_debit_payment_not_recognised,31,29
"A few weeks ago, a strange transaction was made on my account by a seller I don't know. I am quite sure I didn't do it and will like for you to check it for me.",direct_debit_payment_not_recognised,160,29
Is there a strict timeline regarding disputing transactions made on my account? I just noticed a fraudulent charge on a statement from a couple months ago.,direct_debit_payment_not_recognised,155,29
There is a mysterious debit transaction on my statement,direct_debit_payment_not_recognised,55,29
what is the matter?,direct_debit_payment_not_recognised,19,29
My account shows I made a debit payment to someone that I can't recall and would like to find out who the payment was made to.,direct_debit_payment_not_recognised,126,29
I don't recognize the direct debit payment from the app.,direct_debit_payment_not_recognised,56,29
I need a refund on a direct debit that shows in the app because I did not make it.,direct_debit_payment_not_recognised,82,29
"hey, I think someone stole my card numbers. There is a purchase showing up on my app from a store pretty far away from me.. I really need that money back to pay my rent.",direct_debit_payment_not_recognised,169,29
I was just going over my transactions for the past couple of months and noticed a large type charge that I know I did not make. Even though it's been a while can I please still dispute this?,direct_debit_payment_not_recognised,190,29
There was a charge made on my card from a couple weeks ago and I don't remember making the purchase. Nor do I remember the company itself. Can we trace this at all to confirm if I did it or not?,direct_debit_payment_not_recognised,194,29
There is a direct debit payment I don't recognize.,direct_debit_payment_not_recognised,50,29
What is this direct debit in my statement?,direct_debit_payment_not_recognised,42,29
This debit is not my transcation. How do I get my money out back?,direct_debit_payment_not_recognised,65,29
How can I get my money back for a payment i didnt make,direct_debit_payment_not_recognised,54,29
I don't recognize the direct debit payment on my account.,direct_debit_payment_not_recognised,57,29
A direct debit appears in the app but I didn't authorize it.,direct_debit_payment_not_recognised,60,29
I'm seeing a direct debit payment that is not me.,direct_debit_payment_not_recognised,49,29
I see a direct debit transaction that I didn't make.,direct_debit_payment_not_recognised,52,29
Could I raise a dispute for a large payment that i found out was not done by me in my couple of last statements? I am aware its delayed now. Please help me out.,direct_debit_payment_not_recognised,160,29
I don't know where a direct debit payment came from,direct_debit_payment_not_recognised,51,29
Who do I contact if there is a direct debit that I did not create.,direct_debit_payment_not_recognised,66,29
There was a direct debit from my account and I didn't authorise it,direct_debit_payment_not_recognised,66,29
"I'm checking my statements and I saw a purchase from a couple weeks ago that I don't recall at all. Not only that, but I don't even know the business that charged it. I'm not sure if I did it or not, but can we check it and see if we can trace it back to make certain?",direct_debit_payment_not_recognised,268,29
I don't recognise a Direct Debit payment,direct_debit_payment_not_recognised,40,29
There is a direct debit transaction on my statement that I think is not mine. How do I remove?,direct_debit_payment_not_recognised,94,29
there is a debit i dont recognize,direct_debit_payment_not_recognised,33,29
There are automatic debits on my account that I did not make.,direct_debit_payment_not_recognised,61,29
I may need to dispute a Direct Debit payment.,direct_debit_payment_not_recognised,45,29
"There's a weird payment showing in my app that I definitely haven't made myself, as I haven't used the card at all that day. Please cancel that and return my money.",direct_debit_payment_not_recognised,164,29
There is a direct debit fee in the App that I didn't do.,direct_debit_payment_not_recognised,56,29
What do I do about a debit on my account that I didn't make?,direct_debit_payment_not_recognised,60,29
I did not set up a direct debit I have,direct_debit_payment_not_recognised,38,29
"If I found an error in my account for a transaction I didn't make, how long to I have to dispute it?",direct_debit_payment_not_recognised,100,29
There is a direct debit transaction that I did not authorize,direct_debit_payment_not_recognised,60,29
Can you help me figure out what is going on with a debit payment that is showing up on my account I am not sure is suppose to be there.,direct_debit_payment_not_recognised,135,29
I am seeing a direct debit I wasn't aware of.,direct_debit_payment_not_recognised,45,29
I found a charge on my debit that I did not make.,direct_debit_payment_not_recognised,49,29
How can I dispute a direct debit transaction?,direct_debit_payment_not_recognised,45,29
How can I dispute a debit transaction?,direct_debit_payment_not_recognised,38,29
My statement shows a strange direct debit.,direct_debit_payment_not_recognised,42,29
"I have an unknown debit charge in my statement, why?",direct_debit_payment_not_recognised,52,29
"I just noticed that I supposedly made a payment to a seller a while back. The problem is, I don't recognize the seller. There must be a way to see who it is or track the payment. Can you do that, because I don't remember this transaction?",direct_debit_payment_not_recognised,238,29
"In my app, a direct debit payment that I didn't do shows up.",direct_debit_payment_not_recognised,60,29
There's an unauthorized direct debit in my app.,direct_debit_payment_not_recognised,47,29
I see a direct debit that isn't mine? How can I get my money back?,direct_debit_payment_not_recognised,66,29
My account statements show a debit payment that I didn't make it's from some time ago I need to know if it is disputable.,direct_debit_payment_not_recognised,121,29
There is a debit transaction on my statement that I did not make,direct_debit_payment_not_recognised,64,29
There is a direct debit payment on my account that I didn't authorize.,direct_debit_payment_not_recognised,70,29
I didn't set up the direct debit I have,direct_debit_payment_not_recognised,39,29
What do I do if I find a debit charge that I know I didn't do in my billing statement?,direct_debit_payment_not_recognised,86,29
i do not know what this charge is for,direct_debit_payment_not_recognised,37,29
What do I do if there is a direct debit on my account that shouldn't be there?,direct_debit_payment_not_recognised,78,29
I think I am a victim of fraud.  I noticed there was a charge on my account that I didn't do because I haven't touched my card today.  Can you please reverse the charge and refund my money?,direct_debit_payment_not_recognised,189,29
There is a direct debit charge on my account that I don't recognize.,direct_debit_payment_not_recognised,68,29
"Recently, a few weeks ago there was a transaction made on my account by some seller that I don't recognize. I am very certain that didn't happen  and will like for you to trace back to make sure.",direct_debit_payment_not_recognised,195,29
Someone else charged my card!,direct_debit_payment_not_recognised,29,29
"Am I able to look back at a transaction to see who with drawled some money from my account? I don't remember authorizing this a few weeks ago, but wanted to double check who took the money.",direct_debit_payment_not_recognised,189,29
How do I dispute a direct debit on my account?,direct_debit_payment_not_recognised,46,29
I did not make a direct debit payment as listed on my app,direct_debit_payment_not_recognised,57,29
There's a direct debit payment that I don't recognize.,direct_debit_payment_not_recognised,54,29
How do I dispute a debit that I didn't make?,direct_debit_payment_not_recognised,44,29
I don't know where this debit transaction on my statement came from.,direct_debit_payment_not_recognised,68,29
The app is showing a direct debit transaction that I did not perform,direct_debit_payment_not_recognised,68,29
The app is showing a direct debit payment that I never made,direct_debit_payment_not_recognised,59,29
"I was checking the app for my account and I noticed there is an authorized charge on it.  I haven't used my card today, so I know I didn't do it.  I would like the transaction reversed and the money replaced.",direct_debit_payment_not_recognised,208,29
I want a refund on a direct debit.,direct_debit_payment_not_recognised,34,29
"Hi, i was checking my old statements and found a discrepancy with a large amount transaction. I am sure it was not done by me. Please let me know if i could raise a dispute as its very late.",direct_debit_payment_not_recognised,190,29
There is a debit paymet that I don't recognize.,direct_debit_payment_not_recognised,47,29
What can I do about a direct debit transaction on my card that I didn't make?,direct_debit_payment_not_recognised,77,29
I need assistance addressing a direct debit that I did not do myself.,direct_debit_payment_not_recognised,69,29
I see a direct debit transaction in my app that I didn't make.,direct_debit_payment_not_recognised,62,29
I see a direct debit payment on my statement that wasn't me,direct_debit_payment_not_recognised,59,29
How long after I receive my statement can I dispute payments on it?,direct_debit_payment_not_recognised,67,29
How do I dispute a direct debit transaction?,direct_debit_payment_not_recognised,44,29
"I notice a transaction a couple of weeks ago in my account, from a seller that I don't recognize. Is there a way we can trace back the information to make sure it was truly something I did?",direct_debit_payment_not_recognised,189,29
what is this charge i didnt do it what can i do,direct_debit_payment_not_recognised,47,29
I have a direct debit on my records that is strange and I need help.,direct_debit_payment_not_recognised,68,29
I would like to dispute a payment I didnt make,direct_debit_payment_not_recognised,46,29
I found a direct debit I would like to dispute,direct_debit_payment_not_recognised,46,29
"I saw money was taken out of my account by a seller a while back. I do not recognize the seller, but I'm pretty certain I didn't make that payment. Can you track who the seller is?",direct_debit_payment_not_recognised,180,29
There is a direct debit patentp that I haven't authorized.,direct_debit_payment_not_recognised,58,29
I can't recognise this Direct Debit payment.,direct_debit_payment_not_recognised,44,29
I would like to dispute a direct debit transaction,direct_debit_payment_not_recognised,50,29
"Please help! I was looking at my account and saw a transaction with a seller I don't remember. Is it possible for you to track the sale, because I really don't think I made a payment to them.",direct_debit_payment_not_recognised,191,29
Why is there a direct debit set up in my name?,direct_debit_payment_not_recognised,46,29
I don't recognize this debit transaction in my billing statement?,direct_debit_payment_not_recognised,65,29
I didn't set up a direct debit payment on my account.,direct_debit_payment_not_recognised,53,29
I need to dispute a direct debit.,direct_debit_payment_not_recognised,33,29
My account shows a direct debit charge that I have never seen before,direct_debit_payment_not_recognised,68,29
I might have been charged on my debit statement by fraud.,direct_debit_payment_not_recognised,57,29
"I just went through a old statement and noticed that a very large payment went through and i did not make it. It was from a few months ago, can I still dispute the payment?",direct_debit_payment_not_recognised,172,29
I am not recognizing a debit payment from my account.,direct_debit_payment_not_recognised,53,29
I have a direct debit that I did not set up,direct_debit_payment_not_recognised,43,29
I have gone through my statements and noticed there is a large payment that I did not make. Can i still dispute the payment? its been a while,direct_debit_payment_not_recognised,141,29
I see a charge for a direct debit that was not me.,direct_debit_payment_not_recognised,50,29
There was a strange transaction made on my account a couple weeks ago by a seller I don't recognize. May you please check on this transaction for me.,direct_debit_payment_not_recognised,149,29
There is a potentially fraudulent direct debit on my account.,direct_debit_payment_not_recognised,61,29
I have a direct debit I didn't set up,direct_debit_payment_not_recognised,37,29
Help!  In the app there is a direct debit that I don't remember.,direct_debit_payment_not_recognised,64,29
Please help me regarding a direct debit in the app that I don't recognize.,direct_debit_payment_not_recognised,74,29
how do i get a refund for a direct debit payment i didn't make,direct_debit_payment_not_recognised,62,29
I need to cancel a transaction on my debit card.,direct_debit_payment_not_recognised,48,29
I think I was charged by mistake on my debit statement.,direct_debit_payment_not_recognised,55,29
Purchases I did not make are appearing in my bank statement?,direct_debit_payment_not_recognised,60,29
"On my app I can see that a direct debit payment that I didn't do, appears.",direct_debit_payment_not_recognised,74,29
There's a payment showing in the app today even though I have not used my card at all. I want a refund.,direct_debit_payment_not_recognised,103,29
Unusual direct deposit,direct_debit_payment_not_recognised,22,29
I didn't make the direct debit payment on my account.,direct_debit_payment_not_recognised,53,29
People are using my debit card - help!,direct_debit_payment_not_recognised,38,29
I have an unfamiliar direct debit in my statement.,direct_debit_payment_not_recognised,50,29
How do I dispute a direct debit that I didn't do?,direct_debit_payment_not_recognised,49,29
Weird Direct Debit payment,direct_debit_payment_not_recognised,26,29
I have an unauthorized direct debit on my account,direct_debit_payment_not_recognised,49,29
I have an unknown charge.,direct_debit_payment_not_recognised,25,29
What do I do if there is an electronic debit that is not correct?,direct_debit_payment_not_recognised,65,29
There is a payment showing that I know I didn't make. I didn't use my card that day and I'm sure of it. Can you please cancel that transaction and return my money? Thankyou,direct_debit_payment_not_recognised,172,29
after going over my transactions for the last couple of months I noticed a pretty large charge that I know I did not make. I know it's been a while but can I still dispute this charge?,direct_debit_payment_not_recognised,184,29
Someone else made a Direct Debit transaction on my account,direct_debit_payment_not_recognised,58,29
How can I dispute a direct debit charge on my account?,direct_debit_payment_not_recognised,54,29
I have a direct debit I didn't make,direct_debit_payment_not_recognised,35,29
I have an unauthorized charge.,direct_debit_payment_not_recognised,30,29
A debit came through that I need to dispute.,direct_debit_payment_not_recognised,44,29
There is a payment in my app that I did not make.  I have not used that card all day  Please reimburse my money.,direct_debit_payment_not_recognised,112,29
I don't know what this Direct Debit payment is.,direct_debit_payment_not_recognised,47,29
I see a direct debit payment on my app that I did not do,direct_debit_payment_not_recognised,56,29
How do I get a refund for an unauthorized direct debit payment?,direct_debit_payment_not_recognised,63,29
There was a direct debit I don't recognize.,direct_debit_payment_not_recognised,43,29
I see an unfamiliar Direct Debit payment.,direct_debit_payment_not_recognised,41,29
In the app I see a direct debit that I don't recognize.,direct_debit_payment_not_recognised,55,29
Why am I seeing a direct debit thats not mine?,direct_debit_payment_not_recognised,46,29
Can I dispute a debit payment that I am seeing that I didn't make from a couple of months ago?,direct_debit_payment_not_recognised,94,29
There is a direct debit set up that I didn't create.,direct_debit_payment_not_recognised,52,29
"There is a direct debit charge that I don't recognize, what can I do?",direct_debit_payment_not_recognised,69,29
"I have not used my card all day, however, there is an unusual payment showing in my app.  I would like to have that amount reimbursed.",direct_debit_payment_not_recognised,134,29
I don't know what this Direct Debit payment on my account is for.,direct_debit_payment_not_recognised,65,29
There is a direct debit charge on my account that is not mine.,direct_debit_payment_not_recognised,62,29
I see a direct debit transaction in the app that is not mine,direct_debit_payment_not_recognised,60,29
There is a direct debit set up that was not authorized by me.,direct_debit_payment_not_recognised,61,29
I didn't initiate a direct debit that I see on my account,direct_debit_payment_not_recognised,57,29
Why is there a direct debit fee in the App when I didn't do it?,direct_debit_payment_not_recognised,63,29
There is a payment I don't recognise!,direct_debit_payment_not_recognised,37,29
A couple weeks ago there was a debit taken from my account from a transaction I don't recall. Is it possible to trace this transaction to make sure I'm not being scammed?,direct_debit_payment_not_recognised,170,29
What should I do about a direct debit that I did not set up?,direct_debit_payment_not_recognised,60,29
There was a direct debit transaction I have don't think should be there.,direct_debit_payment_not_recognised,72,29
I just found a payment from a while back in my account that I didn't make.  Can I still dispute it even though it was a couple of months ago?,direct_debit_payment_not_recognised,141,29
I do not recognize a direct debit payment that I see on my app,direct_debit_payment_not_recognised,62,29
My account was charged a debit payment I don't recognize.,direct_debit_payment_not_recognised,57,29
"In my app, a direct debit payment I didn't do shows in my app",direct_debit_payment_not_recognised,61,29
My accounts been charged a payment for something I didn't make.,direct_debit_payment_not_recognised,63,29
looking back on my transactions from a couple of months ago I have noticed a charge that is fairly large that I'm certain was not completed by me. I know it has been a while but can I please dispute this charge?,direct_debit_payment_not_recognised,211,29
I see a direct debit charge that I did not approve,direct_debit_payment_not_recognised,50,29
The app shows Direct Debit payments that I didn't make,direct_debit_payment_not_recognised,54,29
I have an unknown direct debit payment on my account,direct_debit_payment_not_recognised,52,29
"There is a direct debit that I didn't set up, what should I do?",direct_debit_payment_not_recognised,63,29
I see a direct debit that I didn't authorize,direct_debit_payment_not_recognised,44,29
"I know this very late, but I just went through my statements from the last couple months and there's one quite large-ish payment that I definitely haven't made. Is it still possible to dispute it?",direct_debit_payment_not_recognised,196,29
I checked my account and see that funds were deducted from a seller I didn't approve of. Can you help me understand?,direct_debit_payment_not_recognised,116,29
There is a transaction showing in my app that I did not make as I have not used that card all day.  Please reimburse this amount to my account.,direct_debit_payment_not_recognised,143,29
My app shows a direct debit that isn't mine.,direct_debit_payment_not_recognised,44,29
I haven't used my card all day but there is a payment showing in the app. Please cancel it!,direct_debit_payment_not_recognised,91,29
There is a payment showing on my app that I didn't do. Will you please cancel this payment and refund my money ?,direct_debit_payment_not_recognised,112,29
Why is there a direct debit to my account? I didn't do that.,direct_debit_payment_not_recognised,60,29
Help me!  I don't know what my password is.,passcode_forgotten,43,45
"I thought I knew my password but I guess I was wrong, what can I do now?",passcode_forgotten,72,45
I am unable to access my app due to forgetting my passcode.,passcode_forgotten,59,45
I can't recall my password.,passcode_forgotten,27,45
What should I do if I don't know my password?,passcode_forgotten,45,45
Need a new passcode.,passcode_forgotten,20,45
I can't log in with this passocde,passcode_forgotten,33,45
I forgot my passcode. Now what?,passcode_forgotten,31,45
What are the steps to reset my passcode?,passcode_forgotten,40,45
Where do I go to reset the passcode?,passcode_forgotten,36,45
I am unaware of what my password is.,passcode_forgotten,36,45
I can't remember my passcode.,passcode_forgotten,29,45
I forgot my code,passcode_forgotten,16,45
Help me.  The passcode doesn't work.,passcode_forgotten,36,45
The passcode isn't working for me.,passcode_forgotten,34,45
Is there a way to recover my password?,passcode_forgotten,38,45
Can you lookup my password?,passcode_forgotten,27,45
What is my password?,passcode_forgotten,20,45
I forgot my password to get into the app!,passcode_forgotten,41,45
Why doesn't my passcode work?,passcode_forgotten,29,45
I happened to forget my password,passcode_forgotten,32,45
I forgot the passcode on my app.,passcode_forgotten,32,45
I seem to of forgotten my passcode.,passcode_forgotten,35,45
I do not understand why my pass-code is not working.,passcode_forgotten,52,45
My passcode won't work.,passcode_forgotten,23,45
How do I reset my passcode?,passcode_forgotten,27,45
Not sure what my password is.,passcode_forgotten,29,45
how to recover my passcode,passcode_forgotten,26,45
I don't remember my login code,passcode_forgotten,30,45
I need a new login code,passcode_forgotten,23,45
Help!  I forgot my password.,passcode_forgotten,28,45
I happened to forget my passcode,passcode_forgotten,32,45
"what is going on, i have entered my passcode and its not working",passcode_forgotten,64,45
passcode retrieval,passcode_forgotten,18,45
My passcode is not being accepted,passcode_forgotten,33,45
I would like to better understand why my pass-code is not working.,passcode_forgotten,66,45
I can't find my code,passcode_forgotten,20,45
My password doesn't work.,passcode_forgotten,25,45
My passcode was denied.,passcode_forgotten,23,45
I don't know the code for the app.,passcode_forgotten,34,45
I can't remember my password.,passcode_forgotten,29,45
Please help me.  I don't know my code to get into the app.,passcode_forgotten,58,45
"I used to know my password, but not anymore.",passcode_forgotten,44,45
I've forgotten my passcode. Can I reset?,passcode_forgotten,40,45
I am entering my passcode but getting an error.,passcode_forgotten,47,45
I don't remember my password,passcode_forgotten,28,45
Where can I get a new passcode?,passcode_forgotten,31,45
What are the steps for changing my passcode?,passcode_forgotten,44,45
I lost the code and can not get into the app. Help!,passcode_forgotten,51,45
I think my passcode was changed,passcode_forgotten,31,45
How can I reset the passcode if I need to do that?,passcode_forgotten,50,45
I can't log into my account because I lost my password,passcode_forgotten,54,45
What do I do if I can't access my passcode?,passcode_forgotten,43,45
The app passcode has completely slipped my mind.,passcode_forgotten,48,45
Can you help me reset my passcode? I forgot it.,passcode_forgotten,47,45
How do I change my passcode?,passcode_forgotten,28,45
I cannot remember my passcode.,passcode_forgotten,30,45
I don't have a password.,passcode_forgotten,24,45
Where do I go to reset my passcode?,passcode_forgotten,35,45
What do I do if I forgot my passcode?,passcode_forgotten,37,45
I've completely forgot the code to get into the app.,passcode_forgotten,52,45
How can I go about resetting my passcode?,passcode_forgotten,41,45
How can I change my password?,passcode_forgotten,29,45
Is there a way to reset the passcode?,passcode_forgotten,37,45
I can't log in,passcode_forgotten,14,45
Help! I've forgot my app passcode!,passcode_forgotten,34,45
"I need to reset my passcode, this one isn't working",passcode_forgotten,51,45
I don't remember my passcode?,passcode_forgotten,29,45
What do I do if I have forgotten my passcode?,passcode_forgotten,45,45
Can you tell me my code to get into the app?,passcode_forgotten,44,45
"I cannot remember my passcode, is there a way to retrieve it?",passcode_forgotten,61,45
What should I do if my passcode won't work?,passcode_forgotten,43,45
I have forgotten my passcode,passcode_forgotten,28,45
Can my password be reset if I do not have it?,passcode_forgotten,45,45
I can't access my account.,passcode_forgotten,26,45
Lost password,passcode_forgotten,13,45
"I'm locked out of my account as I can't remember my code, what do I do now?",passcode_forgotten,75,45
"Disaster, I've totally forgotten my passcode, can you help me?",passcode_forgotten,62,45
"I want to reset my passcode, how can I do that?",passcode_forgotten,47,45
I tried entering my passcode and it isn't working. Can you help?,passcode_forgotten,64,45
I can't get into the app with the passcode.,passcode_forgotten,43,45
For some reason I forgot the passcode I have.,passcode_forgotten,45,45
I've forgotten my app passcode completely.,passcode_forgotten,42,45
How do I reset my password?,passcode_forgotten,27,45
I lost my passcode.,passcode_forgotten,19,45
I don't know my password anymore.,passcode_forgotten,33,45
Instruct me how to reset the passcode.,passcode_forgotten,38,45
I can't remember what my password is,passcode_forgotten,36,45
I need to reset my passcode. Where do I go to do that?,passcode_forgotten,54,45
How can I reset my passcode?,passcode_forgotten,28,45
How do I get the passcode reset?,passcode_forgotten,32,45
Can someone please help assist me by explaining to me why my pass-code is not working?,passcode_forgotten,86,45
I don't have my passcode to access the app.,passcode_forgotten,43,45
Can I reset the passcode?,passcode_forgotten,25,45
Are there directions to get a new passcode if I forgot mine?,passcode_forgotten,60,45
I need to reset the passcode.,passcode_forgotten,29,45
I can't enter my passcode.,passcode_forgotten,26,45
I think I forgot my passcode,passcode_forgotten,28,45
I don't know my password,passcode_forgotten,24,45
I forgot the code I need to get into the app.,passcode_forgotten,45,45
"I don't know what my passcode is, can you help?",passcode_forgotten,47,45
How can i reset my passcode ?,passcode_forgotten,29,45
What can I do if my passcode won't work?,passcode_forgotten,40,45
"I can't remember my app code, can you reset it?",passcode_forgotten,47,45
Can someone help with my passcode?,passcode_forgotten,34,45
"I tried to withdraw cash and got declined, why is that?",declined_cash_withdrawal,55,27
Why was I declined when I tried to get my money?,declined_cash_withdrawal,48,27
I could not access my money at the ATM,declined_cash_withdrawal,38,27
"i needed money for a night out with the girls but i was declined, why?",declined_cash_withdrawal,70,27
Why was I blocked from withdrawing from the ATM?,declined_cash_withdrawal,48,27
I tried to get funds in hard cash but it was rejected!,declined_cash_withdrawal,54,27
Why won't cash come out of the ATM?,declined_cash_withdrawal,35,27
My withdrawals were going smooth until I got declined today. What is going on?,declined_cash_withdrawal,78,27
I tried to use my card to withdrawal money from the ATM in Notting Hill but it didn't work. This is the first time I've tried using it. Is my card working?,declined_cash_withdrawal,155,27
Why was my request for cash declined?,declined_cash_withdrawal,37,27
Where did my money go? I'm not able to withdraw it from my ATM.,declined_cash_withdrawal,63,27
Why was my withdrawal declined,declined_cash_withdrawal,30,27
How come I can't get money at the ATM,declined_cash_withdrawal,37,27
Why was my ATM withdrawal cancelled?,declined_cash_withdrawal,36,27
I couldnt get cash in an ATM,declined_cash_withdrawal,28,27
Why can't I get cash out?,declined_cash_withdrawal,25,27
Why can't I take cash out of the ATM?,declined_cash_withdrawal,37,27
Every ATM I visit is rejecting my card and I don't know why. There should be money on it. Can you check it to see if something is wrong or if I'm doing something wrong?,declined_cash_withdrawal,168,27
I can't get money out of the ATM. Is my card actually working? It's the first time I tried using it,declined_cash_withdrawal,99,27
The ATM keeps declining my Transaction . I tried two different ATMs already Would you please check if everything is okay with my account?,declined_cash_withdrawal,137,27
Is there a reason my cash withdrawal was declined?,declined_cash_withdrawal,50,27
My card won't let me withdraw money.,declined_cash_withdrawal,36,27
I can't withdraw money,declined_cash_withdrawal,22,27
Could you tell me why my cash withdrawal was declined?,declined_cash_withdrawal,54,27
"The ATM would not give me cash,why?",declined_cash_withdrawal,35,27
My ATM transaction was cancelled.,declined_cash_withdrawal,33,27
I was denied cash at an ATM,declined_cash_withdrawal,27,27
I was not able to use the ATM to get cash,declined_cash_withdrawal,41,27
Why did I get declined when trying to get cash?,declined_cash_withdrawal,47,27
The ATM keeps declining my card! I tried two different ATMs already can you please check if everything is alright with my account??,declined_cash_withdrawal,131,27
Why wouldn't the ATM give me my money?,declined_cash_withdrawal,38,27
Why are my withdrawals suddenly being declined?,declined_cash_withdrawal,47,27
Can you tell me why I was declined from getting cash?,declined_cash_withdrawal,53,27
Why couldn't I make a withdrawal from the ATM?,declined_cash_withdrawal,46,27
Why is my ATM cash withdrawal not working?,declined_cash_withdrawal,42,27
Is my card broken? I can't get cash out of the ATM,declined_cash_withdrawal,50,27
I went to the Notting Hill ATM to use my card the first time for a cash withdrawal but it didn't work. Does this mean that my card isn't working yet?,declined_cash_withdrawal,149,27
i tried to withdraw money but was told i didn't have funds,declined_cash_withdrawal,58,27
The ATM keeps declining my Transaction . I tried two different ATMs already can you please check if everything is okay with my account?,declined_cash_withdrawal,135,27
"Please double check my card - withdrawal was working fine so far, but this morning on the way to work it suddenly got declined!",declined_cash_withdrawal,127,27
I was declined when trying to withdrawal cash!,declined_cash_withdrawal,46,27
I needed cash from the ATM but I couldn't get it.,declined_cash_withdrawal,49,27
My ATM withdrawal was declined.,declined_cash_withdrawal,31,27
"When I went to get cash, it was declined!",declined_cash_withdrawal,41,27
"Is my card working? It's the first time I tried using it I tried to get money out of an ATM, but got nothing.",declined_cash_withdrawal,109,27
The ATM machines keep declining my card and I don't know why. I thought I had money in my account. Why is this happening?,declined_cash_withdrawal,121,27
Why was my withdrawal requested cancelled by the ATM?,declined_cash_withdrawal,53,27
I have tried using my card for the first time at the ATM of Notting Hill to withdrawal cash but it didn't work. Does this mean my card isn't working?,declined_cash_withdrawal,149,27
A withdraw I tried to make at the ATM was declined I don't know why.,declined_cash_withdrawal,68,27
Tried using my ATM card earlier at one of your locations for the first time.  It didn't work.  What is going on?,declined_cash_withdrawal,112,27
Why can't I take money from my account?,declined_cash_withdrawal,39,27
"This morning I wanted to make a withdrawal before work, but my card was declined! Please double check it for me as this is the first time it was declined.",declined_cash_withdrawal,154,27
Why was I declined from getting cash?,declined_cash_withdrawal,37,27
"I tried to get money out of the Notting Hill ATM earlier, but wasn't able to. Is my card working okay? It's the first time I tried using it.",declined_cash_withdrawal,140,27
My ATM card isn't working for a withdrawl,declined_cash_withdrawal,41,27
Is my card actually working? It's the first time I tried using it,declined_cash_withdrawal,65,27
Is there a reason why my card was declined when I attempted to withdraw money?,declined_cash_withdrawal,78,27
Is the ATM broken? I can't get cash from it.,declined_cash_withdrawal,44,27
what is my monthly spending limit because i was refused my money at an atm,declined_cash_withdrawal,74,27
I can't get cash from the ATM!,declined_cash_withdrawal,30,27
"When I tried to access my cash, I wasn't allowed!",declined_cash_withdrawal,49,27
"My card has been declined by two separate ATM, and I'm worried something is wrong with my account. Would you please see if my account is okay?",declined_cash_withdrawal,142,27
Has my account been frozen?  I tried to use my card but the ATM would not dispense cash.,declined_cash_withdrawal,88,27
I tried to withdraw cash from the ATM machine and it did not work. Can you tell me why?,declined_cash_withdrawal,87,27
ATM withdrawal not working.,declined_cash_withdrawal,27,27
I tried using my ATM card at your Notting Hill location today.  It did not work.  Am I doing something wrong?,declined_cash_withdrawal,109,27
"I tried to get money out of an ATM in Notting Hill earlier, but it didn't work. Is my card actually working? It's the first time I tried using it",declined_cash_withdrawal,145,27
I cannot withdraw money from the ATM,declined_cash_withdrawal,36,27
My withdrawal from the ATM was cancelled.,declined_cash_withdrawal,41,27
I'm trying to take money from my account but its not letting me. Help!,declined_cash_withdrawal,70,27
Why won't the ATM let me withdraw money?,declined_cash_withdrawal,40,27
My cash withdrawal was declined.  Why?,declined_cash_withdrawal,38,27
Why couldn't I get cash from an ATM?,declined_cash_withdrawal,36,27
I attempted to get cash in the ATM but it was not authorized,declined_cash_withdrawal,60,27
Is there something wrong with my ATM Card?  Tried using it earlier and it did not work.,declined_cash_withdrawal,87,27
The ATM keeps rejecting my Payment. I tried two different ATMs but did not work .Can you please check if everything is okay with my account?,declined_cash_withdrawal,140,27
Why can't I withdraw cash from this ATM?,declined_cash_withdrawal,40,27
I was getting some cash out of the ATM but it cancelled on me without warning.,declined_cash_withdrawal,78,27
I wasn't able to withdraw money at an ATM,declined_cash_withdrawal,41,27
Why can't I withdraw funds from my account?,declined_cash_withdrawal,43,27
I tried to get cash in the ATM but it was not approved,declined_cash_withdrawal,54,27
My card rejected a cash withdrawal. Why?,declined_cash_withdrawal,40,27
Why was my cash withdrawal declined by the ATM?,declined_cash_withdrawal,47,27
I could not get the ATM to work,declined_cash_withdrawal,31,27
totally unacceptable.  I'm stranded with no cash because the ATM wouldn't give me any money!,declined_cash_withdrawal,92,27
Help! My card isn't working at the ATM and I know I used the right PIN. Trying to get my money.,declined_cash_withdrawal,95,27
I tried to pull cash from an ATM but it wouldn't let me.,declined_cash_withdrawal,56,27
"I tried to get money out of the Notting Hill ATM earlier, but I wasn't able to get it to work. Is my card with issue? It's the first time I tried using it.",declined_cash_withdrawal,155,27
Can you please tell me why I cant get money from the ATM?,declined_cash_withdrawal,57,27
"How do I get money from an ATM using my card? I can't seem to get it to work? I used the pin I had, but maybe it's wrong? What do I need to do to fix this?",declined_cash_withdrawal,155,27
"Hello, is there any way to double check my card? I have never had issues with withdraws in the past, but this morning on the way to work it was unexpectedly declined.",declined_cash_withdrawal,166,27
My card didn't work at the ATM in Notting Hill.  Is my card working?,declined_cash_withdrawal,68,27
Why am I not able to get cash from the ATM?,declined_cash_withdrawal,43,27
my card was frozen due to putting in the wrong pin too much.  how many tries do i have,declined_cash_withdrawal,86,27
I cant get money out of the ATM with my card.  I just put my card in the ATM but it will not allow me to take any money out.  What do I need to do to fix this?,declined_cash_withdrawal,159,27
Why was I not able to take cash from the ATM?,declined_cash_withdrawal,45,27
"Would you please check my Card. As Withdrawal was working fine so far, but this morning suddenly got declined. Can you please check the problem?",declined_cash_withdrawal,144,27
Why would the ATM machine fail to give me the cash withdrawal I requested?,declined_cash_withdrawal,74,27
I am having trouble withdrawing cash.,declined_cash_withdrawal,37,27
Why is the ATM not allowing me to get cash?,declined_cash_withdrawal,43,27
Why can I not take out cash?,declined_cash_withdrawal,28,27
I tried to get cash but it was declined!,declined_cash_withdrawal,40,27
"Hi, I am unable to use my card in ATM. I had tried my card in two ATMs but both ATMs declined it. Could you please check my account?",declined_cash_withdrawal,132,27
The ATM won't let me take out cash,declined_cash_withdrawal,34,27
I'm not able to withdraw money from the ATM but I'm not sure why.,declined_cash_withdrawal,65,27
why wouldnt the atm give me money,declined_cash_withdrawal,33,27
"My cash withdrawal was declined, why?",declined_cash_withdrawal,37,27
"I think there may be something wrong with my card. I have never had issues with withdraws before, but this morning on the way to work it was suddenly declined.",declined_cash_withdrawal,159,27
Why can I not get cash from the ATM?,declined_cash_withdrawal,36,27
Why was I not able to get cash from the ATM?,declined_cash_withdrawal,44,27
My card doesn't work. I can't get cash out at an ATM,declined_cash_withdrawal,52,27
Why am I not able to withdraw cash from this ATM?,declined_cash_withdrawal,49,27
Why can't I withdraw money?,declined_cash_withdrawal,27,27
The atm wouldn't give out cash,declined_cash_withdrawal,30,27
What caused my cash withdrawal to be declined?,declined_cash_withdrawal,46,27
Why wont the ATM give me cash?,declined_cash_withdrawal,30,27
Why do I get declined when I try to withdraw cash?,declined_cash_withdrawal,50,27
What was the cause for my card to be declined?,declined_cash_withdrawal,46,27
The ATM cancelled a transaction on me when I was trying to get some cash out.,declined_cash_withdrawal,77,27
Why can't I get cash from the ATM?,declined_cash_withdrawal,34,27
atm refused to give me money,declined_cash_withdrawal,28,27
I was declined when I tried to withdraw cash!,declined_cash_withdrawal,45,27
I couldn't get money from the ATM,declined_cash_withdrawal,33,27
I tried to use the ATM today but it would not accept my card.,declined_cash_withdrawal,61,27
The ATM wouldn't let me withdraw cash.,declined_cash_withdrawal,38,27
"I tried to get money out of the Notting Hill ATM earlier, but I wasn't able to get anything out. Is there a problem with my card? It's the first time I tried using it.",declined_cash_withdrawal,167,27
Please help me with my card. As i have tried to use my card in two different ATMs but repeatedly it was declining by ATM.,declined_cash_withdrawal,121,27
The ATM wouldn't allow me to withdraw money,declined_cash_withdrawal,43,27
Why am I unable to withdraw my money through this card?,declined_cash_withdrawal,55,27
Is there a problem with my account? When I tried to withdraw cash at an ATM I was denied.,declined_cash_withdrawal,89,27
ATM apparently not working?  Couldn't access funds in my account?,declined_cash_withdrawal,65,27
Why is my card being declined at the ATM? I have tried multiple ATMs and i keep running into the same problem. Could you verify that everything is okay with my account?,declined_cash_withdrawal,168,27
The ATM wouldn't let me have my money.,declined_cash_withdrawal,38,27
I tired to get cash in the ATM but it was cancelled,declined_cash_withdrawal,51,27
Is there something wrong with the ATM? It would not let me pull cash out of my account.,declined_cash_withdrawal,87,27
"Hi, In morning, i was trying to withdraw money from my card, but it got declined. So far it was working fine. Could you please check my card.",declined_cash_withdrawal,141,27
When going to the ATM to take out some cash today my withdrawal was  declined.  I need to fix this problem as soon as possible. whats going on?,declined_cash_withdrawal,143,27
I can't get any money from my account.,declined_cash_withdrawal,38,27
"I tried to withdraw cash, but got declined!",declined_cash_withdrawal,43,27
"The ATM will not let me get cash, WHY?",declined_cash_withdrawal,38,27
I can't withdraw any money from my account. Ive tried a couple different ATM machines and both of them wouldn't give me my money. What's going on? Is my account frozen or something?,declined_cash_withdrawal,181,27
Why was my atm withdrawl declined,declined_cash_withdrawal,33,27
why would i be declined if i had money iin my account,declined_cash_withdrawal,53,27
Why was my cash withdrawal cancelled at the ATM?,declined_cash_withdrawal,48,27
Why can't I withdraw cash?,declined_cash_withdrawal,26,27
Why am I unable to withdrawal cash?,declined_cash_withdrawal,35,27
I just had my card get declined at the ATM! I need to get money out but I am unable to.  Why has this happened?,declined_cash_withdrawal,111,27
I entered the correct pin but I still couldnt get funds.,declined_cash_withdrawal,56,27
My card wont work at an ATM,declined_cash_withdrawal,27,27
"Why does the ATM continually decline my card? I've tried multiple times on different machines with the same results. I thought I had enough funds for this, so please help me understand why this is happening.",declined_cash_withdrawal,207,27
i entered my pin in wrong and got it frozen. how many tries do i have,declined_cash_withdrawal,69,27
This is the first time I've tried to get my money out of an ATM and it didn't work. Please give me my money,declined_cash_withdrawal,107,27
Why am I having trouble withdrawing cash?,declined_cash_withdrawal,41,27
"I tried to make a withdrawal from the ATM, but it was cancelled.",declined_cash_withdrawal,64,27
I could not get money from an ATM,declined_cash_withdrawal,33,27
I think I am having an issue with withdraws on my card. It was declined on the way to work this morning. This hasn't happened in the past.,declined_cash_withdrawal,138,27
I attempted to get money in cash but it was refused!,declined_cash_withdrawal,52,27
My ATM withdrawal was cancelled,declined_cash_withdrawal,31,27
I might need a new card because it's not working at any of the ATMs. I don't think ive used all my money. Why is it doing this?,declined_cash_withdrawal,127,27
"Please check my Card. As Withdrawal was working fine so far, but this morning suddenly got declined. Can you please check the problem?",declined_cash_withdrawal,134,27
"I tried to withdraw some funds from my card, but was declined. How can I get my money?",declined_cash_withdrawal,86,27
I can't get the ATM to give me any cash,declined_cash_withdrawal,39,27
I am unable to get cash from the ATM,declined_cash_withdrawal,36,27
How come the ATM won't give me my money?,declined_cash_withdrawal,40,27
I tried to withdraw cash from your ATM but my transaction was cancelled.,declined_cash_withdrawal,72,27
Why did the ATM cancel my transaction,declined_cash_withdrawal,37,27
Why wouldn't the ATM give me cash?,declined_cash_withdrawal,34,27
Why wouldn't my withdrawal go through?,declined_cash_withdrawal,38,27
I attempted to get cash in the ATM but I was denied,declined_cash_withdrawal,51,27
The ATM didnt let me get cash,declined_cash_withdrawal,29,27
Why am I unable to withdraw money even though in the past I've done it just fine?,declined_cash_withdrawal,81,27
I was declined when I tried to take out cash!,declined_cash_withdrawal,45,27
how come i was declined,declined_cash_withdrawal,23,27
What does it mean when a payment is pending?,pending_card_payment,44,46
Could you please tell me why my purchases from this morning say payment is pending?,pending_card_payment,83,46
The purchase I made is still pending.,pending_card_payment,37,46
Is there a problem with the payment that I see is still pending?,pending_card_payment,64,46
There is a payment that I made that hasn't gone through yet.,pending_card_payment,60,46
How long does it actually take for a card payment to go through? There's one stuck since a couple days already that doesn't seem to move,pending_card_payment,136,46
Why does my payment appear as pending?,pending_card_payment,38,46
How long does a payment usually show as pending? Is it normal that mine is still pending?,pending_card_payment,89,46
Why is my payment in pending status?,pending_card_payment,36,46
I have a card payment which shows as pending,pending_card_payment,44,46
I made a payment with my card and it hasn't changed. How long do you think this will take?,pending_card_payment,90,46
Why is the payment showing as pending from things I bought this morning?,pending_card_payment,72,46
I made a card payment which is showing me pending.,pending_card_payment,50,46
Why are my payments not working and show pending?,pending_card_payment,49,46
"I put in a payment a while ago and it has still not cleared and is showing up as ""pending"", how long does it take to clear?",pending_card_payment,123,46
Why are the things I bought earlier today still showing as pending?,pending_card_payment,67,46
Card payment still pending.,pending_card_payment,27,46
"My card payment is just showing up as pending since forever, what's going on with that, it should be going through at some point?",pending_card_payment,129,46
I have a payment that has not gone through yet,pending_card_payment,46,46
"I initiated a payment a while ago and it is still showing as ""pending"", how long will it take to clear?",pending_card_payment,103,46
Why is my purchase showing as pending?,pending_card_payment,38,46
How long will it take for my payment to go through?,pending_card_payment,51,46
After making a payment with my card it doesn't seem to have worked. It's just showing to be pending. When will this actually be going through?,pending_card_payment,142,46
"It says ""pending payment?"" Why is it saying this?",pending_card_payment,49,46
Is there a reason my payments are pending?,pending_card_payment,42,46
Why is my card payment still a pending transaction?,pending_card_payment,51,46
"Card payment is still pending, why is that the case?",pending_card_payment,52,46
I have been waiting for my card payment to be moved from pending status for an unusually long time.  What is going on here and do you have an idea of when I can expect it to go through?,pending_card_payment,185,46
How come my card payment is still pending?,pending_card_payment,42,46
I notice there's a pending payment on my card.,pending_card_payment,46,46
How is my card payment still pending?,pending_card_payment,37,46
Why is my card payment still pending?,pending_card_payment,37,46
What does pending payment mean?,pending_card_payment,31,46
Why is my payment still pending?,pending_card_payment,32,46
What does it mean when it says that I have a payment that is pending?,pending_card_payment,69,46
My card payment is showing pending however this transaction was a couple of days ago. Is there a reason why it it still pending?,pending_card_payment,128,46
A card payment on my account is shown as pending.,pending_card_payment,49,46
Why is their a charge pending on my card still?,pending_card_payment,47,46
My card payment says pending and it hasn't changed,pending_card_payment,50,46
Card payment is showing as pending,pending_card_payment,34,46
What is the longest that a payment will show pending?  There is one showing that has been sitting there a few days.,pending_card_payment,115,46
I tried to pay through my account but the payment is not going through. What's going on?,pending_card_payment,88,46
Why is the payment on my card still pending?,pending_card_payment,44,46
What's taking so long for this payment to go through?,pending_card_payment,53,46
Why haven't I gotten my payment yet?,pending_card_payment,36,46
It looks like a payment I've made hasn't made it through yet.,pending_card_payment,61,46
My card payment has had the status of pending forever. What is the issue? It should have gone through at some point.,pending_card_payment,116,46
A payment is pending,pending_card_payment,20,46
Why hasn't my card payment cleared yet?,pending_card_payment,39,46
I've made a card payment a couple of days ago now but it looks like the money is stuck. How long does it typically take for the payment to go through?,pending_card_payment,150,46
My payment is taking a long time to go through.,pending_card_payment,47,46
What does it mean if my payment is pending?,pending_card_payment,43,46
When will my payment go through?,pending_card_payment,32,46
My card payment still pending,pending_card_payment,29,46
How long does a payment show as pending before i should worry about it?,pending_card_payment,71,46
Why is my card payment pending?,pending_card_payment,31,46
I made a card payment by my card but it failed. Please let me know when the payment will get completed as its still pending.,pending_card_payment,124,46
"Hi, status of one of my card payment is still pending from a while. Please let e know how much time it will take to complete.",pending_card_payment,125,46
"After I make a payment, how long will it be before it transitions from ""pending"" to complete?",pending_card_payment,93,46
"My card payment is showing up as pending for a very long time, what's going on with that, it should be going through at some point?",pending_card_payment,131,46
My purchases from this morning are showing up as payment pending. Can you tell me why?,pending_card_payment,86,46
There is a payment that has not processed.,pending_card_payment,42,46
I'm still waiting on a payment,pending_card_payment,30,46
I need to find out why my pending payment hasn't gone through.,pending_card_payment,62,46
I am waiting for a payment to be processed,pending_card_payment,42,46
I don't understand why my card payment is pending.  It has been pending for too long.  Why is this and when might it go through?,pending_card_payment,128,46
"I did a payment with my card but seem that didn't work, it's still listed as pending since a while ago. When does this actually go through?",pending_card_payment,139,46
I need to know when a payment will actually go through. I completed a payment using my card but it is just showing as pending at this point and it has been a while ago.,pending_card_payment,168,46
When will the transaction go through?,pending_card_payment,37,46
My card payment has been stuck on pending. What is the problem? It should have gone through by now.,pending_card_payment,99,46
Why is the purchase I made this morning still pending?,pending_card_payment,54,46
A transaction on my card shows as pending.,pending_card_payment,42,46
I have a pending payment on my card.  Why?,pending_card_payment,42,46
I have a card payment that has been pending for some time and would like to know when it is going to go through.,pending_card_payment,112,46
"I made a payment a while ago and it is still showing as ""pending"" in the account. How long will this payment take to complete?",pending_card_payment,126,46
What does a 'pending payment' mean?,pending_card_payment,35,46
"Hello, I made a payment with my card and it's not working. It's been a while and still says its pending. Can you tell when this will go through?",pending_card_payment,144,46
"Hi,  One of payment is still coming as pending for which i have already paid by card. I guess it did not processed, could you please check and update me.",pending_card_payment,153,46
My purchase from this morning still is pending.,pending_card_payment,47,46
Why is my card payment still listed as pending?,pending_card_payment,47,46
One of my card payments looks like it's stuck but I have made the payment days ago. How long until the payment will be applied to my account?,pending_card_payment,141,46
I don't know what pending transaction means.,pending_card_payment,44,46
"My card payment is just showing up as pending since forever, what's going on with that, when should it be going through?",pending_card_payment,120,46
It says pending status for my payment. Why?,pending_card_payment,43,46
pending transaction?,pending_card_payment,20,46
I noticed that there's a payment on my card that's pending.,pending_card_payment,59,46
When is a payment I made with my card going to clear>,pending_card_payment,53,46
My card payment has been pending for a long time now. Why is it taking so long to take. It should have already made it through.,pending_card_payment,127,46
What does it mean if it says that my payment is pending?,pending_card_payment,56,46
Why are my purchases from this morning still pending?,pending_card_payment,53,46
"I was wondering why my payment hasn't gone through yet, its been a while.",pending_card_payment,73,46
My card payment has been on pending forever. What is the problem? It should have gone through at some time by now.,pending_card_payment,114,46
I did a card payment but its status is still coming as pending. Please check and inform when it would complete.,pending_card_payment,111,46
I have made a card payment but it did not completed still showing as pending. Please tell me when it will be completed.,pending_card_payment,119,46
Why hasn't my payment gone through?,pending_card_payment,35,46
Why is my card payment still pending? It should have gone through already.,pending_card_payment,74,46
"I made a purchase this morning, and it is showing as pending.",pending_card_payment,61,46
There is a single payment on my card which shows as pending.,pending_card_payment,60,46
How long does it actually take my card payment to make it to the account? I've made a payment a couple of days ago but it hasn't moved since.,pending_card_payment,141,46
How long does it take for my payment to process?,pending_card_payment,48,46
Why would my payment for my card show as pending?,pending_card_payment,49,46
Why aren't my payment funds available to me?,pending_card_payment,44,46
I got some items this morning but the payment says pending,pending_card_payment,58,46
Why is the payment I made still pending?,pending_card_payment,40,46
Is there a problem that makes my payments show pending?,pending_card_payment,55,46
I made a purchase earlier today but it is still listed as pending- when will it go through?,pending_card_payment,91,46
Why didn't my payment process,pending_card_payment,29,46
I have a payment that hasn't went through yet.,pending_card_payment,46,46
I made a payment but it's still pending,pending_card_payment,39,46
How long does it take for a new purchase to stop being considered pending?,pending_card_payment,74,46
I was wondering how long does it take for a payment to go thru? It seems my last payment is stuck and hasn't moved.,pending_card_payment,115,46
What is the cause of the delay in applying my card payment to my account?,pending_card_payment,73,46
Why would my payment still show as pending?,pending_card_payment,43,46
I have a payment which has not been approved.,pending_card_payment,45,46
What does it mean when it says I have a payment pending?,pending_card_payment,56,46
"There is a pending payment on my account, what does this mean?",pending_card_payment,62,46
Why has my card payment not yet been applied to my account?,pending_card_payment,59,46
I bought some things in the morning but the payment shows as pending,pending_card_payment,68,46
I don't know what a pending payment is.,pending_card_payment,39,46
why do I have a pending payment?,pending_card_payment,32,46
How long does it actually take for a card payment to go through? There's one stuck since a couple of days already that doesn't seem to move,pending_card_payment,139,46
I purchases several items today. Why are they still showing pending?,pending_card_payment,68,46
There is a payment showing as pending and hasn't posted for a few days.  When will it post?,pending_card_payment,91,46
"I have made a payment by my card, and its still pending since a long time. Could you please tell me when it will process.",pending_card_payment,121,46
I completed a payment with my card a while ago. It's still showing up as pending. What time frame does this normally take? It doesn't appear to have worked.,pending_card_payment,156,46
The payment on my card shows as pending.,pending_card_payment,40,46
I have a payment that is still pending,pending_card_payment,38,46
I bought something this morning and the payment is still pending,pending_card_payment,64,46
"There is a pending transaction on my account, what does this mean?",pending_card_payment,66,46
I made a payment that's pending. Will it go through?,pending_card_payment,52,46
It's been a few days since I've tried to pay a seller but the funds aren't going through. What is happening?,pending_card_payment,108,46
I made a payment that seems to be stuck. It's been a couple of days already. Can you tell me how long it will take?,pending_card_payment,115,46
I made a payment that is not yet complete.,pending_card_payment,42,46
Why hasn't my payment shown up yet?,pending_card_payment,35,46
What is the meaning of a pending payment?,pending_card_payment,41,46
My payment is in the app but hasn't gone through yet,pending_card_payment,52,46
How many days does a regular transaction take to complete?  I see a pending payment that hasn't changed in the last several days.,pending_card_payment,129,46
Why hasn't my payment gone through yet?,pending_card_payment,39,46
My payment's stuck on pending.,pending_card_payment,30,46
Is there a reason my payment is still pending?,pending_card_payment,46,46
What's the pending length for credit transactions? I've had one in my pending category now for days and it won't move to processed.,pending_card_payment,131,46
How long does it take for a payment to change from pending?,pending_card_payment,59,46
My credit card payment has been in pending status for a super long time.  I don't get it.  Why is it like this?  When will it go through?,pending_card_payment,137,46
Why hasn't payment gone through yet?,pending_card_payment,36,46
Why is this payment pending?,pending_card_payment,28,46
Why is the payment from my card still pending?,pending_card_payment,46,46
What is the pending payment on my card about?,pending_card_payment,45,46
"It says that my payment is pending, what does that mean?",pending_card_payment,56,46
I tried to make a payment with my card and it was declined. Why is it pending?,pending_card_payment,78,46
Why is it saying I have a pending payment?,pending_card_payment,42,46
"Is there something wrong with my card payment? It's been pending a really, really long time.",pending_card_payment,92,46
My purchases from this morning still have pending payments.,pending_card_payment,59,46
When will my pending payment finish?,pending_card_payment,36,46
"I used my card to make a payment a while ago and its still pending, Why is it taking so long?",pending_card_payment,93,46
How long does it take for a purchase to go from pending to authorised?,pending_card_payment,70,46
"My card has been pending for a while, what should I do?",pending_card_payment,55,46
There is a payment that i made that i noticed has not gone thru yet. Can i ask why?,pending_card_payment,83,46
"My card payment is just showing up as pending and it has been a while , what's going on with that, it should be going through at some point?",pending_card_payment,140,46
How long will my payment be pending?,pending_card_payment,36,46
"My phone was stolen, what should I do first?",lost_or_stolen_phone,44,43
"My phone was stolen, what should I do?",lost_or_stolen_phone,38,43
"I lost my phone, what should I do?",lost_or_stolen_phone,34,43
"Someone has stolen my phone, what should I do?",lost_or_stolen_phone,46,43
I think I lost my phone.  Is there a way to prevent anyone from getting into my account on it?,lost_or_stolen_phone,94,43
My phone was stolen! What do I need to do?,lost_or_stolen_phone,42,43
Can I use the app without my phone?,lost_or_stolen_phone,35,43
"My bag was stolen from me yesterday, so I can't use any apps or anything. I need some help.",lost_or_stolen_phone,91,43
"Someone stole my phone, what is my next step?",lost_or_stolen_phone,45,43
"I forgot my phone at the hotel, so I can't access the app.",lost_or_stolen_phone,58,43
"Help, my phone was stolen, please advise!",lost_or_stolen_phone,41,43
my phone was lost,lost_or_stolen_phone,17,43
I need help- I got mugged yesterday and they took everything so I can't use the app.,lost_or_stolen_phone,84,43
I can't find my phone and I'm worried someone is going to use it,lost_or_stolen_phone,64,43
I lost my phone! Will my card still work?,lost_or_stolen_phone,41,43
I can not find my phone or it has been stolen.,lost_or_stolen_phone,46,43
I can't use the app because I got mugged yesterday and they took everything. Please help.,lost_or_stolen_phone,89,43
Can you tell me what i steps i should take since my card was stolen?,lost_or_stolen_phone,68,43
What do I do if my phone was stolen?,lost_or_stolen_phone,36,43
What do I do if I can't access the app?,lost_or_stolen_phone,39,43
What do I do if my phone is stolen?,lost_or_stolen_phone,35,43
I left my phone somewhere and can't use the app.,lost_or_stolen_phone,48,43
Someone mugged my and stole everything.  I can't use the app.  What should I do?,lost_or_stolen_phone,80,43
"I got mugged yesterday and they took everything. I can't use the app, so I need some help.",lost_or_stolen_phone,90,43
I am not sure where my phone is.,lost_or_stolen_phone,32,43
"If my phone was stolen, do I need to do anything?",lost_or_stolen_phone,49,43
Please help!  I was mugged and everything stolen.  What do I do to stop them from accessing my account?,lost_or_stolen_phone,103,43
I have an emergency and lost my phone.  I need help accessing my account.,lost_or_stolen_phone,73,43
"stolen phone, what should i do",lost_or_stolen_phone,30,43
Help me.  My phone has been lost or stolen!,lost_or_stolen_phone,43,43
My app was on the phone and I was mugged.  What do I do?,lost_or_stolen_phone,56,43
I don't have the device I used to log onto the platform so I can't access it.,lost_or_stolen_phone,77,43
I lost my phone. Can I use my card without the app?,lost_or_stolen_phone,51,43
What should I do if my smart phone is lost or stolen?,lost_or_stolen_phone,53,43
"If I lost my phone, what steps do I need to take to stop someone from using my account?",lost_or_stolen_phone,87,43
Can someone else use my account if they have my phone?  I lost mine.,lost_or_stolen_phone,68,43
"My phone was stolen, help!",lost_or_stolen_phone,26,43
"phone is gone, what should i do",lost_or_stolen_phone,31,43
"I'm currently not in possession of my phone, is it still possible to go about things normally without access to the app?",lost_or_stolen_phone,120,43
I lost my phone. Can I disable to app?,lost_or_stolen_phone,38,43
"phone is gone, dont want others to access account information",lost_or_stolen_phone,61,43
Is there something that I can do since my phone was stolen yesterday?,lost_or_stolen_phone,69,43
I think my phone was stolen. What can I do?,lost_or_stolen_phone,43,43
Is it possible to access my phone from the hotel/,lost_or_stolen_phone,49,43
I lost my phone. What do I need to do?,lost_or_stolen_phone,38,43
Someone has taken my phone from my hotel room!,lost_or_stolen_phone,46,43
Can my account me accessed by a thief?  I was mugged.,lost_or_stolen_phone,53,43
My phone is missing or stolen.,lost_or_stolen_phone,30,43
I misplaced my phone so I can't use the app! Does this mean I can't use my card?,lost_or_stolen_phone,80,43
I left my phone at the hotel I was staying at so I can't use the app!,lost_or_stolen_phone,69,43
"My phone was stolen yesterday, can you help me with this?",lost_or_stolen_phone,57,43
I was recently mugged and would like to know if I have to have access to the app to use your services and how I would go about setting up your services on a new device belonging to a current user?,lost_or_stolen_phone,196,43
My phone is at the hotel.  How can I use the app?,lost_or_stolen_phone,49,43
My cards were stolen,lost_or_stolen_phone,20,43
My phone has been lost or stolen,lost_or_stolen_phone,32,43
my phone has been stolen by someone,lost_or_stolen_phone,35,43
What should I do if someone stole my phone?,lost_or_stolen_phone,43,43
My phone has been stolen.  How can I make sure no one uses my account from it?,lost_or_stolen_phone,78,43
Can I use your services without access to the app?,lost_or_stolen_phone,50,43
I was mugged.  They took everything.  I can't use the app.  What do I do?,lost_or_stolen_phone,73,43
How do I protect my phone from someone using it after I lost it.,lost_or_stolen_phone,64,43
My phone was left behind.  Can I still use my card?,lost_or_stolen_phone,51,43
phone is gone,lost_or_stolen_phone,13,43
I just replaced my phone so do I have to make a new account?,lost_or_stolen_phone,60,43
"Everything I have was stolen yesterday making it so I don't have access to the app, what should I do?",lost_or_stolen_phone,101,43
I don't have my mobile device and am unable to make the payment because I forgot my details.,lost_or_stolen_phone,92,43
What do I do if I lost my phone?,lost_or_stolen_phone,32,43
I don't have my cell phone with me so I cannot access the system to complete the transaction.,lost_or_stolen_phone,93,43
"I no longer have my phone, what should I do?",lost_or_stolen_phone,44,43
I lost my phone and need help so someone doesn't access my account.,lost_or_stolen_phone,67,43
Yesterday I had my phone stolen.  Please advise what I should do.,lost_or_stolen_phone,65,43
I lost my phone and need help protecting it.,lost_or_stolen_phone,44,43
I don't know where my phone is.,lost_or_stolen_phone,31,43
I can't use the app because I got mugged yesterday and they took everything. I need some help.,lost_or_stolen_phone,94,43
What should I do if my phone is lost or stolen?,lost_or_stolen_phone,47,43
What do I do if I cannot access the app?,lost_or_stolen_phone,40,43
I have lost my phone.,lost_or_stolen_phone,21,43
what to do about stolen phone,lost_or_stolen_phone,29,43
"I have lost my phone, what steps can I take to prevent someone using my account?",lost_or_stolen_phone,80,43
Is there anything to do because my phone was stolen?,lost_or_stolen_phone,52,43
Help!  I think my phone may be stolen or lost!,lost_or_stolen_phone,46,43
"I no longer have my phone with the app, what should I do?",lost_or_stolen_phone,57,43
Can I still access the app even though my phone was stolen?,lost_or_stolen_phone,59,43
What do I do to lock my phone after losing it so my account isn't accessed,lost_or_stolen_phone,74,43
I no longer have my phone.,lost_or_stolen_phone,26,43
"I cannot get to my app, what should I do?",lost_or_stolen_phone,41,43
Yesterday my phone was stolen from me :( What do i need to do about it?,lost_or_stolen_phone,71,43
"My phone got stolen, how can I use the app?",lost_or_stolen_phone,43,43
"My phone was stolen, what can I do?",lost_or_stolen_phone,35,43
I accidentally left my phone at the hotel so now I'm not able to use the app.,lost_or_stolen_phone,77,43
How can I access my account when I have lost my phone?,lost_or_stolen_phone,54,43
I have lost my phone or it has been stolen.,lost_or_stolen_phone,43,43
I can't find my phone; what can I do to prevent someone from accessing my account on it?,lost_or_stolen_phone,88,43
What should I do if I lost my phone?,lost_or_stolen_phone,36,43
My phone was left at a hotel and I can't access the app.,lost_or_stolen_phone,56,43
"Hi, I lost my phone yesterday, what can I do to stop someone using my account on it?",lost_or_stolen_phone,84,43
"I cannot find my phone, what should I do?",lost_or_stolen_phone,41,43
My phone is missing.,lost_or_stolen_phone,20,43
Do I need my phone to use the app?,lost_or_stolen_phone,34,43
"left my phone at hotel, cant use app",lost_or_stolen_phone,36,43
How do I use my card if I lost my phone?,lost_or_stolen_phone,40,43
hello I have lost my phone and I'm worried someone's going to steal money from me,lost_or_stolen_phone,81,43
"If I lost my phone, how can I stop someone from accessing my account through the app?",lost_or_stolen_phone,85,43
"My phone was taken yesterday, is there something that I need to do?",lost_or_stolen_phone,67,43
I can't use the app.  My phone is lost at the hotel.,lost_or_stolen_phone,52,43
"If I lost my phone at the hotel, can I still use the app?",lost_or_stolen_phone,57,43
I'm not sure where my phone is.  Can someone else use the app?,lost_or_stolen_phone,62,43
"my phone was taken yesterday, what should I do about my account?",lost_or_stolen_phone,64,43
"My phone is lost I don't want someone to use my account, what can I do?",lost_or_stolen_phone,71,43
My phone has been stolen.,lost_or_stolen_phone,25,43
I just replaced my phone but how do I use my card information?,lost_or_stolen_phone,62,43
What do I do if my smart phone was stolen?,lost_or_stolen_phone,42,43
How can I stop someone from using my card after I lost it yesterday.,lost_or_stolen_phone,68,43
Do I need to do anything? My phone was stolen yesterday.,lost_or_stolen_phone,56,43
Help!  What should I do?  My phone was stolen yesterday.,lost_or_stolen_phone,56,43
I left my phone at the hotel.,lost_or_stolen_phone,29,43
Everything was stolen from me.  I can't use the app.  Please advise.,lost_or_stolen_phone,68,43
My things were stolen and I need to know if I can still use this app.,lost_or_stolen_phone,69,43
"lost my phone, what is account security?",lost_or_stolen_phone,40,43
I lost my phone.  What do I do to block someone else from using my account?,lost_or_stolen_phone,75,43
"phone is at a hotel, can i still use app",lost_or_stolen_phone,40,43
How long does it take to get a refund on something I bought?,request_refund,60,52
Please tell me how to get a refund for something I bought.,request_refund,58,52
Can i cancel this purchase?,request_refund,27,52
I want to return an item for a refund can I do that?,request_refund,52,52
Can I request a refund,request_refund,22,52
"I am not sure how this will work, but I have not received a product I ordered.  I want a refund, but should I just cancel the payment?",request_refund,134,52
Where do I go for a refund?,request_refund,27,52
I'm interested in learning more about product refunds.,request_refund,54,52
do you offer refunds? i would like to return purchase.,request_refund,54,52
What's the procedure for canceling a purchase?,request_refund,46,52
I need to cancel a purchase that I made the other day.,request_refund,54,52
Hello. How do i go about getting a refund of an item i bought ? I want to cancel the payment since i have not received the item yet.,request_refund,132,52
"I need a refund and cancel a transaction on an item I purchased and i need it as soon as possible, please!",request_refund,106,52
i bought the wrong size and would like a refund,request_refund,47,52
I want to know about your refund policy.,request_refund,40,52
Can I cancel an order if I haven't received the item yet? And how can I get my money back? Please help. Thanks.,request_refund,111,52
"Hey I want to get a refund on something I bought, but not sure how to go about it. Can you please just cancel the payment, I have not received the item yet.",request_refund,156,52
I am quite aggravated that I ordered online almost a month ago and I never got my package and I paid for it. I would really appreciate it if I could get a full refund back now.,request_refund,176,52
My statement has a charge that shouldn't have been made.,request_refund,56,52
My product hasn't arrived even though I ordered it a while ago. I want a refund!,request_refund,80,52
Is there a way you can have money from a purchase I made refunded to my account.,request_refund,80,52
I've changed my mind on an item.  How do I get a refund?,request_refund,56,52
"I decided I no long want something that I ordered, and want a refund. How do I go about doing that?",request_refund,99,52
How do I get a refund for something I bought?,request_refund,45,52
I made a purchase recently but I have decided that I'm not buying it and I need to receive my money back. Can you please give me a refund ASAP. It's extremely urgent.,request_refund,166,52
Please help me get a refund?,request_refund,28,52
What is the refund policy?,request_refund,26,52
I just bought an item and changed my mind.  I have not received it yet how can I get refunded.  Thank you.,request_refund,106,52
Are refunds allowed for certain items.,request_refund,38,52
I need to cancel a purchase?,request_refund,28,52
I have an incorrect charge and would like a refund.,request_refund,51,52
I want a refund on the things i bought,request_refund,38,52
I would like my money back for an item I purchased,request_refund,50,52
Please could you give me a refund,request_refund,33,52
"If I bought something I didn't like, can I get a refund?",request_refund,56,52
I bought something that I need a refund for.,request_refund,44,52
I want to cancel a purchase,request_refund,27,52
Am I able to get a refund for something I bought?,request_refund,49,52
"My order hasn't shown up yet, what can I do?",request_refund,44,52
My package is taking too long to arrive and I don't want it anymore. Can I get a refund?,request_refund,88,52
I would like to cancel my order.,request_refund,32,52
I want this fee reversed from my account.,request_refund,41,52
I want a refund,request_refund,15,52
I'd like to discuss an order I placed quite a long time ago. I have yet to receive it and am growing upset.  I want a refund as I now refuse to pay for the product.,request_refund,164,52
I ordered something online a while ago and I haven't gotten it. I would like a refund.,request_refund,86,52
"I received the wrong color and size, can I return it?",request_refund,53,52
Is it possible to get a refund?,request_refund,31,52
What's your refund policy if I bought an item from you?,request_refund,55,52
I want to cancel my purchase,request_refund,28,52
Can I get an item refunded?,request_refund,27,52
Please help! I need a refund on a transaction on something I bought and I need the refund right away!,request_refund,101,52
I purchased this item and would like a refund,request_refund,45,52
Hello I changed my mind and really need a refund on one of things I bought recently. Can you please cancel the transaction and get me my money back. Pls it's urgent,request_refund,164,52
How can I get a refund for an item I purchased but has not yet arrived?,request_refund,71,52
Can you please assist on my item that needs to be refunded?,request_refund,59,52
I didn't enjoy my tutor session and want a refund back. How do I go about doing this?,request_refund,85,52
I would like to cancel my previous purchase.,request_refund,44,52
Can you please refund my item?,request_refund,30,52
I made a purchase and would like to get a refund for what I bought can you have the money put back in my account?,request_refund,113,52
"Hey, I ordered a thing but changed my mind and want a refund on it. Since I haven't received the thing, would you just go ahead and cancel the payment for me?",request_refund,158,52
Can I have my money refunded for an item,request_refund,40,52
What do I need to do for a refund?,request_refund,34,52
I am interested in cancelling a purchase,request_refund,40,52
"It's been over a month and i still haven't received my goods! I ordered a pencil for crying out loud, it's not that hard to deliver that! I'm done with these people, give me a refund immediately! I'll search for my Japanese exclusive pencil elsewhere!",request_refund,251,52
How do I get my money back for something I bought?,request_refund,50,52
"Hi need your help for getting the refund or cancel the payment of an item, i have ordered but still have not received it.",request_refund,121,52
"I need your help to get a refund for an item I just bought, can you cancel the payment since what I bought hasn't arrived yet.",request_refund,126,52
How do I reverse a transaction on my account?,request_refund,45,52
Am I able to get a refund for a purchase?,request_refund,41,52
I need a refund for something I bought.,request_refund,39,52
I want a refund for my item,request_refund,27,52
Can I receive a refund for an item I purchased?,request_refund,47,52
Give me a refund,request_refund,16,52
I want a refund on this.,request_refund,24,52
Is it possible to have an item refunded?,request_refund,40,52
I made an online purchase and the order has not shown up. Give me my money back.,request_refund,80,52
What is the refund procedure?,request_refund,29,52
Hello I changed my mind and really need a refund on something I bought recently. Can you please cancel the transaction and get me my money back. Please it's urgent.,request_refund,164,52
How do I begin the process of a refund?,request_refund,39,52
I bought something and want the money refunded can I get some help with that?,request_refund,77,52
What is your refund policy for products I have purchased?,request_refund,57,52
I would like to receive a refund for something I bought.,request_refund,56,52
My product was faulty.,request_refund,22,52
I need a refund. This is not what i wanted.,request_refund,43,52
I bought something online a week ago and i never got it in the mail.Can I just get my money back now I don't want to keep waiting on something that isn't going to show up.,request_refund,171,52
Can I get a refund on an item?,request_refund,30,52
I think I deserve a refunded on a certain item.,request_refund,47,52
"I bought a product a week ago, but may need to return it.",request_refund,57,52
I would like to cancel my purchase.,request_refund,35,52
"Hello, I recently ordered an item and I need help with cancelling and processing a refund as soon as possible. It's very important that I get my refund quickly.",request_refund,160,52
I would like to cancel a purchase.,request_refund,34,52
I ordered online weeks ago and I never received my package in the mail and I don't want to wait any more. So if I could get my money back now that would be great.,request_refund,162,52
Can i have the item refunded?,request_refund,29,52
I did not get the item I ordered.  How should I go about this?  Should I just cancel my order or my payment?  Please help me.,request_refund,125,52
It has been forever ago that I made an order online. The product simply is not coming. Just give me back my money because I'm not paying these people.,request_refund,150,52
"I want a refund, but I haven't received the item yet. Can I cancel it and get my funds back? How do I do that.",request_refund,110,52
I'm going to cancel a purchase.,request_refund,31,52
Am I able to return an item for a refund?,request_refund,41,52
How do I go about getting a refund?,request_refund,35,52
How can i get a refund for something i just bought?,request_refund,51,52
Do you give refunds?,request_refund,20,52
tell me how to get a refund for something I bought.,request_refund,51,52
"I don't want to buy this car anymore, can I cancel the transaction and get a quick refund back?",request_refund,95,52
"I'd like to get a refund for something I bought, is that possible?",request_refund,66,52
I changed my mind on something I purchased through you and I need the transaction canceled and a refund as soon as possible. Can you help me please?,request_refund,148,52
is it possible to get a refund for something I purchased?,request_refund,57,52
I want to get a refund.,request_refund,23,52
How do I request a refund?,request_refund,26,52
How do I get my refund back?,request_refund,28,52
Would I be able to refund an item?,request_refund,34,52
I want my purchases cancelled.,request_refund,30,52
How can I get a refund for a purchase?,request_refund,38,52
"I need to refund my item, can you please help?",request_refund,46,52
How do I get a refund for an item I bought?,request_refund,43,52
"How can I get my money back on an order. I haven't gotten the item yet, so I want to cancel the order. How?",request_refund,107,52
Do you have a return policy?,request_refund,28,52
I am unhappy with an item I bought. How do I get a refund?,request_refund,58,52
I would like to report an issue with my product and want to get it refunded,request_refund,75,52
"I've been waiting for something that i've ordered for months now and it still hasn't arrived. I genuinely don't know what this company is doing, but put plainly, i've had enough. Please issue a refund immediately, i would not like to waste anymore of my time on these people.",request_refund,275,52
How can I go about getting a refund?,request_refund,36,52
"the product is not working, can I get a refund?",request_refund,47,52
My order needs to be canceled.,request_refund,30,52
"Give me back my money, I'm not paying the sellers. It has been a long time ago that I made an order and it just isn't coming.",request_refund,125,52
"I ordered something, and now I have buyer's remorse. Since what I ordered hasn't come yet, can you just cancel the payment since I already know I want a refund for it?",request_refund,167,52
Can I return an item?,request_refund,21,52
I need my purchase cancelled.,request_refund,29,52
How do I cancel a purchase?,request_refund,27,52
I would like it if I could get an item refunded,request_refund,47,52
I bought an item and now I want a refund.,request_refund,41,52
I need to cancel a payment. Something i purchased a while ago still has not arrived and i'm not going to pay them if they won't send me what I purchased.,request_refund,153,52
I would like to return my purchases,request_refund,35,52
What is the refund process?,request_refund,27,52
Can you please help me in canceling my order.,request_refund,45,52
Can you refund my purchase?,request_refund,27,52
"I just bought an item and would like to stop payment, is this possible?  The item has not been received yet.",request_refund,108,52
"Hello, I have recently made a purchase and have decided to cancel my purchase. Is there any way that you can cancel that transaction for me so I can get the money back? It's very important.",request_refund,189,52
I have not received an item i ordered yet so i want to cancel it and get a refund. Can you please guide me on how to go about it?,request_refund,129,52
I bought something and now I want a refund.,request_refund,43,52
Canceling my order is what I need to do right now.,request_refund,50,52
Are purchases returnable for full refund?,request_refund,41,52
I want to talk about an order that I placed a long time ago and have yet to receive. I demand a refund due to lack of delivery of the product!  I refuse to pay for something I never got.,request_refund,186,52
I need this item refunded,request_refund,25,52
It's been some time ago that I placed an order and it just isn't coming. At this point just give me back my money because I'm not paying them.,request_refund,142,52
"Hello-Can you please help me get a refund from this merchant?  I ordered a product and would like to return it. I have been unsuccessful in getting the merchant to return my request for the past several days.  I understand it can take up to 45 days to process the dispute and issue a refund, however, if this can be expedited faster it would be very helpful to me.",request_refund,364,52
I need to have an item refunded.,request_refund,32,52
I want a refund for an item,request_refund,27,52
How do I return something for a full refund?,request_refund,44,52
"I did not receive my purchase, how do I cancel it?",request_refund,50,52
How does on apply fora refund on an item he ordered? I ordere an item and have not received it yet so i want to cancel it and get a refund,request_refund,138,52
Is it possible to get a refund for the item?,request_refund,44,52
Can you help me process a refund?,request_refund,33,52
Is it possible to refund an item?,request_refund,33,52
I just bought an item and would like to stop payment can you tell me if the item has been sent yet?,request_refund,99,52
i haven't received my order and want a refund,request_refund,45,52
Hello I changed my mind and want a refund on one of things I bought recently. Can you please cancel the transaction and get me my money back. Please it's urgent.,request_refund,161,52
I would like my refund for this item I bought.,request_refund,46,52
Can I get my money back on an item?,request_refund,35,52
I would like to retract my purchase.,request_refund,36,52
I would like to get an item refunded,request_refund,36,52
"Hello, i'd like to inform you of an issue i'm currently experiencing. The goods i have ordered from your website have still not arrived yet; it has been over 3 weeks. I would like to be issued a refund swiftly and be redirected to more competent people. Thank you for your assistance.",request_refund,284,52
What is the return policy?,request_refund,26,52
I'm cancelling this charge. I still have not received what I bought from these people a while ago.,request_refund,98,52
Can I get a refund?,request_refund,19,52
Can I have a refund for one of your products?,request_refund,45,52
Can I exchange an item for a refund?,request_refund,36,52
I want to have an item refunded can I do that?,request_refund,46,52
"Can you explain your refund policy, please?",request_refund,43,52
How do I receive a refund for my item?,request_refund,38,52
I no longer want this can i cancel my purchase?,request_refund,47,52
"Transfer unable to be completed, states 'declined'",declined_transfer,50,28
Why was my transfer request decline?,declined_transfer,36,28
My transfer was rejected,declined_transfer,24,28
I tried to buy something online yesterday and got a message saying declined. I tried again today and got the same message. What's the problem?,declined_transfer,142,28
"I am having trouble doing a transfer. A ""Decline "" message appears after making the transfer.",declined_transfer,93,28
the bank transfer was declined,declined_transfer,30,28
"Why do you keep declining my transfers? It's been working well so far, but when I just tried to buy something, the card got declined. I tried it a few times, but same thing happened every try.",declined_transfer,192,28
why was a transfer declined,declined_transfer,27,28
"While doing a transfer, it says declined.",declined_transfer,41,28
I have transfered to my account before but it is being declined now?,declined_transfer,68,28
Transfer was declined.,declined_transfer,22,28
Please check and let me know why my transfers are getting declined.,declined_transfer,67,28
Tell me why my transfer is declined.,declined_transfer,36,28
I see my transfer was declined.,declined_transfer,31,28
Explain to me why a transfer would be declined.,declined_transfer,47,28
Why has my transfer been declined?,declined_transfer,34,28
Why would my transfer be declined?,declined_transfer,34,28
Why did you decline my transfer?,declined_transfer,32,28
Why do you keep declining my transfers? it's always been working really well so far but when I tried to buy something just now the card got declined . I tried couple of times already  but same thing is happening .,declined_transfer,213,28
I have a problem with a transfer. It didn't work. Can you tell me why?,declined_transfer,70,28
Transfer declined.,declined_transfer,18,28
I am trying to make a transfer to a different account but they keep getting declined. I have double checked all the details and the information is correct.,declined_transfer,155,28
"Why did my transfer not work, it says it was declined?",declined_transfer,54,28
I have no idea why but my transfers keep getting declined. I have double checked all the recipient details several times already and they're definitely correct.,declined_transfer,160,28
I tried to buy something over the Internet yesterday and got a declined error. I tried again today and got the same message. What is the issue?,declined_transfer,143,28
"I was doing a transfer and received a ""decline"" message.",declined_transfer,56,28
How do I make my transfer go through,declined_transfer,36,28
My transfer was not approved,declined_transfer,28,28
I noticed my transfer was declined.,declined_transfer,35,28
I tried to buy something online yesterday but it kept saying declined. Tried another time today but same thing happened. What's Broken?,declined_transfer,135,28
Why would I get a decline message in a transfer?,declined_transfer,48,28
Why was one of my transfers declined?,declined_transfer,37,28
Why am I getting declines when trying to make a purchase online?,declined_transfer,64,28
I have been trying to make transfers to another account but I keep getting a declined notice. I have checked all of my information more than once and my information is accurate.,declined_transfer,177,28
"I tried to buy something and it was declined and my transfers keep getting declined, Why?",declined_transfer,89,28
"I have been doing some online shopping, but when checking out, it keeps getting declined. I tried a few times and it wouldn't work. What could be wrong?",declined_transfer,152,28
"It seems you keep declining my transfers. Before, it's always worked very well.Just now when I tried to buy something the card was declined. I tried more than once and it was the same thing each time.",declined_transfer,200,28
I need to make a transfer but it keeps getting declined I need Help!,declined_transfer,68,28
Can you tell me why my transfer declined?,declined_transfer,41,28
"On my transfer there was a ""decline"" message",declined_transfer,44,28
"Hello, my transfers are getting failed continuously, in spite of the fact that all the recipient details are correct. Please advise.",declined_transfer,132,28
"I get a ""decline"" message when doing a transfer",declined_transfer,47,28
It declined my transfer.,declined_transfer,24,28
My recent transfer didn't go through - why not?,declined_transfer,47,28
How do I make sure my transfer isn't goin to an unsupported merchant?,declined_transfer,69,28
What went wrong with my transfer?,declined_transfer,33,28
"I'm having issues with my card. You guys keep declining it for some reason. I haven't had any issues up until this point. What is going on? I've tried a handful of times with the same, unfortunate, result!",declined_transfer,205,28
How can I check for an unsupported merchant for my transfer request?,declined_transfer,68,28
Why are my transfers getting declined?,declined_transfer,38,28
I couldn't make a transfer because it was declined,declined_transfer,50,28
Shopping on line I was declined when trying to buy something.,declined_transfer,61,28
How come my transfer got declined,declined_transfer,33,28
What does the decline message mean,declined_transfer,34,28
"I can't make any transfers, they won't go through, the details are correct as I checked them.  Can you look in to this please?",declined_transfer,126,28
How do I contact customer support about my declined transfer?,declined_transfer,61,28
"Transfer was declined, could not complete request.",declined_transfer,50,28
It appears my transfer was declined.,declined_transfer,36,28
"Hello. My credit keeps being declined, last night and again today, as I try to buy something. What is the status of my card?",declined_transfer,124,28
I have a transfer that was declined.,declined_transfer,36,28
I don't have any idea what's going on but all of my transfers keep getting declined. I have double-checked over all of my recipient names and they are correct.,declined_transfer,159,28
What would be a reason my transfer got declined?,declined_transfer,48,28
I was declined a transfer,declined_transfer,25,28
Why did my transfer get declined?,declined_transfer,33,28
I am unable to transfer money. I believe it is not working because it states it was declined.,declined_transfer,93,28
I was making a purchase and it was declined and I wanted to know why.,declined_transfer,69,28
Why do transfers get declined?,declined_transfer,30,28
"Hi, during online shopping payment is getting declined yesterday and today as well. Please check the issue.",declined_transfer,107,28
Please help me as my online payment is getting declined since yesterday while i am trying to purchase something online.,declined_transfer,119,28
"It's declining my transfers. Normally this works, but my card is being declined now and I've tried more than once.",declined_transfer,114,28
I tried to transfer but it was declined,declined_transfer,39,28
Seems like my transfer was declined how come?,declined_transfer,45,28
Help me figure out why my transfer was declined,declined_transfer,47,28
I didn't see any reason why my transfer was declined. What gives?,declined_transfer,65,28
Tell me why my transfer was declined.,declined_transfer,37,28
I got a message that my transfer was declined.,declined_transfer,46,28
My transfer was declined. What might the reason be?,declined_transfer,51,28
I tried to do a transfer but I got a message that it was declined.,declined_transfer,66,28
"I had everything lined up to make a transfer, and then it rejected it.",declined_transfer,70,28
Why are my transfers and purchases keep getting declined?,declined_transfer,57,28
how come my transfer declined,declined_transfer,29,28
"What do I do with my ""decline"" message on a transfer?",declined_transfer,53,28
I tried to buy something online yesterday and was told declined. I got the same error today after trying again. What is the problem?,declined_transfer,132,28
Why did my payment get declined?,declined_transfer,32,28
"My transfer was declined, why is that?",declined_transfer,38,28
I've made more than one attempt to make a purchase and the card keeps getting declined. Why do you keep denying my transfers?,declined_transfer,125,28
"Could not complete transfer, states 'declined'",declined_transfer,46,28
I'm having problems making a transfer to another account. I keep getting a declined message. I know that the information I'm putting in is accurate because I have checked it more than once.,declined_transfer,189,28
My transfer has been declined.,declined_transfer,30,28
I wanted to know why my transaction didn't go through.,declined_transfer,54,28
"Unable to complete transfer, states 'declined'",declined_transfer,46,28
I received a decline message on a transfer,declined_transfer,42,28
"I wanted to buy something online yesterday, but I could not because the card got declined on the day of and the following day. What is wrong with the card?",declined_transfer,155,28
why did i get declined transfer,declined_transfer,31,28
I am sure I have plenty of money to transfer but my transfer is being declined.,declined_transfer,79,28
Why are my transfers being declined? It normally works but now it's declining my card. I've tried it a few times but it's still not working.,declined_transfer,140,28
Is there a reason my transfer would have been declined?,declined_transfer,55,28
"I received a ""declined"" message when doing a transfer",declined_transfer,53,28
Why did I get declined during a transfer?,declined_transfer,41,28
It says the transfer wasn't accepted.,declined_transfer,37,28
I can't seem to figure out why my transfers are getting declined.,declined_transfer,65,28
I tried to do a transfer and it's saying it declined.,declined_transfer,53,28
I tried to buy something online yesterday but it kept saying declined. Tried again today but same thing happened. What's wrong?,declined_transfer,127,28
"I'm trying to move money from my account to elsewhere, but it's giving me an error message.",declined_transfer,91,28
I have tried a couple of times to make a purchase and my card keeps getting declined. Why do you keep denying my transfers? I have already tried a couple of times and it's not working.,declined_transfer,184,28
unsupported transfer declined,declined_transfer,29,28
Why would my transfer result in a decline message?,declined_transfer,50,28
The transfer that I was trying to complete was declined. What was the cause?,declined_transfer,76,28
I got declined when attempting a transfer,declined_transfer,41,28
What are the reasons for a declined transfer?,declined_transfer,45,28
Why would you cancel my transfer?,declined_transfer,33,28
My transfer was declined. Why did this happen?,declined_transfer,46,28
Why does my card continually get declined? I thought I had enough money in there but I've tried several times now and it still isn't working.,declined_transfer,141,28
"please help me with this transfer, for some reason i can't transfer to a cryptocurency account",declined_transfer,94,28
Transfer could not be completed due to being declined.,declined_transfer,54,28
I just noticed my transfer was declined and I don't know why. Can you help me?,declined_transfer,78,28
I have been trying to make a transfer and it won't go through. I have checked all the receipts and its all correct but still won't let me do it.,declined_transfer,144,28
I got a declining message during a transfer? please tell me why,declined_transfer,63,28
I think there has been a mistake with my transfer,declined_transfer,49,28
I have double-checked all of my recipient details but for some reason all of my transfers keep getting declined. I have no clue as to why.,declined_transfer,138,28
Why are my transfers getting declined?  I havent had a problem in the past.,declined_transfer,75,28
Help me. My transfer was declined. How could this happen?,declined_transfer,57,28
"i have tried everything to complete a transfer but can't, what should i do next",declined_transfer,79,28
I don't know what's going on but all of my transfers keep getting declined. I have checked over the recipient details twice. These details are all correct.,declined_transfer,155,28
"Hi, Yesterdays i was unable to do online shopping as it was getting declined. Today I am facing the same issue. Please help me in this respect.",declined_transfer,143,28
"My transfers keep on getting declined. My card was working fine up until now, however it has suddenly stopped working. Why is this?",declined_transfer,131,28
I went to do a transfer and it was declined.,declined_transfer,44,28
"Why are all my transfers failing?  I have the details right and they won't complete.  I've been trying all day and they still won't go through, this is URGENT, please help.",declined_transfer,172,28
"Declined, transfer not completed.",declined_transfer,33,28
I saw that my transfer was declined.,declined_transfer,36,28
"Why do you keep declining my transfers? it's always been working really well so far but when I tried to buy something just now the card got declined, I tried couple of times already  but same thing is happening.",declined_transfer,211,28
How can I find a way to transfer money without it being rejected?,declined_transfer,65,28
I have a problem with my account. I tried to transfer some funds and the message came back declined. Can you help me?,declined_transfer,117,28
Please explain why my transfer attempt was declined. Thank you.,declined_transfer,63,28
"I don't see my refund money yet in my account. I asked the merchant a while ago for a refund, so I don't know what's taking so long.  Can you look into it and see if the money is there, just not in my account yet?",Refund_not_showing_up,213,0
Why am I missing my refund,Refund_not_showing_up,26,0
Please help me.  I am still waiting on a refund.,Refund_not_showing_up,48,0
I requested a refund but am unable to see it in my account. Why is that?,Refund_not_showing_up,72,0
When will my refund come through,Refund_not_showing_up,32,0
Why is my refund not showing up on the statement?,Refund_not_showing_up,49,0
I need my refund,Refund_not_showing_up,16,0
why cant you just refund me instead of a merchant,Refund_not_showing_up,49,0
Why haven't I received a refund yet?,Refund_not_showing_up,36,0
when will I get my refund?,Refund_not_showing_up,26,0
They said I would get a refund but I don't see it on my statement.,Refund_not_showing_up,66,0
A refund is taking too long.,Refund_not_showing_up,28,0
"I requested a refund from a merchant a while ago, and upon repeatedly checking my statement, the merchant has yet to refund me my money.  I don't know what's going on, or why the money is getting into my account--could you please help?",Refund_not_showing_up,235,0
Why isn't my refund showing up in my statement?,Refund_not_showing_up,47,0
I can't see a refund for a return I completed recently.,Refund_not_showing_up,55,0
How come my refund hasn't appeared on my statement?,Refund_not_showing_up,51,0
Why am I still waiting for my refund,Refund_not_showing_up,36,0
I keep checking my statements but nothing shows up. I requested a refund a long time ago but seems it's not reaching my account for some reason. Would you please help me get the money back from the seller.,Refund_not_showing_up,205,0
Why is my refund not visible on my statement?,Refund_not_showing_up,45,0
The refund doesn't show in my account,Refund_not_showing_up,37,0
I have not received a refund.,Refund_not_showing_up,29,0
Where is my recent refund in the my statement?,Refund_not_showing_up,46,0
I am missing a refund amount on my account.,Refund_not_showing_up,43,0
I asked for a refund but its not here yet,Refund_not_showing_up,41,0
I have a missing refund,Refund_not_showing_up,23,0
i need a refund right away but the funds aren't available in my account,Refund_not_showing_up,71,0
When will my returned transaction show up on my account?,Refund_not_showing_up,56,0
There is a refund missing.,Refund_not_showing_up,26,0
"My refund has not arrived, and I am unsure why. Who do I contact?",Refund_not_showing_up,65,0
I need my refund as soon as possible. What else do I have to do?,Refund_not_showing_up,64,0
I can't see my refund in my history.,Refund_not_showing_up,36,0
The refund isn't appearing in my account,Refund_not_showing_up,40,0
How can I check if I have received a refund if it is not yet on my statement?,Refund_not_showing_up,77,0
Why isn't a refund showing on my statement?,Refund_not_showing_up,43,0
I can not find my refund.,Refund_not_showing_up,25,0
"I requested a refund from a merchant several days ago, but don't see anything showing up in my account yet.  Can you check on your end to see if the money has reached you guys?",Refund_not_showing_up,176,0
I am waiting on the refund,Refund_not_showing_up,26,0
How can I investigate a missing refund?,Refund_not_showing_up,39,0
"Hi, Last week I have contacted the seller for a refund as directed by you, but i have not received the money yet. Please look into this issue with seller and help me in getting the refund.",Refund_not_showing_up,188,0
I still don't have a refund.,Refund_not_showing_up,28,0
Transaction refund missing from my statement.,Refund_not_showing_up,45,0
I am suppose to be getting a refund from something I purchased but it hasn't showed up in my account.,Refund_not_showing_up,101,0
I've been waiting for a refund where is it?,Refund_not_showing_up,43,0
I was supposed to get a refund but it is not showing up on my card,Refund_not_showing_up,66,0
I've been waiting for a refund to show up and I don't see it on my statement yet.,Refund_not_showing_up,81,0
I cannot see a refund in my account,Refund_not_showing_up,35,0
Give me a refund now!! I am still waiting.,Refund_not_showing_up,42,0
I made a purchase a few weeks ago but wasn't happy with it so recently requested a refund from the supplier.  Can you check where the money is?,Refund_not_showing_up,143,0
my refund has not hit my account yet,Refund_not_showing_up,36,0
Why hasn't my refund been appiled to my account?,Refund_not_showing_up,48,0
My refund has not yet been credited on my statement,Refund_not_showing_up,51,0
My refund is not showing.,Refund_not_showing_up,25,0
When do I see my recent refund in my statement,Refund_not_showing_up,46,0
Why isn't my refund shown on my statement?,Refund_not_showing_up,42,0
"Hello. I bought an item a while ago, and have since requested a refund.  However, upon checking my online statements, it seems that I haven't been issued a refund yet.  How can this be remedied?",Refund_not_showing_up,194,0
"Hurry and refund me, I am waiting",Refund_not_showing_up,33,0
"I received a refund, however I cannot see it in my account",Refund_not_showing_up,58,0
I was supposed to get a refund but I do not see it on my statement. When is it going to be updated?,Refund_not_showing_up,99,0
I did all that was asked of me and I am rather frustrated. I don't understand why you just won't credit me my money back. I have contacted the seller and nothing has been done. It's been a week!,Refund_not_showing_up,194,0
How will I know when I get my refund?,Refund_not_showing_up,37,0
"It's been more than a week since I had a return charged to my card, why hasn't it showed up?",Refund_not_showing_up,92,0
My refund isn't going fast enough.,Refund_not_showing_up,34,0
My account isn't showing the refund,Refund_not_showing_up,35,0
I requested a refund from a merchant but don't see the money in my account.  Are you able to check with the merchant or process the refund manually?,Refund_not_showing_up,148,0
The refund I asked for isn't showing up,Refund_not_showing_up,39,0
The refund on my account hasn't shown up,Refund_not_showing_up,40,0
I'm supposed to have a refund but it isn't there,Refund_not_showing_up,48,0
My statement has not shown my refund.,Refund_not_showing_up,37,0
No refund showing in my statement.,Refund_not_showing_up,34,0
I can't see all the refunds in my statement,Refund_not_showing_up,43,0
"I'm expecting a large refund from a store I returned merchandise to recently.  They say they have sent the money but I don't see it in my account, can you help.",Refund_not_showing_up,160,0
A while ago i requested a refund from a seller. I keep checking my statement but I have not been refunded yet. I'm confused why i haven't gotten my money back yet but I need your help getting it please.,Refund_not_showing_up,202,0
Please update me on whether you have received the funds for the refund of the large purchase I made recently. I have requested this from the merchant days ago but still haven't got anything.,Refund_not_showing_up,190,0
I cannot find my refund on my statement.,Refund_not_showing_up,40,0
"I have received my statement but I do not see my refund, why is that?",Refund_not_showing_up,69,0
What is taking so long with my refund?,Refund_not_showing_up,38,0
Can you tell me why a refund I'm owed is not showing on my statement?,Refund_not_showing_up,69,0
I requested a refund directly from the seller but I still don't have it. I just want you to send me my money back. I did what you said to do and I still don't have it.,Refund_not_showing_up,167,0
when should I receive my refund,Refund_not_showing_up,31,0
Card refund is not showing up in my statement.,Refund_not_showing_up,46,0
Why is my refund missing in my statement?,Refund_not_showing_up,41,0
Please send my refund now.,Refund_not_showing_up,26,0
"Hi! A seller that I requested a refund from a long time ago has yet to send the money into my account, even though I keep checking it. Can the seller be contacted by you guys to see what's going on?",Refund_not_showing_up,198,0
Why is the refund not on my statement?,Refund_not_showing_up,38,0
My refund is still pending,Refund_not_showing_up,26,0
I requested a refund from Next because the dress I purchased had three arm holes. They said they sent the refund last Wednesday which is nearly a week ago and I still don't have it.  Why not?,Refund_not_showing_up,191,0
Where is my refund? it appears to be missing.,Refund_not_showing_up,45,0
who should i contact if my refund doesn't go through?,Refund_not_showing_up,53,0
"Please, I need your help as to whether or not you have money for a large refunded purchase I made. I requested it some time ago from the seller, but nothing is showing up.",Refund_not_showing_up,171,0
I requested a refund for a large order the other day and don't think I received the funds. Can you tell me if you see them or not?,Refund_not_showing_up,130,0
Why isn't my refund showing up?,Refund_not_showing_up,31,0
I contacted the seller and he won't respond.  Please just refund me my  money.,Refund_not_showing_up,78,0
I am still waiting for a refund,Refund_not_showing_up,31,0
"I requested a refund from a seller a while ago, but when I check my statements it doesn't show up. Can you help me get my refund.",Refund_not_showing_up,129,0
I was supposed to get a refund but I do not see it.,Refund_not_showing_up,51,0
I contacted a seller about a refund last week but he still hasn't returned my money. I am frustrated and need these funds. Please help me get my money back.,Refund_not_showing_up,156,0
I am noticing that a refund of a large purchase still has not been credited to my account. I contacted the merchant a few days ago and he assured me that he would submit it right away. Is there a status update?,Refund_not_showing_up,210,0
Hi I'm waiting for a refund for an item I bought. I have contacted the merchant directly but had nothing back. Can you tell me whether or not you are able to refund me for the item?,Refund_not_showing_up,181,0
"Would you please tell me the status of my refund request for a large purchase I made not long ago? I contacted the merchant nearly a week ago, but haven't received it.",Refund_not_showing_up,167,0
I can't find my refund. Please help.,Refund_not_showing_up,36,0
I requested a refund but can't see it.,Refund_not_showing_up,38,0
"I keep checking to see if I've received a refund that I requested from a seller, but I'm not seeing the refund. I need you to help me get the refund.",Refund_not_showing_up,149,0
how does my statement get updated so i know when a refund will reflect on my balance,Refund_not_showing_up,84,0
Can I check my recent refund in my statement?,Refund_not_showing_up,45,0
"I was suppose to be getting a refund for something I purchased a while ago, but It still hasnt been applied to my account. When will I get my money back?",Refund_not_showing_up,153,0
My refund has not shown up on my statement.,Refund_not_showing_up,43,0
what is the status of my refund,Refund_not_showing_up,31,0
"Hello. Please, would you tell me if you have or have not received funds for a refund that I recently requested for a big purchase? I've contacted the merchant, but I can't tell that they have taken any action on it.",Refund_not_showing_up,215,0
Did I not get my refund? I don't see it.,Refund_not_showing_up,40,0
I am still waiting to find out the status of my refund. I have made previous attempts to find out what the status is to no avail. Will you please look into this for me?,Refund_not_showing_up,168,0
I keep checking my statements but nothing shows up! I requested a refund a long time ago but seems it's not reaching my account for some reason. Can you please help me get the money back from the seller for me,Refund_not_showing_up,209,0
I contacted the seller for a direct refund last week but he still hasn't give me my money. What should I do?,Refund_not_showing_up,108,0
I cannot view the refunded amount in my account.,Refund_not_showing_up,48,0
Why hasn't my refund appeared on my statement?,Refund_not_showing_up,46,0
My refund is not showing up in my account. Where is it?,Refund_not_showing_up,55,0
My refund has not shown up in my account.   Where is it?,Refund_not_showing_up,56,0
When can I expect my refund?,Refund_not_showing_up,28,0
How long will it take to refund me,Refund_not_showing_up,34,0
I keep checking my statements but no progress.I requested a refund but seems it's not reaching my account for some reason. Can you please help me get the money back from the seller for me,Refund_not_showing_up,187,0
"Can you let me know where my refund money is? I requested a refund a few days back, but it's not showing up yet.  Do you guys have the money yet? Maybe it's just not in my account.  Let me know when it will become available, please.",Refund_not_showing_up,232,0
My statement does not reflect that a refund has been issued,Refund_not_showing_up,59,0
Why isn't my refund on my statement?,Refund_not_showing_up,36,0
When will I be able to see the refund,Refund_not_showing_up,37,0
My refund isn't showing up on my statement.,Refund_not_showing_up,43,0
A refund for a recent return has not arrived on my card.,Refund_not_showing_up,56,0
I am missing my refund.,Refund_not_showing_up,23,0
I keep checking my statements but nothing shows up.I requested a refund a long time ago but seems like it's not submitting my account for some reason. Can you please help me get the money back from the seller for me,Refund_not_showing_up,215,0
"Three months ago I bought a new house for my cat, fluffy.  Unfortunately Fluffy was not a fan of the house and it had to be returned to Pet Smart last week.  They said they have sent a refund but it's not there, can you tell me where it is?",Refund_not_showing_up,240,0
How do I find the refund on my statement?,Refund_not_showing_up,41,0
"i need a refund from you because the merchant is refusing, can you do that?",Refund_not_showing_up,75,0
I returned an item but don't see it on my account?,Refund_not_showing_up,50,0
"As advised by you, i requested seller to refund my money. A week has passed but i haven't got any update from seller. Please track the refund with the seller.",Refund_not_showing_up,158,0
Why isn't my refund showing in my statement?,Refund_not_showing_up,44,0
"I'm looking at my statement, and my refund is not on there.",Refund_not_showing_up,59,0
I'm due a refund and it is not on my statement.,Refund_not_showing_up,47,0
Why did I not get my refund yet?,Refund_not_showing_up,32,0
Why hasn't my return cleared my account?,Refund_not_showing_up,40,0
I was told I would be getting a refund but I have yet to see it,Refund_not_showing_up,63,0
My refund isn't showing up,Refund_not_showing_up,26,0
Is there a reason my refund isn't showing on my statement?,Refund_not_showing_up,58,0
Are the funds I requested from a merchant a few days ago in my account? I do not see them.,Refund_not_showing_up,90,0
"I'm supposed to be getting a refund but it hasn't shown up, now what?",Refund_not_showing_up,69,0
My refund for a purchase hasn't  cone through yet.,Refund_not_showing_up,50,0
How long does it take for a refund to appear?,Refund_not_showing_up,45,0
I don't see a refund in my account.,Refund_not_showing_up,35,0
My refund is not here yet,Refund_not_showing_up,25,0
"I am waiting on this refund, hurry up.",Refund_not_showing_up,38,0
I returned something to a  store but can't see my refund.,Refund_not_showing_up,57,0
Can you tell me if a credit/refund is coming from a seller? I asked for refund directly from them and am still waiting. It's been a week now and i still havn't seen my refund yet.,Refund_not_showing_up,179,0
Why can't I see my refund in my statement?,Refund_not_showing_up,42,0
Where is the refund on my statement?,Refund_not_showing_up,36,0
I should have a refund in my statement but I can't see it,Refund_not_showing_up,57,0
I'm expecting a refund but it's no where to be seen,Refund_not_showing_up,51,0
There is not a refund in my statement.,Refund_not_showing_up,38,0
"I have checked my statements multiple times, but my refund that I requested a while back is not showing on my account. Is there a reason for this? Can I get some help getting my money back from this transaction?",Refund_not_showing_up,211,0
Im not sure if a seller is giving me my money back! I asked them to refund my money for the item but It's been a week now and still nothing has been given back to me. Can you resolve this for me?,Refund_not_showing_up,195,0
When will a refund post to my account?,Refund_not_showing_up,38,0
When will I be able to see my refund?,Refund_not_showing_up,37,0
"I made a big purchase that I regretted and cancelled, the merchant said that my refund was submitted. Can you confirm to me that all of my money was truly returned to me?",Refund_not_showing_up,170,0
I've been checking my statement to see if I've received a refund I requested from a seller a while ago has arrived. But it has not. This should have come back to me already. Can you help me figure out why it's not here and get my money back?,Refund_not_showing_up,241,0
Still waiting on my refund...,Refund_not_showing_up,29,0
I can't see my refund on my account,Refund_not_showing_up,35,0
I'm not sure why my card didn't work,declined_card_payment,36,26
My card is not working at stores.,declined_card_payment,33,26
Do you know why my card payment has been declined?,declined_card_payment,50,26
Why isn't my card working? I was pumped to use my new card but it keeps getting declined. Help please.,declined_card_payment,102,26
I could not use my card in a store.,declined_card_payment,35,26
If my card payment isn't working what do I do?,declined_card_payment,46,26
I'm not sure why the card payment didn't work.,declined_card_payment,46,26
Tell me why my card payment has been declined.,declined_card_payment,46,26
I was just shopping online for some tickets and the payment was declined by you.  Why has this happened?  I am certain I have the right amount of funds in my account.,declined_card_payment,166,26
I am very upset that i went to use my new card today and it kept getting declined. Why is this happening and what do I do to not have it declined?,declined_card_payment,146,26
What are the reasons why a card payment would be declined?,declined_card_payment,58,26
The card payment I attempted to make failed.,declined_card_payment,44,26
Why has my card been declined?,declined_card_payment,30,26
I went to use my new card today and the card was repeatedly declined. I would really like to use this card and need to know what to do about it.,declined_card_payment,144,26
"I was out today looking forward to paying with my new card, but the payment just kept getting declined. This is really sad, what's going on?",declined_card_payment,140,26
What is the reason my payment was not accepted?,declined_card_payment,47,26
"May monthly payment to Apple has been declined but I don't know why, they are going to re-try the payment and it must go through, can you tell me what is going on please?",declined_card_payment,170,26
You have declined my  payment.,declined_card_payment,30,26
Can you tell me why my card keeps getting declined every time I try to use it?,declined_card_payment,78,26
Can you tell me why my card is not working? I keep trying to use it but it keeps rejecting my payment. I am being careful and entering the info correctly but it still happens.,declined_card_payment,175,26
"Apparently, I went out today to use my new card and was informed my payment was decline. This is really embarrassing, what happen?",declined_card_payment,130,26
I NEED HELP WITH MY CARD!!!!! please. It keeps getting declined when I try to use it. I have tried a few times to use it and it keeps getting rejected. I have no idea why.,declined_card_payment,171,26
How do I check to see why my card payment was declined?,declined_card_payment,55,26
Why was my card declined in a shop?,declined_card_payment,35,26
The payment for the card did not go through,declined_card_payment,43,26
My card was rejected,declined_card_payment,20,26
I use this card all the time so why did it get declined at the store today?,declined_card_payment,75,26
I couldn't pay with my card,declined_card_payment,27,26
Why are all my card payments being declined?,declined_card_payment,44,26
I couldn't pay with card in a shop,declined_card_payment,34,26
Why is my payment declined? It looked like everything worked ok and my account was fine.,declined_card_payment,88,26
My card payment failed.,declined_card_payment,23,26
"My payment has been declined!! What's going on, I thought everything was alright and working well?",declined_card_payment,98,26
My latest payment was declined! What happened! I was told everything had been resolved and was back to working order again.,declined_card_payment,123,26
My card wasn't working in a shop,declined_card_payment,32,26
I'm sure I have enough money so why didn't the store accept my card?,declined_card_payment,68,26
Why has my payment been declined? I paid by card.,declined_card_payment,49,26
can you tell me why my card was declined?,declined_card_payment,41,26
My card didn't go through.  It doesn't make sense.  You told me that everything was ok.,declined_card_payment,87,26
Please explain why my payment was declined? I thought everything was good.,declined_card_payment,74,26
"When I use my card, it says decline?",declined_card_payment,36,26
My card payment didn't work,declined_card_payment,27,26
"I was just shopping and my payment was declined in a store!  It was very embarrassing, what is going on and when will it be fixed?",declined_card_payment,130,26
Why was my card declined?,declined_card_payment,25,26
I tried to make a purchase in the store but my card was declined.,declined_card_payment,65,26
My card payment wasn't accepted.,declined_card_payment,32,26
is there a reason that my payment didnt go through,declined_card_payment,50,26
My card payment did not go through.,declined_card_payment,35,26
Explain the payment that was declined!,declined_card_payment,38,26
Explain why my card payment wouldn't go through.,declined_card_payment,48,26
Why didn;t my payment work,declined_card_payment,26,26
My card couldn't pay in a shop.,declined_card_payment,31,26
My payment card was declined - could you tell me why?,declined_card_payment,53,26
"Hi, is everything in good standing with my card? I am receiving multiple ""decline"" messages.",declined_card_payment,92,26
Why didn't my card payment work?,declined_card_payment,32,26
My card payment didn't go through.,declined_card_payment,34,26
How can a payment be declined,declined_card_payment,29,26
The store card reader would not accept my card.,declined_card_payment,47,26
Why was my payment declined? I keep trying my card but it's not working.,declined_card_payment,72,26
My card was declined,declined_card_payment,20,26
my payment was rejected,declined_card_payment,23,26
I was wondering why my card was declined,declined_card_payment,40,26
"Please help me in this, as i was unable to make any payment by my new card,  it was getting declined repeatedly. I am not very happy with this incident.",declined_card_payment,152,26
Why did my card payment not work?,declined_card_payment,33,26
"my card payment has been declined, do you know why?",declined_card_payment,51,26
My credit card has been declined.,declined_card_payment,33,26
Why did my card payment get declined?,declined_card_payment,37,26
Why won't you accept my payment? I keep trying with this card and it's not working.,declined_card_payment,83,26
My card payment is being declined and I've tried several times.,declined_card_payment,63,26
For some reason my card payment didn't work,declined_card_payment,43,26
Why has my card declined,declined_card_payment,24,26
A shop I go to didn't let me pay.,declined_card_payment,33,26
Why did my payment fail?,declined_card_payment,24,26
Can you tell me why my card payment did not work?,declined_card_payment,49,26
My card would not work at a shop.,declined_card_payment,33,26
I could not get my card to work at a shop.,declined_card_payment,42,26
My card payment has been declined,declined_card_payment,33,26
I've tried using my card multiple times and it keeps getting declined.,declined_card_payment,70,26
My card was refused,declined_card_payment,19,26
Why is it saying my card payment is declined when I made it?,declined_card_payment,60,26
My card failed to work when I was shopping in a store,declined_card_payment,53,26
why couldn't I use my card at a store?,declined_card_payment,38,26
My card did not work at store.,declined_card_payment,30,26
Why does is payment not going through? Did my account get frozen or some other issue I don't know about. What can I do to fix this problem?,declined_card_payment,139,26
Why was my new card declined?,declined_card_payment,29,26
Why do you keep declining my payment?I tried several times with this card and it is just not working.,declined_card_payment,101,26
Why do you keep declining my payment? I tried several times already with this card and it is just not working.,declined_card_payment,110,26
Why am I being declined?,declined_card_payment,24,26
Could you explain why my card payment did not work?,declined_card_payment,51,26
"Hi, Today i have tried to make payment by my new card, but payment got declined many times. I am very disappointed, please look into this.",declined_card_payment,138,26
I don't know why my card payment did not work,declined_card_payment,45,26
"my card was refused, why?",declined_card_payment,25,26
I don't understand why my payment was declined. I thought everything was ok.,declined_card_payment,76,26
I tried to pay with my card and it didn't work,declined_card_payment,46,26
Why do you keep declining my payment?I tried several times already with this card and it is just not working.,declined_card_payment,109,26
The card payment is declined.  Please inform me why.,declined_card_payment,52,26
"My card payment has been declined, why?",declined_card_payment,39,26
Why would you decline my card?,declined_card_payment,30,26
My payment for my card is not working,declined_card_payment,37,26
Why would a card payment be declined?,declined_card_payment,37,26
I was so embarrassed. Why didn't my payment clear?,declined_card_payment,50,26
It seems like my card payment didn't work.,declined_card_payment,42,26
"I've tried many times to make a payment, but it's not going through.  What's wrong?",declined_card_payment,83,26
Why has my card been declined?  whats the deal?,declined_card_payment,47,26
For some reason my card payment hasn't worked. what can I do to look into that?,declined_card_payment,79,26
Could you please tell me why my card payment didn't work?,declined_card_payment,57,26
"my payment was rejected, do you know why?",declined_card_payment,41,26
My card payment doesn't work.,declined_card_payment,29,26
"I made a card payment, but it has been declined?",declined_card_payment,48,26
"Everything seems fine with my account, so why did it decline my payment?",declined_card_payment,72,26
"I'm not sure why my payment has been declined? Please tell me why, I thought it was all good.",declined_card_payment,93,26
My payment has been declined several times.  Can you help me?,declined_card_payment,61,26
I had a decline on my card. Why?,declined_card_payment,32,26
When I tried to pay in a store my card din't work,declined_card_payment,49,26
I was just needing to know why my card got declined,declined_card_payment,51,26
My payment was declined,declined_card_payment,23,26
Why was the payment on my card declined?,declined_card_payment,40,26
I made a card payment but it didn't work. Why not?,declined_card_payment,50,26
"I was out today looking forward to paying with my brand new card, turns out the payment just kept getting declined. This is pretty sad, what's going on?",declined_card_payment,152,26
Do you know the reason why my card payment was declined?,declined_card_payment,56,26
What is going on with it saying my card payment was declined?,declined_card_payment,61,26
"I keep trying to make a payment, but it doesn't work.",declined_card_payment,53,26
What could the reason be that my payment card was declined?,declined_card_payment,59,26
My card did not go through in a shop,declined_card_payment,36,26
Is there an issue with my card payment as it has not gone through.,declined_card_payment,66,26
Why wasn't my card payment accepted?,declined_card_payment,36,26
I keep trying to use my card to buy some things and you keep declining it. Why? I've tried multiple times to make it go through but it won't.,declined_card_payment,141,26
The card payment I made didn't work.,declined_card_payment,36,26
"I received my new card and tried using it today, just to have it show declined over and over again.  Why is this happening?",declined_card_payment,123,26
My card payment won't work.,declined_card_payment,27,26
My card payment has failed.,declined_card_payment,27,26
Whats the reason for my payment being declined? It looked like everything went through ok and my account was good.,declined_card_payment,114,26
I just got my new card and tried using it and it was declined?,declined_card_payment,62,26
"I know there's money in my account, why did my account decline me?",declined_card_payment,66,26
Why are the payments being declined on my new card?  I tried several times to use my new card to pay for my gas at the Shell station in my neighborhood.  I am very distressed about my new card not working.,declined_card_payment,205,26
Why would my card payment not work?,declined_card_payment,35,26
My card payment wasn't declined,declined_card_payment,31,26
Reason for my card to decline,declined_card_payment,29,26
Why have you declined my card payment?,declined_card_payment,38,26
My card was not accepted in a shop,declined_card_payment,34,26
I had a card payment that was declined.  Why?,declined_card_payment,45,26
How come my card payment has been declined?,declined_card_payment,43,26
"I have enough money in my account, so why is my card being declined?",declined_card_payment,68,26
Can you please advise if there is something wrong with my card? I have had multiple rejections and do not know the reason. Thanks!,declined_card_payment,130,26
"Card payment was declined, do you know why?",declined_card_payment,43,26
I've tried several times to make a payment and every time my card is declined? Could my card be locked? I don't know what to do.,declined_card_payment,128,26
"I had a problem with my card payment, can you help?",declined_card_payment,51,26
I tried to used my card in a shop and the transaction was declined.,declined_card_payment,67,26
"I was out today looking forward to paying with my new card, turns out the payment kept getting declined. This is really sad, what's going on?",declined_card_payment,141,26
Card payment didn't go through.,declined_card_payment,31,26
Please help to explain to me why my new card was declined when I tried to use it at my grocery store this morning to pay for the items I needed.  I tried three times to use it and it kept being declined.  I was very embarrassed standing there trying to buy my groceries.,declined_card_payment,270,26
My card payment was not successful.,declined_card_payment,35,26
Tell me why my card payment was declined.,declined_card_payment,41,26
"i put in money for vacation and its not showing. i need that money today, how long will it take",pending_transfer,95,49
I can't figure out why a transfer is still pending?,pending_transfer,51,49
"Transfers can take up to one day to process before departing for the beneficiary accounts. Please confirm that you've entered your account details correctly. SEPA transfers can take up to two working days, while SWIFT transfers can take up to five working days.",pending_transfer,261,49
When will my transfer finish pending?,pending_transfer,37,49
"How long do transfers take, mine just says pending?",pending_transfer,51,49
How long does it take for a transfer to finish pending?,pending_transfer,55,49
How long does it take for a money transfer to show up?,pending_transfer,54,49
Why is a transfer I have still pending?,pending_transfer,39,49
"Transfers may show up as pending for up to one day while they are processed by one of our payment processors. Then, they will depart for the beneficiary accounts. Please also double-check that you have entered the correct account details. SEPA transfers can take up to two business days, and SWIFT transfers can take up to five business days.",pending_transfer,342,49
What's the time frame on EU transfers? I purchased something a couple of days ago but the seller hasn't received my payment.,pending_transfer,124,49
When will the transaction post to my account?,pending_transfer,45,49
I sent a transfer and it has been pending for awhile. How long will it stay pending?,pending_transfer,84,49
"I transferred money to another country several days ago, but my transaction is still pending. i have checked that the accounts are keyed in correctly. what sees to be the problem?",pending_transfer,179,49
What is the reason a transfer shows as pending?,pending_transfer,47,49
Why is the transfer showing pending?,pending_transfer,36,49
Hi I am trying to transfer money to another country but it is showing pending and it has been a long time.  I have checked numbers and they are correct.  Could you please help?,pending_transfer,176,49
Why does my transfer say it is pending?,pending_transfer,39,49
What am I supposed to do if the funds haven't show up from a transfer completed this morning?,pending_transfer,93,49
How long do I have to wait for the transfer to be finalized?,pending_transfer,60,49
My payment shows that it is pending will I be charged more money?,pending_transfer,65,49
Why is my transfer still pending?,pending_transfer,33,49
Tell me why my transfer is pending.,pending_transfer,35,49
How long will my transfer be pending for?,pending_transfer,41,49
"I'm hoping you can answer my question about a pending transfer that I've had for a while now.  I know that all of the account details are correct, so why is it taking so long to go through?",pending_transfer,189,49
How long is a transfer in the pending status?,pending_transfer,45,49
Why is it taking so long for my pending transaction to post as cleared?,pending_transfer,71,49
"I haven't received my transfer funds yet, where are they?",pending_transfer,57,49
I'm confused as to why my transfer is still listed as pending on the website.,pending_transfer,77,49
"How long do EU transfers actually take? I recently bought something online a few days ago, sent the money immediately online but the seller says it's still not there yet.",pending_transfer,170,49
Why is my transfer pending?,pending_transfer,27,49
I sent payment with EU transfer and they still haven't received it. How long does it take?,pending_transfer,90,49
I bought something on line a and the seller hasn't received the money I sent could you please tell me how long an EU transfer takes?,pending_transfer,132,49
How long is the wait for a money transfer to show up?,pending_transfer,53,49
What is going on? I have checked over and over and the details of my account are right. Why is my transfer still pending? It's 2018 not 1818. Transfering money to another country can't be that hard.,pending_transfer,198,49
"As I double checked that I have the correct account details that i submitted , they're right for sure. Transfer is still pending so far.",pending_transfer,136,49
How long until transfers complete?,pending_transfer,34,49
My money transfer has not yet occurred,pending_transfer,38,49
My transfer is still pending,pending_transfer,28,49
Will my transfer be done soon?,pending_transfer,30,49
"How long do you expect me to wait for the transfer? It finally worked out, but has been pending for a long time and it's quite urgent.",pending_transfer,134,49
"My transfer is quite urgent, and finally worked out, but I've been waiting for it for quite some time. Can you tell me how long to expect to wait for it?",pending_transfer,153,49
My transfer still says pending,pending_transfer,30,49
"I bought something online a couple days ago, sent the money immediately online but the seller says it's still not there yet. How long do EU transfers actually take?",pending_transfer,164,49
The transfer was accepted but now it's stuck on pending. When will it go through?,pending_transfer,81,49
I have not seen any changes in my account balance(s) after making a transfer.,pending_transfer,77,49
I have an outgoing transaction,pending_transfer,30,49
"How long does a transfer to another country normally take? I check over and over again and see that my transfer is still pending. It's 2018, nothing should take this long. I have confirmed my account information, so there is no error. What is the hold up?",pending_transfer,255,49
I have a pending transaction,pending_transfer,28,49
How long is the wait for a money transfer to post?,pending_transfer,50,49
My money transfer hasn't appeared yet.,pending_transfer,38,49
Why is my transfer still pending after all this time?,pending_transfer,53,49
why have I got a pending transfer? I'm confused!!,pending_transfer,49,49
It seems like a transfer is pending.,pending_transfer,36,49
How long will my transfer stay pending?,pending_transfer,39,49
How long will the transfer take?,pending_transfer,32,49
How long does it take for pending to go through,pending_transfer,47,49
the transfer went through but now it has been pending for quite a while. i need this to go through already,pending_transfer,106,49
"I've been waiting for a pending transfer to go through for a while now, and don't see any reason why I've been waiting this long.  I know that I have the correct account details, so that isn't the problem.",pending_transfer,205,49
I am still waiting for a transfer to show up,pending_transfer,44,49
"My transfer is still pending, why?",pending_transfer,34,49
"Hey I double checked that I have the correct account details already, they're right for sure. Transfer is still pending since forever. It's not that difficult to transfer money to another country in 2018 is it?",pending_transfer,210,49
A transfer is pending.,pending_transfer,22,49
Why isn't my pending transfer finished?,pending_transfer,39,49
A transfer to my account shows as still pending and I wanted to know how long it is suppose to take to clear.,pending_transfer,109,49
Is my transfer pending?,pending_transfer,23,49
I did a transfer but its still pending,pending_transfer,38,49
How come I have pending transfers?,pending_transfer,34,49
I recently purchased something and the seller says my money has not arrived yet. It was in EU's. How long does this take?,pending_transfer,121,49
Could you please help me figure out why the seller has not received their money after I sent it.,pending_transfer,96,49
"How long do EU transfers actually take? I bought something online a couple days ago, sent the money immediately online but the seller says it's still not there yet.",pending_transfer,164,49
"How long do EU transfers take? I bought something online a couple days ago , sent the money immediately online but the seller says it is still not there yet",pending_transfer,156,49
"I didn't think my country-to-country money transfer would take so long. It still says that it's pending so I re-checked all of the account information--everything seems right, so what's the deal?",pending_transfer,195,49
My transfer hasn't appeared yet,pending_transfer,31,49
i transfered and yet it is still pending,pending_transfer,40,49
My transfer is stuck pending? How do we fix it to it goes through?,pending_transfer,66,49
What is the reason why the transfer shows as pending?,pending_transfer,53,49
I am still waiting for a transfer to show,pending_transfer,41,49
When will my transfer move from pending to confirmed?,pending_transfer,53,49
How long does a transfer take?,pending_transfer,30,49
I have a transfer that is still pending.,pending_transfer,40,49
I have a transfer that is pending.,pending_transfer,34,49
My transfer has been pending for a long time now. I already double checked my account info and it is correct. Why is it taking so long in 2018 to transfer money?,pending_transfer,161,49
My account says I have a pending transfer.,pending_transfer,42,49
How long would does it take for a seller to receive an EU transfer if I bought something from them and sent them the money immediately?,pending_transfer,135,49
Money was transferred to me and I am unable to see it,pending_transfer,53,49
How long does it take for pending transfer transactions to post?,pending_transfer,64,49
I finished my transfer. I am having an issue with it still pending. It has been a long time and i'm growing impatient,pending_transfer,117,49
Why is there a pending time on my transfer?,pending_transfer,43,49
Why does it show that my transfer is still pending?,pending_transfer,51,49
Can you tell me when my money transfer will go through,pending_transfer,54,49
How long will my transfer be pending?,pending_transfer,37,49
How long will a transfer be pending for?,pending_transfer,40,49
Why is a transfer I did recently still processing?,pending_transfer,50,49
I have a trasnger that is pending and wondered about it.,pending_transfer,56,49
I wanted to know why there is a transfer of mine pending.,pending_transfer,57,49
"I'm waiting for a money transfer to show, still.",pending_transfer,48,49
I am still waiting for a money transfer to appear.,pending_transfer,50,49
There has been a transfer pending in my account and I wanted to know how long it is going to take to go  through.,pending_transfer,113,49
What is the average pending time for a transaction?,pending_transfer,51,49
Can you explain why my payment is still pending?,pending_transfer,48,49
I did a transfer but it is still pending.,pending_transfer,41,49
Why is the transfer still pending?  Can I do something?,pending_transfer,55,49
I am having to wait for my transfer to be fully processed. It seems to be taking a very long time in the pending phase. What is the normal turn around time that I can expect to see it completed?,pending_transfer,194,49
when will my transfer clear,pending_transfer,27,49
"The transfer finally worked, but how long does it stay pending?",pending_transfer,63,49
"How long do EU transfers take? I bought something online a couple of days ago , sent the money immediately online but the seller says it is still not there yet.",pending_transfer,160,49
Why does my transfer still say it is pending?,pending_transfer,45,49
My money transfer has not happened yet,pending_transfer,38,49
I don't see a money transfer yet,pending_transfer,32,49
I have a transfer waiting.,pending_transfer,26,49
how long will it take for my transfer to stop pending,pending_transfer,53,49
"I double checked that I have the correct account details already, they're right for sure. Transfer is still pending since forever. It should not have been done so.",pending_transfer,163,49
How long do I wait for a transfer to take?,pending_transfer,42,49
"Hello. How long does it usually take to transfer money to another country? I've made sure all the information is correct, but the transfer still says that it's ""pending.""",pending_transfer,170,49
Why is my last transfer pending?,pending_transfer,32,49
I have an outgoing transfer,pending_transfer,27,49
"Transfers may show up as pending for up to one business day while they are processed, and then they'll depart for the beneficiary accounts. Please confirm that you have correctly entered your account details. SEPA transfers typically take up to two working days, while SWIFT transfers can take up to five working days.",pending_transfer,318,49
"How long does EU transfer take? I bought something online a couple days ago , sent the money immediately online but the seller says it is still not there yet",pending_transfer,157,49
My transfer's stuck on pending.,pending_transfer,31,49
"Hello, I went ahead and checked my account details to be sure, and they are definitely correct.  I've had a transfer pending for a while, and I can't understand why it hasn't gone through yet.",pending_transfer,192,49
"So, my transfer is showing as pending, when will it actually go through?",pending_transfer,72,49
Why is the transaction not posting?,pending_transfer,35,49
I made a transfer recently but it has not changed on my dashboard.,pending_transfer,66,49
When will my transfer move out of pending stage?,pending_transfer,48,49
Why is my transfer stuck on pending?,pending_transfer,36,49
there is a transfer pending.,pending_transfer,28,49
The wait for this transfer seems to be taking a very long time.  It is very important that it goes through quickly. Can you please tell me how long it may take?,pending_transfer,160,49
How much longer do I have to wait until my transaction is complete? I transferred money to another country many hours ago and the transaction is still pending.,pending_transfer,159,49
"Why is my transfer appearing as ""pending""?",pending_transfer,42,49
Do EU transfers happen quickly? I purchased something a few days ago and the seller hasn't received my money yet.,pending_transfer,113,49
"It seems like I have been waiting forever for this international transfer. Why is it taking so long? C'mon, it's 2018, things happen at a click of a button. All of the account information is correct, so how long will this take?",pending_transfer,227,49
"Hi, I'm trying to transfer money from one country to another, but it's taking a long time! All the account information is right, so why is it taking so long?",pending_transfer,157,49
Why is my transfer pending when I already made it?,pending_transfer,50,49
I have a pending money transfer,pending_transfer,31,49
"What does it mean when a transfer is ""pending""?",pending_transfer,47,49
For what reason is my transfer still pending now?,pending_transfer,49,49
The seller of the items I bought online the other day hasn't received the EU transfer yet. How long do these usually take?,pending_transfer,122,49
"My transfer is pending, why?",pending_transfer,28,49
Can you tell me why my transfer is pending still?,pending_transfer,49,49
I am still waiting for a money transfer to process.,pending_transfer,51,49
I have a transfer that was approved that I'm urgently waiting for. How long am I supposed to wait for it?,pending_transfer,105,49
"How long does the ""pending"" period of a transfer take?",pending_transfer,54,49
"My transfer went through, but it seems to be caught up in a pending status.  This was very important that it got done quickly, can you give me a status update on how long it will take?",pending_transfer,184,49
My transfer says pending. What does that mean?,pending_transfer,46,49
Can you tell me when the transfer will be completed?,pending_transfer,52,49
I need to know why a money transfer is available.,pending_transfer,49,49
I'm still waiting for a money transfer to show.,pending_transfer,47,49
"Pending still shows on this transfer, why?",pending_transfer,42,49
How do I deactivate my account?,terminate_account,31,55
Remove my account immediately.,terminate_account,30,55
Are you able to delete my account?,terminate_account,34,55
How do I discontinue my account?,terminate_account,32,55
please delete account,terminate_account,21,55
I need you to delete my account now.,terminate_account,36,55
"I would like to delete my account now, please.",terminate_account,46,55
I would like to invalidate my account.  I am very disappointed with your services.,terminate_account,82,55
I need to delete my account.,terminate_account,28,55
Can you delete the account?,terminate_account,27,55
"for god sake, just delete my account i am sick of this",terminate_account,54,55
"I need to delete my account, please.",terminate_account,36,55
unhappy with service need to delete account,terminate_account,43,55
"This company is bad, delete my account now.",terminate_account,43,55
How do I shut down my account and get out of this company?,terminate_account,58,55
How do I close my account?,terminate_account,26,55
I want to shut down my account as soon as possible.,terminate_account,51,55
cancel my account,terminate_account,17,55
Help me close my account.,terminate_account,25,55
I want to close my account due to poor customer service.,terminate_account,56,55
"I would like to close my account, as I'm not happy.",terminate_account,51,55
What's the process for terminating an account?,terminate_account,46,55
What steps do I need to do to delete my account?,terminate_account,48,55
How do I delete my account now,terminate_account,30,55
I want to cancel my account.,terminate_account,28,55
"I want to get rid of the account, and delete personal information .",terminate_account,67,55
if im not using my account should i close it or just let it sit,terminate_account,63,55
i'm not satisfied with the services and no longer want to be a customer,terminate_account,71,55
I am not satisfied with your company and wish to delete all accounts immediately.,terminate_account,81,55
I want to delete my account.,terminate_account,28,55
I am not happy with your company. Please delete my account asap.,terminate_account,64,55
"How can I close my account, I don't want it.",terminate_account,44,55
I am upset with your service.  Please delete my account.,terminate_account,56,55
I would like to cancel my account.,terminate_account,34,55
"I don't like the services, please close my account",terminate_account,50,55
I'd like to delete my account.,terminate_account,30,55
I want to stop my account,terminate_account,25,55
Please delete my account immediately.,terminate_account,37,55
How do I delete my account? I am dissatisfied with the service.,terminate_account,63,55
This place has been too much work so I'd just like to close out my account & be done.,terminate_account,85,55
do i have to talk to someone to close an account or can i in the app,terminate_account,68,55
I want to close my account now.,terminate_account,31,55
"your company is awful, i would like to delete my account please",terminate_account,63,55
I hate this company! Can you delete my account?,terminate_account,47,55
I am asking to end my account.,terminate_account,30,55
I want to delete my account. How do I do this?,terminate_account,46,55
I am not happy with your service and request that my account be terminated!,terminate_account,75,55
I want to terminate my account,terminate_account,30,55
How can I delete my account?,terminate_account,28,55
I want to end my account,terminate_account,24,55
Delete my account now please.,terminate_account,29,55
Help me terminate and close my account.,terminate_account,39,55
Your company is lame. Shut down all my account services right now.,terminate_account,66,55
I am not satisfied with your company.  Close my account.,terminate_account,56,55
How do I terminate my account.,terminate_account,30,55
How to I close my account?,terminate_account,26,55
I need to terminate my account.,terminate_account,31,55
I'm not happy with the services I'm getting with this company. Can you please delete my account?,terminate_account,96,55
I want to close my account. The service you provide is unsatisfactory to me.,terminate_account,76,55
Delete all of my account information and my account right now.,terminate_account,62,55
I want to close my account & I will never do business with you again.,terminate_account,69,55
What are the steps to finishing up with this account?,terminate_account,53,55
Help me delete my account.  I am not satisfied with the service.,terminate_account,64,55
Can you close my account please?,terminate_account,32,55
What do I do to close my account?,terminate_account,33,55
I need to terminate my account immediately.,terminate_account,43,55
How can I close my account?,terminate_account,27,55
"I don't want this account anymore, how do I delete it?",terminate_account,54,55
Please delete this account.,terminate_account,27,55
I want to inactivate my account.,terminate_account,32,55
I no longer want to keep this account.,terminate_account,38,55
I am trying to delete my account.,terminate_account,33,55
Where do I go to terminate my account?,terminate_account,38,55
I'm not happy with service and would like to delete this account.,terminate_account,65,55
Please delete my account now.,terminate_account,29,55
I would like to terminate my account.,terminate_account,37,55
how do i cancel my account,terminate_account,26,55
"how to delete account, not happy",terminate_account,32,55
"How do I close my account, since I'm dissatisfied?",terminate_account,50,55
make my account go away,terminate_account,23,55
Please help me delete this account.,terminate_account,35,55
I would like to delete my account. I'm not happy with the service you're providing,terminate_account,82,55
terminate my account please,terminate_account,27,55
Your service is bad.  Close my account.,terminate_account,39,55
I'm dissatisfied with the service and would like to terminate the account.,terminate_account,74,55
I am looking to delete my account. I'm not happy with the service provided by you.,terminate_account,82,55
I wish to remove my account.,terminate_account,28,55
Close down my account.  I don't like your service.,terminate_account,50,55
I am very dissatisfied with the services that you are providing.  I want to cancel my account.,terminate_account,94,55
I need you to delete my account right now.,terminate_account,42,55
I want to deactivate my account.,terminate_account,32,55
"This is terrible, i want to delete my account",terminate_account,45,55
I'd like my account to be deleted. I'm not satisfied with the service you provide.,terminate_account,82,55
Is it possible to delete the account?,terminate_account,37,55
I need to close my account.  Your company is terrible!,terminate_account,54,55
Tell me how to delete my account.,terminate_account,33,55
Please delete my account and personal information.,terminate_account,50,55
"I'm not happy, I want to close my account.",terminate_account,42,55
Delete my account please. Now!,terminate_account,30,55
"The service here is horrible, I want to delete my account.",terminate_account,58,55
How do I delete an account?,terminate_account,27,55
Can you please disable my current account.,terminate_account,42,55
"The company is no good, please terminate my account.",terminate_account,52,55
"I am dissatisfied, I would like to close my account.",terminate_account,52,55
I'm not satisfied with the services that you are providing.  I would like to end my services and delete my account.,terminate_account,115,55
I need to close my account as soon as possible.,terminate_account,47,55
I am not satisfied with your service.  Close my account.,terminate_account,56,55
"I no longer want this account, what should I do?",terminate_account,48,55
What do I do if the ATM took my card?,card_swallowed,37,19
What do I do now my credit card has been swallowed by the ATM?,card_swallowed,62,19
An ATM machine didn't give me back my card.,card_swallowed,43,19
"My card got trapped inside an ATM, what should I do?",card_swallowed,52,19
What do I do if I can't get my card out of the ATM?,card_swallowed,51,19
My card got stuck in an ATM.,card_swallowed,28,19
Your machine took my card. How do I get it back?,card_swallowed,48,19
"I can't get my card out of the ATM, what should I do now?",card_swallowed,57,19
My card is stuck in the ATM?,card_swallowed,28,19
I didn't get my card back from the ATM.,card_swallowed,39,19
"The ATM at Metro bank on High St. Kensington didn't return my card, and the bank is now closed. How do I get back a card swallowed by an ATM?",card_swallowed,141,19
I need a new card because the ATM took mine.,card_swallowed,44,19
The ATM stole my card!,card_swallowed,22,19
How can I get my card out of the stupid ATM that ate it?,card_swallowed,56,19
The ATM took my card.,card_swallowed,21,19
The ATM won't give me my card back. I need it back now!,card_swallowed,55,19
How do I get my card back quickly from a bank machine that it?,card_swallowed,62,19
The ATM sucked my card in.,card_swallowed,26,19
The ATM did not give me my card back?,card_swallowed,37,19
I was getting cash and the card got stuck inside,card_swallowed,48,19
What should I do since my card is trapped in the ATM?,card_swallowed,53,19
what do I need to do if the ATM kept my card?,card_swallowed,45,19
The ATM machine would not give my card back,card_swallowed,43,19
I can't get my card out of the ATM,card_swallowed,34,19
Why did the ATM take my card and keep it?,card_swallowed,41,19
What are the steps to get my card back that was kept by the ATM?,card_swallowed,64,19
How do I get my card out of the ATM?,card_swallowed,36,19
Why did the ATM eat my card?,card_swallowed,28,19
Please send a new card; the ATM ate mine.,card_swallowed,41,19
The ATM didnt return my card!,card_swallowed,29,19
I was removing a dollar amount from my account and now don't have access to my card.,card_swallowed,84,19
A Bank ATM did not give my card back. What do I do now?,card_swallowed,55,19
Why did the ATM swallow my card?,card_swallowed,32,19
lost my card in atm,card_swallowed,19,19
I cannot get my card out of the ATM.,card_swallowed,36,19
An ATM machine didn't return my card.,card_swallowed,37,19
My card is stuck inside the ATM.,card_swallowed,32,19
The bank machine didn't give my card back how do I get a new one fast?,card_swallowed,70,19
What should I do if the atm eats my card?,card_swallowed,41,19
What do I do?  The ATM took my card!,card_swallowed,36,19
The ATM kept my card?,card_swallowed,21,19
Who do I talk to about the ATM swallowing my card?,card_swallowed,50,19
An ATM swallowed my credit card!,card_swallowed,32,19
What do I do if the ATM swallowed my card?,card_swallowed,42,19
"Please help, the atm swallowed my card, what do I do?",card_swallowed,53,19
I have lost my credit card in the ATM!,card_swallowed,38,19
how can the money machine keep my card what do i need to do?,card_swallowed,60,19
How do I get a new card as your machine swallowed mine!,card_swallowed,55,19
The ATM machine ate my card.,card_swallowed,28,19
how to get new card after atm eats it,card_swallowed,37,19
My card was eaten by the cash machine what do I do?,card_swallowed,51,19
What do I do after the ATM takes my card.,card_swallowed,41,19
How can I get my card out of the ATM?,card_swallowed,37,19
Will you please help me get my card back?,card_swallowed,41,19
The ATM ate my card; how do I get a new one?,card_swallowed,44,19
How do I get my card back after the ATM swallowed it.,card_swallowed,53,19
"My card is stuck in an ATM machine, how do I get it back quickly?",card_swallowed,65,19
atm ate my card,card_swallowed,15,19
What are the steps I should take to recover my swallowed card?,card_swallowed,62,19
"My card is stuck inside the ATM, what am I supposed to do?",card_swallowed,58,19
What should I do with my stuck ATM?,card_swallowed,35,19
A transaction shows duplicate times.,transaction_charged_twice,36,63
There is a repeat charge for the same item,transaction_charged_twice,42,63
How can I fix this?  There is a double charge on my account.,transaction_charged_twice,60,63
My card got charged twice for the same thing!,transaction_charged_twice,45,63
"My husband and I went out for our weekly ""dinner and a movie,"" and it was my turn to pick up the check. Now I see that my card was charged twice. Who should I contact about negating the second charge and getting my card credited?",transaction_charged_twice,229,63
How do I query a payment on my card? It looks like I have paid for the same thing twice.,transaction_charged_twice,88,63
I have duplicated transactions on my statement,transaction_charged_twice,46,63
"I only made one transaction at this place, but it's appearing multiple times.",transaction_charged_twice,77,63
"One of my charges was declined, but the second one went through.  But I notice on my App that one of them has gone through, and the other one is still pending.  Please ensure that only one charge is processed. Thanks",transaction_charged_twice,216,63
What do I do if I've been charged twice for the same transaction?,transaction_charged_twice,65,63
"I think I was charged twice, please help!",transaction_charged_twice,41,63
I think there is a mistake.  I am being charged twice.,transaction_charged_twice,54,63
"My transaction history is looking a little off. I have been charged twice for multiple different purchases, and would like to have those duplicate charges refunded.",transaction_charged_twice,164,63
I was charged for the same thing twice,transaction_charged_twice,38,63
My account was charged twice for one purchase,transaction_charged_twice,45,63
"I was charged twice for a restaurant, can you take the second charge off?",transaction_charged_twice,73,63
I have a transaction that shows multiple times.,transaction_charged_twice,47,63
What happens when I am charged twice?,transaction_charged_twice,37,63
I have been charged twice for the same transaction.,transaction_charged_twice,51,63
How do I get my money back for a duplicated charge?,transaction_charged_twice,51,63
I have a duplicate payment on my card.,transaction_charged_twice,38,63
Several items I have charged this week are appearing twice.  Please review my statement and remove any duplicate charges.,transaction_charged_twice,121,63
I have a transaction showing multiple times.,transaction_charged_twice,44,63
"Hi, I just looked at my card transactions and saw that I've been charged twice for a restaurant I went to this week. Can you remove the double charge, please?",transaction_charged_twice,158,63
I have been double charged,transaction_charged_twice,26,63
I was double charged at a restaurant can you take the second charge off?,transaction_charged_twice,72,63
I have a duplicate charge,transaction_charged_twice,25,63
I got charged two times for a transaction,transaction_charged_twice,41,63
What happens with the duplicate charge in my account?,transaction_charged_twice,53,63
Why have I been charged twice?,transaction_charged_twice,30,63
I have two of the same charges on my account!,transaction_charged_twice,45,63
Why am I being charged for the same thing twice?,transaction_charged_twice,48,63
Who do I talk to for transactions debited twice?,transaction_charged_twice,48,63
There is a duplicate charge on my account.,transaction_charged_twice,42,63
I have been charged twice this week for a couple of things on my card. Can you please check this out for me and return the double charged items back?,transaction_charged_twice,149,63
I got charged twice for the same payment. Please removed the pending payment. Thank you.,transaction_charged_twice,88,63
I think I got charged twice for the same thing,transaction_charged_twice,46,63
It looks like I was charged twice for a single transaction,transaction_charged_twice,58,63
"I had a duplicate card and bought something and it showed up twice. I canceled my card, how do I get my money back?",transaction_charged_twice,115,63
There is a transaction showing up several times.,transaction_charged_twice,48,63
Transaction showing up many times.,transaction_charged_twice,34,63
"Looks like my card payment was made twice by mistake. I went to pay at the store earlier which rejected once, second time it worked. App is on pending for one of the payments. Can you please remove one of them as it's wrong and clearly was declined?",transaction_charged_twice,249,63
Please tell me why the same transaction is showing up on my account more than once.,transaction_charged_twice,83,63
I have duplicate charges for the same transaction,transaction_charged_twice,49,63
I got double charged!,transaction_charged_twice,21,63
"Looks like my card payment was duplicated after all. I went to pay at the store earlier, got declined once, second time it works. App still stays pending for one of the payments. Can you please remove one of them as it's wrong and clearly was declined?",transaction_charged_twice,252,63
There are two of the same charges on my account.,transaction_charged_twice,48,63
"Hello, I just checked my card transactions and saw that I was charged twice for a restaurant visit I did earlier this week. Is it possible to remove one of them and get my false paid money pack?",transaction_charged_twice,194,63
"I'm really concerned because I only made one transaction, but it's appearing multiple times.",transaction_charged_twice,92,63
"Hello,  I am a college student who I recently attended my high school reunion at a local restaurant. I paid with my credit card and now my transaction history reflects a second charge of the seemingly same payment. What could be the reason for this?  Is there any way to have the fraudulent  payment credited back onto my card?",transaction_charged_twice,327,63
I was charged twice for an in-store purchase that I thought was declined.  My App says that it's still pending for one of the payments. Please make sure one of the charges is removed.,transaction_charged_twice,183,63
"Good day, in reviewing my credit card activity over the last several days, I see a repeated charge for a restaurant that I went to. The charge was put through twice, so I would like one of the charges corrected and the amount that was withdrawn to be reinstated please.",transaction_charged_twice,269,63
Why do I have duplicate transactions for one purchase?,transaction_charged_twice,54,63
I have a payment that shows twice,transaction_charged_twice,33,63
I have been overcharged.,transaction_charged_twice,24,63
I have noticed that my account was double charged for a couple of items this week. Please review and refund the double charged items back.,transaction_charged_twice,138,63
Why was I double charged?,transaction_charged_twice,25,63
There's a duplicate charge on my account?,transaction_charged_twice,41,63
Why does the same transaction appear multiple times?,transaction_charged_twice,52,63
Why did I get charged twice for the same thing,transaction_charged_twice,46,63
I have been charged two times for one transaction.,transaction_charged_twice,50,63
Duplicate transactions appear on my account,transaction_charged_twice,43,63
I made a payment and it is showing up twice,transaction_charged_twice,43,63
I was charged several times for something,transaction_charged_twice,41,63
My card is showing the same transaction over and over again.,transaction_charged_twice,60,63
A transaction is showing more than once.,transaction_charged_twice,40,63
I was charged multiple times at the same location at the same time,transaction_charged_twice,66,63
Hello. I checked my transactions and saw I was double charged for a restaurant visit. Can I get my money back?,transaction_charged_twice,110,63
"Hi, I was at a restaurant later the week and when I went to look at my account I noticed that I got charged twice. I would like to get my money back from one of those transactions.",transaction_charged_twice,180,63
I was charged twice.,transaction_charged_twice,20,63
I was charged twice for the same purchase!,transaction_charged_twice,42,63
I was charged multiple times for one transaction.,transaction_charged_twice,49,63
I got charged twice with a duplicate card. How do I resolve this?,transaction_charged_twice,65,63
I was charged more than once for a card payment I made.,transaction_charged_twice,55,63
there were two of the same charge to my account,transaction_charged_twice,47,63
I was charged more than once in a single transaction,transaction_charged_twice,52,63
You charged me more than once for the same transaction!,transaction_charged_twice,55,63
Why do I have a transaction showing up more than once?,transaction_charged_twice,54,63
Why was I charged twice for my item!,transaction_charged_twice,36,63
My account is showing a double charge.,transaction_charged_twice,38,63
Why did my card get charged twice for a transaction?,transaction_charged_twice,52,63
Why am I being charged again?,transaction_charged_twice,29,63
"I was charged twice, when I didn't purchase anything twice.",transaction_charged_twice,59,63
One of my payments was doubled,transaction_charged_twice,30,63
I think I was double charged,transaction_charged_twice,28,63
"I should only have one charge, but it shows two.",transaction_charged_twice,48,63
"My account shows I have been charged twice for the same meal. How do I get the second payment voided and returned to me? I do not eat out much and my family is living paycheck to paycheck,  mostly. I cannot afford to spend more money than necessary, as is, so I must see to it that the cost be promptly credited back onto my card.",transaction_charged_twice,330,63
What do I do if I have been charged twice?,transaction_charged_twice,42,63
I was charged two times for the same thing.,transaction_charged_twice,43,63
"Hi, I was looking over my card receipts for the past week and I realize I had a charge put through two times for the same single restaurant visit. Can one of the charges be removed so that I can get the money back that was mistakenly taken from my account?",transaction_charged_twice,256,63
Can you help me? I have a duplicate transaction on my account and I don't understand why.,transaction_charged_twice,89,63
Why does a payment show up twice?,transaction_charged_twice,33,63
There is the same transaction showing more than once.,transaction_charged_twice,53,63
Why am i being double charged for something?,transaction_charged_twice,44,63
I see a duplicate payment.,transaction_charged_twice,26,63
Will the duplicated payment be refunded?,transaction_charged_twice,40,63
I have been charged twice on my statement.,transaction_charged_twice,42,63
I am concerned that I am being doubled charged for several items purchased in the past week.  Please review my statement and correct.,transaction_charged_twice,133,63
"I went to the store and tried to make a purchase.  The first time, it was declined, but the second one went through.  But my App shows me that I've already been charged once and the second charge is still pending.  Can you make sure that I'm not charged twice?",transaction_charged_twice,260,63
Why was I charged twice?,transaction_charged_twice,24,63
I was charged multiple times for one purchase,transaction_charged_twice,45,63
Why have I been charged more than once for the same transaction?,transaction_charged_twice,64,63
"Hi, I was just checking over my card transactions and notice I was charged twice for a restaurant visit this week. Can you please remove one of these false charges from my account?",transaction_charged_twice,180,63
Please delete the duplicate payment that was made to my account. One payment is still pending and I do not want to pay twice.,transaction_charged_twice,125,63
A payment is showing twice. Why is that?,transaction_charged_twice,40,63
"Hello, I was just went through my recent transaction on my bank account and I just noticed that I was charged twice at a place that ate at this past week. Can I get that second transaction removed from my account?",transaction_charged_twice,213,63
I received duplicate charges.,transaction_charged_twice,29,63
Why am I getting double charged for multiple transactions?,transaction_charged_twice,58,63
After taking over my card transactions I noticed that was charged twice for a restaurant purchased from earlier this week. Can you please remove one of these transactions from my account since it is not accurate?,transaction_charged_twice,212,63
I made a payment and it appears it is showing twice,transaction_charged_twice,51,63
"Looks like my card payment was duplicated after all. I went to pay at the store earlier, got declined once,second time it works. App still stays pending for one of the payments. Can you remove one of them as it's wrong and clearly was declined?",transaction_charged_twice,244,63
I noticed that my card was charged more than once for one thing.,transaction_charged_twice,64,63
"I got double charged from something, what can I do?",transaction_charged_twice,51,63
"Hi, I checked my transactions and saw that I was charged twice during a restaurant visit. I would like to get my money back.",transaction_charged_twice,124,63
Why did I get charged more than once?,transaction_charged_twice,37,63
Why do I have a transaction showing multiple times?,transaction_charged_twice,51,63
"Help, I was charged twice!",transaction_charged_twice,26,63
Hi. Please can you help me fix a double charge on my card? I'm looking at my transactions and this restaurant I went to earlier in the week has charged me twice! Please remove the additional charge for me.,transaction_charged_twice,205,63
There is a duplicate payment on my card. Why?,transaction_charged_twice,45,63
To many charges on my card how do I go about fixing that?,transaction_charged_twice,57,63
There are two of the same charge on my statement.,transaction_charged_twice,49,63
My statement shows different transaction times.,transaction_charged_twice,47,63
I have a transaction showing up multiple times.,transaction_charged_twice,47,63
My card is showing multiple charges for the same items on my recent statement. I was wondering what actions of needed to take to fix this issue,transaction_charged_twice,143,63
My card was declined but it shows as multiple charges?,transaction_charged_twice,54,63
It appears as though my card payment was duplicated. I paid at the store earlier today. The first time it was declined and the second time it worked. The app is still showing one of the payments to be pending. Please take one of these off because clearly the first was declined and is not correct.,transaction_charged_twice,297,63
What do I do if a transaction shows up twice?,transaction_charged_twice,45,63
Hi. I noticed I have a duplicate charge which I have not made twice. Who should I talk to take care of this?,transaction_charged_twice,108,63
There is a payment that I was charged two times for.,transaction_charged_twice,52,63
I got charged in double and want a refund,transaction_charged_twice,41,63
I have multiple of the same transaction,transaction_charged_twice,39,63
There is more than one charge on my account for a transaction.,transaction_charged_twice,62,63
I need a transaction reversed from my account.,transaction_charged_twice,46,63
"It seems my card payment was completed twice. I paid at the store previously and the first one did not seem to go through. After a second attempt, it did go through. I now see within the app that I have been charged twice with one of them pending. Can you please remove the pending amount because it is clearly something that was declined?",transaction_charged_twice,339,63
I have been charged for one thing two times.,transaction_charged_twice,44,63
How come there is a duplicate charge on my card?,transaction_charged_twice,48,63
Why was I charged twice for the same thing?,transaction_charged_twice,43,63
I have a duplicate payment on my account,transaction_charged_twice,40,63
Why does my statement show various transaction times?,transaction_charged_twice,53,63
Why are there multiple transactions showing for one purchase?,transaction_charged_twice,61,63
I was double-charged for a transaction,transaction_charged_twice,38,63
Why do I have two charges It should only be one charge?,transaction_charged_twice,55,63
My bill shows the same charge more than once,transaction_charged_twice,44,63
"I went for a meal in Seattle and paid the bill but I think they charged me twice, the first time they swiped the card I got a notification to say the money had gone out the account but then I added a tip and I think they swiped it all again. Can you refund one of the charges?",transaction_charged_twice,276,63
A transaction posted twice to my account.,transaction_charged_twice,41,63
I noticed a duplicate charge on my statement.,transaction_charged_twice,45,63
"Hey there, I just went through my most recent credit card payments and I notice the same charge for a restaurant was processed twice. There was only one meal at this place, so I would like one of the charges to be reversed and my money to be put back in the account.",transaction_charged_twice,266,63
I was charged twice for the same thing.,transaction_charged_twice,39,63
Is there a reason to why I was charged twice for a transaction?,transaction_charged_twice,63,63
There are duplicate transactions on my account,transaction_charged_twice,46,63
My transaction is showing several times.,transaction_charged_twice,40,63
"Looks like my card payment was made two time by mistake. I went to pay at the store earlier which rejected once, second time it worked. App is on pending for one of the payments. Can you please remove one of them as it's wrong and clearly was declined?",transaction_charged_twice,252,63
"In reviewing my statement, I show I have two charges for the same purchase at the same time, which I have not made in duplicate? How do I get this solved?",transaction_charged_twice,154,63
"Looks like my card payment was made twice by mistake. I paid at the store earlier which rejected once, second time it worked. App stays at pending for one of the payments. Can you please remove one of them as it's wrong and clearly was declined?",transaction_charged_twice,245,63
"Looks like my card payment was duplicated after all. I went to pay at the store earlier, got declined once,second time it works. App still stays pending for one of the payments. Can you please remove one of them as it's wrong and was declined?",transaction_charged_twice,243,63
I was charged twice for a few things this week when I only bought one. What do I do?,transaction_charged_twice,84,63
"I have been double charged for a couple of things this week, and would appreciate a refund for the duplicate charges.",transaction_charged_twice,117,63
How do a reverse a duplicated charge?,transaction_charged_twice,37,63
The first payment I attempted for my card at the store earlier did not process so I had to make a second attempt. The second time it worked. It now appears I was charged twice. After looking at the app I see a pending charge. Please remove the pending amount because it is clearly not accurate and was declined.,transaction_charged_twice,311,63
I've got a repeated tranasaction on my card.,transaction_charged_twice,44,63
I got charged twice,transaction_charged_twice,19,63
I have a transaction showing up more than once.,transaction_charged_twice,47,63
Can you explain the various transaction times shown on my statement?,transaction_charged_twice,68,63
I was charged too many times for one transaction.,transaction_charged_twice,49,63
Who should I talk to or go to resolve a duplicate charge on my statement?,transaction_charged_twice,73,63
Why was I charged twice for the same transaction?,transaction_charged_twice,49,63
Looking at my statement I see that I was double charged for a payment I made.,transaction_charged_twice,77,63
I have been charged twice for the same thing!,transaction_charged_twice,45,63
I think I was charged double for something I bought - how long should I wait before reporting this?,transaction_charged_twice,99,63
Why is there a payment showing twice?,transaction_charged_twice,37,63
A duplicated payment was made for something.,transaction_charged_twice,44,63
Why is there are there two of the same transaction?,transaction_charged_twice,51,63
My account seems a bit off and getting weird charges.,transaction_charged_twice,53,63
I have have multiple charges for one transaction.,transaction_charged_twice,49,63
Hello. I just noticed I was charged two times for a restaurant I visited this week. Can you reverse the additional charge?,transaction_charged_twice,122,63
where exactly does money come from,verify_source_of_funds,34,70
Where did my money come from?,verify_source_of_funds,29,70
Can I check to see where the funds came from?,verify_source_of_funds,45,70
What are the sources for the funds in my account?,verify_source_of_funds,49,70
need to know where money comes from,verify_source_of_funds,35,70
Show me how to look at the source of my current funds?,verify_source_of_funds,54,70
Can I trace where my funds came from?,verify_source_of_funds,37,70
I have to verify my source of funds.,verify_source_of_funds,36,70
who can put money in my account?,verify_source_of_funds,32,70
Can I see where my money came from?,verify_source_of_funds,35,70
My source of funds need verification.,verify_source_of_funds,37,70
What source do my fund come from?,verify_source_of_funds,33,70
Can you tell me where my readily available cash has come from?,verify_source_of_funds,62,70
I would like to know where my source of funds came from.,verify_source_of_funds,56,70
What is my source of funds?,verify_source_of_funds,27,70
where to i get my funds from?,verify_source_of_funds,29,70
"I need to know this, where do my funds come from?",verify_source_of_funds,49,70
What information do I need to see my source of money?,verify_source_of_funds,53,70
How will I know where my funds are coming from?,verify_source_of_funds,47,70
How can I tell where the money came from?,verify_source_of_funds,41,70
Is there a way to view the history on where my funds came from?,verify_source_of_funds,63,70
Can I see the source of my available money?,verify_source_of_funds,43,70
I require verification for my source of funds.,verify_source_of_funds,46,70
what is source of my money,verify_source_of_funds,26,70
How can I look at where my available cash is coming from?,verify_source_of_funds,57,70
Where can I find information about where my money came from?,verify_source_of_funds,60,70
Where can I see where funds came from?,verify_source_of_funds,38,70
Who is giving me my money?,verify_source_of_funds,26,70
Where do I go to see the source of my available money?,verify_source_of_funds,54,70
Is there a way for me to check my balance?,verify_source_of_funds,42,70
I need to know where do my funds come from,verify_source_of_funds,42,70
Where do my available funds come from?,verify_source_of_funds,38,70
What kind of security protects my money?,verify_source_of_funds,40,70
Can you tell me how I would go about learning where my funds came from?,verify_source_of_funds,71,70
Can I track history on funds?,verify_source_of_funds,29,70
where can I see who sent me funds,verify_source_of_funds,33,70
What do I need to do to verify my funds?,verify_source_of_funds,40,70
My source of funds require verification.,verify_source_of_funds,40,70
"my money, where is it coming from?",verify_source_of_funds,34,70
I need to know where my funds come from.,verify_source_of_funds,40,70
I would like to know where the funds are at.,verify_source_of_funds,44,70
help me find where this money came from,verify_source_of_funds,39,70
What do I need to see my source of money?,verify_source_of_funds,41,70
Is there a way to see where my money originally came from?,verify_source_of_funds,58,70
where are the transfers originating,verify_source_of_funds,35,70
How do I verify my source of funds?,verify_source_of_funds,35,70
I want to know where my money comes from.,verify_source_of_funds,41,70
I need to verify the source of funds.,verify_source_of_funds,37,70
How do I verify the source of my funds?,verify_source_of_funds,39,70
How can I lookup the source for my available money?,verify_source_of_funds,51,70
I need to see where my money came from.,verify_source_of_funds,39,70
Are there steps to see where my funds come from?,verify_source_of_funds,48,70
I would like to verify my source of funds.,verify_source_of_funds,42,70
How do I find out where my funds came from?,verify_source_of_funds,43,70
Can I see where my money is being transferred from?,verify_source_of_funds,51,70
I would like to know how to work out where my funds came from?,verify_source_of_funds,62,70
Where can I see where my funds came from?,verify_source_of_funds,41,70
Is there a way to tell where the money came from?,verify_source_of_funds,49,70
need to verify source of funds,verify_source_of_funds,30,70
How do I know where my money comes from?,verify_source_of_funds,40,70
How can I find the source for my available funds and money?,verify_source_of_funds,59,70
Why do I need to verify my funds?,verify_source_of_funds,33,70
My funds must be verified,verify_source_of_funds,25,70
how do i track the moeney,verify_source_of_funds,25,70
What is the source of funds for my money?,verify_source_of_funds,41,70
How do I know where my funds come from?,verify_source_of_funds,39,70
Can you tell me how to tell where my funds come from?,verify_source_of_funds,53,70
Can I see my available money?,verify_source_of_funds,29,70
is there a way to see where funds come from,verify_source_of_funds,43,70
Is there a way to see my money's source?,verify_source_of_funds,40,70
Please verify my source of funds.,verify_source_of_funds,33,70
I must verify the source of my funds,verify_source_of_funds,36,70
where can I get the info for my funds,verify_source_of_funds,37,70
Can you tell me where my funds come from?,verify_source_of_funds,41,70
Is there a way to lookup where funds came from?,verify_source_of_funds,47,70
Verify my source of funds?,verify_source_of_funds,26,70
How can I prove the source of my funds?,verify_source_of_funds,39,70
How can I know where did my funds come from?,verify_source_of_funds,44,70
How can I receive verification for the source of my funds?,verify_source_of_funds,58,70
where is this money from,verify_source_of_funds,24,70
How can I tell the source for my available funds?,verify_source_of_funds,49,70
I need to verify my funds.,verify_source_of_funds,26,70
How do I see my source of funds?,verify_source_of_funds,32,70
I require verification of my source of funds.,verify_source_of_funds,45,70
Where do my fund come from?,verify_source_of_funds,27,70
I want to know the source of my funds.,verify_source_of_funds,38,70
where can i see money source?,verify_source_of_funds,29,70
where did my funds come from?,verify_source_of_funds,29,70
i need to trace a deposit,verify_source_of_funds,25,70
How can I find out the source of my available cash?,verify_source_of_funds,51,70
can i see money source?,verify_source_of_funds,23,70
Where can I find out where my funds came from?,verify_source_of_funds,46,70
Show me the source of my money.,verify_source_of_funds,31,70
Where can I find my fund information?,verify_source_of_funds,37,70
How do I find out my source of funds?,verify_source_of_funds,37,70
How do I know where the funds come from?,verify_source_of_funds,40,70
Please explain to me how to know where my funds are from.,verify_source_of_funds,57,70
Where is my top-up generated from?,verify_source_of_funds,34,70
Where did my deposit for my source of funds come from?,verify_source_of_funds,54,70
Can I see where my funds come from?,verify_source_of_funds,35,70
Where can I check out the source of available funds in my account?,verify_source_of_funds,66,70
Can someone please explain to me where my source of funds came from?,verify_source_of_funds,68,70
want to know where funds come from,verify_source_of_funds,34,70
Where can I check to see where the money in my account came from?,verify_source_of_funds,65,70
How can I find out where the funds are flow?,verify_source_of_funds,44,70
What do I do to verify my source of funds?,verify_source_of_funds,42,70
I'd like to know where my funds come from.,verify_source_of_funds,42,70
How can I check to see where my funds come from?,verify_source_of_funds,48,70
is there a way i can see source of money?,verify_source_of_funds,41,70
How can I verify my source of funds?,verify_source_of_funds,36,70
Where do my funds originate from?,verify_source_of_funds,33,70
What is the source of the money in my account?,verify_source_of_funds,46,70
How do I see the source of my money?,verify_source_of_funds,36,70
How long am I to wait before the transfer gets to my account?,transfer_timing,61,67
Will the transfer show up in my account soon?,transfer_timing,45,67
What time will a transfer from the US take?,transfer_timing,43,67
When will the money reach my  account?,transfer_timing,38,67
How long does it take to get my money,transfer_timing,37,67
When does my transfer from the US arrive in my account?,transfer_timing,55,67
"I desperately need to transfer something from China, Please give me the wait time.",transfer_timing,82,67
I am yet to receive the money in my account how long will this take?,transfer_timing,68,67
Does a US transfer take long,transfer_timing,28,67
How long will this transfer from europe take?,transfer_timing,45,67
Will I see the transfer in my account within the week?,transfer_timing,54,67
How long should I have to wait before I see the transfer in my account?,transfer_timing,71,67
When will my transfer post to my account?,transfer_timing,41,67
How long does a European transfer take?,transfer_timing,39,67
How many days do I have to wait for the transfer to reach my account?,transfer_timing,69,67
I am waiting for the money to enter my account. How long does it take?,transfer_timing,70,67
How long will an urgent transfer from China take?,transfer_timing,49,67
How long do transfers from Europe take?,transfer_timing,39,67
I have to quickly transfer something to China. How long will it take to arrive there?,transfer_timing,85,67
How long will I have to wait for my money to be in my account?,transfer_timing,62,67
"In the US, how long is the wait for a transfer?",transfer_timing,47,67
Where is my money transfer?,transfer_timing,27,67
How long does a transfer take to reach one's account.,transfer_timing,53,67
Where's the money from my transfer from Europe?,transfer_timing,47,67
How long will a transfer from Europe take?,transfer_timing,42,67
There is an urgent thing that I need to transfer from China. Approximately how long will it take?,transfer_timing,97,67
I need to transfer funds from China and quick expedition is crucial. Approximately how long does it take for a transfer from China to go through?,transfer_timing,145,67
How long will a transfer from the US take?,transfer_timing,42,67
How long do I wait for a transfer from the United States?,transfer_timing,57,67
What is the timeframe for a transfer in Europe?,transfer_timing,47,67
How long do I have to wait for a US transfer?,transfer_timing,45,67
"I have been waiting for my transfer, shouldn't it be here already?",transfer_timing,66,67
How fast can I transfer something from China?,transfer_timing,45,67
"My Bank is in Europe, how long will the transfer take?",transfer_timing,54,67
I urgently need to transfer something from China. How long can I expect it to take?,transfer_timing,83,67
How many days does it take for a transfer to go through?,transfer_timing,56,67
When will the money show in my account?,transfer_timing,39,67
what is the average wait for transfers,transfer_timing,38,67
How long until the transfer is reflected on my account balance?,transfer_timing,63,67
How long do I have to wait for Europe transfers?,transfer_timing,48,67
When can I use money sent to my account?,transfer_timing,40,67
How long does a transfer from the US take?,transfer_timing,42,67
How long is the transfer?,transfer_timing,25,67
"I've made a transfer, how long until the money reaches my account?",transfer_timing,66,67
"I'm waiting for a transfer from the US, how much longer?",transfer_timing,56,67
What is the estimated time on an urgent transfer from China?,transfer_timing,60,67
Can you please tell me how long it takes for the transfer to be available.,transfer_timing,74,67
Can I quickly send a transfer from China?  How long will it take?,transfer_timing,65,67
What is the wait time until money reaches my account?,transfer_timing,53,67
How long does it take for a transfer to show up in my account?,transfer_timing,62,67
When will my transfer be in my account?,transfer_timing,39,67
How long does it take in Europe to do a transfer?,transfer_timing,49,67
What's the wait time for European transfers?,transfer_timing,44,67
What is the time period for money to be transferred?,transfer_timing,52,67
When can I expect money to be transferred to my account?,transfer_timing,56,67
"How long does it take to transfer from china? Is there a way to transfer it quickly, I need it urgently?",transfer_timing,104,67
I need to transfer something to China. It is urgent. How many days will it take to get there?,transfer_timing,93,67
I need quickly transfer something from China. About how long will it take?,transfer_timing,74,67
I need a quick transfer from China.  How long would that take?,transfer_timing,62,67
How long until transfers from Europe go through?,transfer_timing,48,67
"I have a transfer from the US, How long is the wait?",transfer_timing,52,67
How do i transfer something faster than normal?,transfer_timing,47,67
"I need to transfer something from China, How long will it take?",transfer_timing,63,67
It's been a couple days how much longer do I have to wait for my transfer?,transfer_timing,74,67
When can I expect the transfer to be complete?,transfer_timing,46,67
How long do European transfers take?,transfer_timing,36,67
Why hasn't the transfer shown up in my account yet?,transfer_timing,51,67
When will the money from a transfer be made available on my account?,transfer_timing,68,67
How long does it take for a transfer to be in my account?,transfer_timing,57,67
"If I need to transfer something quick from China, how long does that take?",transfer_timing,74,67
"I just did a transfer, but don't see the money in my account. What's up?",transfer_timing,72,67
How quickly can I transfer something to China?,transfer_timing,46,67
How long will it take the money to appear in my account?,transfer_timing,56,67
How fast are transfers from Europe?,transfer_timing,35,67
"I need to make a transfer from Europe, how many days does this take?",transfer_timing,68,67
What is the longest a US transfer should take to appear in my account?,transfer_timing,70,67
I need to urgently transfer something from China. How long will it approximately take?,transfer_timing,86,67
"I need to transfer something ASAP from China, how long will it take to post to my account?",transfer_timing,90,67
How long will it take for the money to reach my account?,transfer_timing,56,67
When will my transfer from the US get here?,transfer_timing,43,67
"I transferred money from the US, How long does it take?",transfer_timing,55,67
"I need some money transferred ASAP, how long does the process take?",transfer_timing,67,67
How long will a transfer take from Europe?,transfer_timing,42,67
When can I expect my transfer to reach my account?,transfer_timing,50,67
What is the estimated wait time on a US transfer into my account?,transfer_timing,65,67
How long will it take to transfer something to China urgently?,transfer_timing,62,67
How long does it take transfers from Europe to complete?,transfer_timing,56,67
I must make a transfer from China and it is urgent. How long before the transfer is complete?,transfer_timing,93,67
When will my account receive the money?,transfer_timing,39,67
There is an urgent transfer I need to make from China.  How long will it take to get it processed?,transfer_timing,98,67
How long will a transfer from China take? I need to transfer something from there.,transfer_timing,82,67
Help! I need to transfer something to China.,transfer_timing,44,67
"Its been 3 days, How long will my transfer take to get to my wallet?",transfer_timing,68,67
How many days until my US transfer arrives?,transfer_timing,43,67
How long will it take to transfer something from China?,transfer_timing,55,67
"I must quickly transfer something from China, and I need to know how long it will take.",transfer_timing,87,67
how long does a US transfer take,transfer_timing,32,67
How long will it take to transfer from europe?,transfer_timing,46,67
how long does it take for a transfer from Europe to go through?,transfer_timing,63,67
When can I expect the transfer to arrive in my account?,transfer_timing,55,67
When will a transfer from the US post?,transfer_timing,38,67
"I'm having money transferred from Europe, how long will this take?",transfer_timing,66,67
When will my money be in my account?,transfer_timing,36,67
Will it take more than 3 days for my transfer to reach my account?,transfer_timing,66,67
What is the time frame for european transfers?,transfer_timing,46,67
When will I receive a transfer from europe?,transfer_timing,43,67
How long will it take to urgently transfer something to China?,transfer_timing,62,67
Can I transfer something urgently from China? How long does it take?,transfer_timing,68,67
How long does it take to get money from Europe?,transfer_timing,47,67
What's the transfer time from Europe?,transfer_timing,37,67
When will my transfer arrive from Europe?,transfer_timing,41,67
Estimated time arrival for transfers?,transfer_timing,37,67
What are the time frames for the money to be available in my account?,transfer_timing,69,67
How long does it take for the money to show up in my account?,transfer_timing,61,67
what is the time frame for transfers,transfer_timing,36,67
"If I get a transfer from Europe, how long until it is in my account?",transfer_timing,68,67
When will the money be made available in my account?,transfer_timing,52,67
How long does it take for a transfer to reach my account?,transfer_timing,57,67
What is the estimated wait time for transfers from the US?,transfer_timing,58,67
What is the length of time for money to reach the account?,transfer_timing,58,67
When can I expect a transfer from Europe to go through?,transfer_timing,55,67
Why hasn't my transfer from Europe gone through?,transfer_timing,48,67
Transfers from the US how long will the wait be?,transfer_timing,48,67
What is taking so long on my transfer from the US?,transfer_timing,50,67
How long does transfer from the US take?,transfer_timing,40,67
How long does a transfer transaction take?,transfer_timing,42,67
How long does it take to make an urgent transfer from China?,transfer_timing,60,67
Money transfer help? How long?,transfer_timing,30,67
I wanted to purchase something online but the payment was returned back to me. This has been going on for a couple of weeks. Please tell me what is going on here?,reverted_card_payment?,162,53
"I tried to use my debit card, but the payment did not work.",reverted_card_payment?,59,53
"Hi, I had an issue with my card payment and It shows on my account that my payment went through. Then I got contacted from the seller saying ""they did not receive my payment"" then the payment was returned to my account. so I would like to see why it did that please.",reverted_card_payment?,266,53
I think my card payment has been reverted,reverted_card_payment?,41,53
Tell me why my card payment would be reverted.,reverted_card_payment?,46,53
Why has my card payment been reversed?,reverted_card_payment?,38,53
I didn't cancel my card payment.,reverted_card_payment?,32,53
Can you tell me why the card payment came back?,reverted_card_payment?,47,53
How come the money from the merchant appeared back into my account?,reverted_card_payment?,67,53
My payment was terminated,reverted_card_payment?,25,53
I think my card payment has been refunded,reverted_card_payment?,41,53
I made a payment and it was reverted and wanted to know why?,reverted_card_payment?,60,53
Is it on purpose that my payment has been returned to my account?,reverted_card_payment?,65,53
The app reverted the payment I made.,reverted_card_payment?,36,53
Why would my payment have been returned to my account?,reverted_card_payment?,54,53
I bought something and already paid for it but now I don't see it.,reverted_card_payment?,66,53
"I really wanted to buy something online but seems the card is not working as the payment suddenly came back! What's going on here, I've been trying for a good week or two.",reverted_card_payment?,171,53
My payment has been cancelled,reverted_card_payment?,29,53
I made a payment but it was returned.,reverted_card_payment?,37,53
My card payment has been cancelled,reverted_card_payment?,34,53
I made a payment with my card that was cancelled?,reverted_card_payment?,49,53
"Hey a seller just contacted me that my money didn't come through. It was definitely deducted from my account, but now it appears it's back with me! Sort this out asap please.",reverted_card_payment?,174,53
My payment didn't work and the money is in back in my account.,reverted_card_payment?,62,53
The payment I made with my card is not showing up.,reverted_card_payment?,50,53
"Hello,  I noticed the money for an item I purchased online and have already received has been returned to my checking account. Was there an issue with the merchant accepting my payment? Or, possibly, with the bank sending it?",reverted_card_payment?,225,53
My payment came back for something i'm trying to buy online? it's been doing it for two weeks.  do you know what the issue is?,reverted_card_payment?,126,53
It looks like my card payment might have been reverted.,reverted_card_payment?,55,53
Why has my payment been reversed?,reverted_card_payment?,33,53
I was refunded the money for something I bought already.,reverted_card_payment?,56,53
I already got my item but just got my money back,reverted_card_payment?,48,53
I believe that a card payment I made was cancelled.,reverted_card_payment?,51,53
Why would my card payment be cancelled?,reverted_card_payment?,39,53
"I dont know what happened, but my payment was cancelled",reverted_card_payment?,55,53
The card payment didn't work,reverted_card_payment?,28,53
why did my payment revert,reverted_card_payment?,25,53
"I would like to make a purchase, however my card has been declined. I would like to ask the reason for this. The past two weeks, the card has been working fine.",reverted_card_payment?,160,53
I made a payment but the app cancelled it.,reverted_card_payment?,42,53
The app reverted my recent payment,reverted_card_payment?,34,53
Why would my card payment get reverted?,reverted_card_payment?,39,53
I believe my card payment were reverted,reverted_card_payment?,39,53
"My card has an issue, the payment has been deferred.",reverted_card_payment?,52,53
Under what condition will my payment revert?,reverted_card_payment?,44,53
"My card payment was reverted, why?",reverted_card_payment?,34,53
What should I do if my card payment was cancelled?,reverted_card_payment?,50,53
What reasons would cause my card payment to be cancelled?,reverted_card_payment?,57,53
Is my card payment reverted?,reverted_card_payment?,28,53
I had a payment reverted and would like to figure out why.,reverted_card_payment?,58,53
"I just checked and my payment was cancelled, why?",reverted_card_payment?,49,53
My money is back in my account after a seller contacted me stating they never received payment. I am positive it was deducted out of my account. Please get this sorted out right away.,reverted_card_payment?,183,53
HELP. My account has been deducted already and the Seller says they haven't received the money yet? When can they expect it?,reverted_card_payment?,124,53
Seems like my card payment has been cancelled,reverted_card_payment?,45,53
Can you please tell me why my card payments are not going through when I try to buy something online? When I put in my card payment it takes it but it comes back a while later.,reverted_card_payment?,176,53
I was checking my statement and I think one of my card payments has reverted,reverted_card_payment?,76,53
Why isn't my payment showing?,reverted_card_payment?,29,53
What happens when a payment is reverted?,reverted_card_payment?,40,53
I received a message from a seller stating they hadn't received my money even though it definitely came out of my account. The money has now been deposited back into my account. Please get this resolved as soon as possible.,reverted_card_payment?,223,53
I cancelled my card payment,reverted_card_payment?,27,53
"Ive been trying to use my card for two weeks now to purchase somethings online but nothing is going through. It keeps returning my payment to my account. There shouldn't be anything wrong with my account, is it the card?",reverted_card_payment?,220,53
I used my card to make a payment and wondered why the payment was reverted?,reverted_card_payment?,75,53
"I bought something and received it, but the payment went back to my account. Is the seller okay?",reverted_card_payment?,96,53
Looks like my card payment was cancelled.,reverted_card_payment?,41,53
why would a merchant refuse a payment,reverted_card_payment?,37,53
How do I fix a payment that was reverted,reverted_card_payment?,40,53
I just found out from the seller that my money didn't go through. I checked my account and it was deducted at first but now it's back in my account. Can you  please fix this for me quickly?,reverted_card_payment?,189,53
The seller just told me he didn't get paid. After reviewing my account it did subtract the balance but now it has added it back to my account. I need you to please take care of this promptly.,reverted_card_payment?,191,53
My card payments have stopped.,reverted_card_payment?,30,53
My card payment was cancelled it seems.,reverted_card_payment?,39,53
Why was a payment I made reverted?,reverted_card_payment?,34,53
"I need help to resolve mix up on my card payment. My account shows the money was taken out and then put back in the account. Then I received a message from the seller, It said that they did not get my payment.",reverted_card_payment?,209,53
Was my transaction reverted with my card?,reverted_card_payment?,41,53
"My payment was put back, I think.",reverted_card_payment?,33,53
"I've got a problem - I purchased an item maybe a week or two ago, but to the payment came back to my account! I've already got what I ordered, so why are the payment funds showing up in my account?",reverted_card_payment?,197,53
I think my card payment was cancelled. What happened?,reverted_card_payment?,53,53
"I had a seller reach out to me saying my money didn't come through to them, but I'm sure it was removed from my account. Can you figure out what the deal is here?",reverted_card_payment?,162,53
What does it mean if it says my card payment has been cancelled?,reverted_card_payment?,64,53
Why was a payment cancelled on my account?,reverted_card_payment?,42,53
Card payment has be declined.,reverted_card_payment?,29,53
Why is a payment I made reverted back to my account?,reverted_card_payment?,52,53
My payment has been returned.,reverted_card_payment?,29,53
What does it mean if my payment has been reverted?,reverted_card_payment?,50,53
I made a payment but the app gave the money back.,reverted_card_payment?,49,53
I purchased something about one to two weeks ago but for some reason the payment was returned to my account today even though I've already received one of the items. Can you tell me what's going on?,reverted_card_payment?,198,53
"I've got a problem - I bought something with my card one or two weeks ago, but now exact same amount of the purchase is showing up in my account. I like more money in my account, but this is too good to be true. Can you tell me what's happening?",reverted_card_payment?,245,53
I think a card payment I made was cancelled.,reverted_card_payment?,44,53
"I have an issue. I bought something within the past one to two weeks and have received one of the products; however, today the total was returned to my account. What's going on here?",reverted_card_payment?,182,53
Why did you cancel my card payment?,reverted_card_payment?,35,53
I did a payment but it was reverted by the app,reverted_card_payment?,46,53
My payment has not been accepted.,reverted_card_payment?,33,53
Unknowingly to me the payment sent to seller has been redeposied back in my account. I do not know why it would take out the payment and then put it back in my account. Can you resolve this as soon as possible?,reverted_card_payment?,210,53
Can you tell me why my card isn't letting me make purchases online? It's been 2 weeks I've been trying.,reverted_card_payment?,103,53
Why did my payment not go through why did it cancel?,reverted_card_payment?,52,53
"Hi, I am trying to buy something online, but i think there is some issue in my card. As payment is reverted. Please help me in this as i am facing the same issue from last two weeks.",reverted_card_payment?,182,53
What is the reason for my card payment to be reverted?,reverted_card_payment?,54,53
My card payment's cancelled,reverted_card_payment?,27,53
What does it mean if my payment was reverted?,reverted_card_payment?,45,53
Please help me with my card payments which keeps getting reverted whenever i do online shopping. I am having this problem since last two weeks.,reverted_card_payment?,143,53
Why did my payment go back to my account when I bought something?,reverted_card_payment?,65,53
Why is my card payment cancelled?,reverted_card_payment?,33,53
"Hello, I was contacted by a seller who let me know my money didn't come through on their side. It most certainly came out of my account so I need this looked at immediately because now it has been returned to me!",reverted_card_payment?,212,53
has my card payment been reverted?,reverted_card_payment?,34,53
I have cancelled payments to this card.,reverted_card_payment?,39,53
"There's a problem - I bought something about a week or two ago but just today the payment somehow came back into my account! I already received the item though, what's going on here?",reverted_card_payment?,182,53
I see a reverted payment on my account. Why has this happened?,reverted_card_payment?,62,53
I think the payment from my card was revereted,reverted_card_payment?,46,53
I think my card payment was reverted,reverted_card_payment?,36,53
How come I can't find my payment?,reverted_card_payment?,33,53
I tried to buy something online but my funds were transferred back to my account. What is happening?,reverted_card_payment?,100,53
I received a returned payment that I made.,reverted_card_payment?,42,53
Why did the funds for one of my purchase come back to my account?,reverted_card_payment?,65,53
Why would the app revert my payment?,reverted_card_payment?,36,53
It looks like my card payment was sent back.,reverted_card_payment?,44,53
Can you tell me why my card payment was cancelled?,reverted_card_payment?,50,53
"I purchased something and already received it, why hasn't the money taken out?",reverted_card_payment?,78,53
One of my card payments has reverted,reverted_card_payment?,36,53
I was just contacted by a seller that let me know they didn't get my money even though I'm very sure it was removed from my account. Now it's back in my account. Get this resolved quickly.,reverted_card_payment?,188,53
My card payment has not been withdrawn from my account,reverted_card_payment?,54,53
My card payment was reverted,reverted_card_payment?,28,53
I just got refunded for my purchase over two weeks ago,reverted_card_payment?,54,53
Please tell me why the purchase I made online returned payment. I really wanted this item and I've been trying for 2 weeks.,reverted_card_payment?,123,53
I paid two weeks ago and just got refunded,reverted_card_payment?,42,53
My card payment was cancelled.  Why?,reverted_card_payment?,36,53
"I seem to have a problem here, I bought something about a 2 weeks ago and just now received the payment back into my account and I've already received the item. Can you tell me what is going on here?",reverted_card_payment?,199,53
Why has my money been returned back to my card.,reverted_card_payment?,47,53
Why would my card payment be reverted?,reverted_card_payment?,38,53
"I've got a weird problem: I purchased something a week or maybe it was two weeks ago, and the funds have come back into my account! Can you explain this?",reverted_card_payment?,153,53
"I purchased something and the seller hasn't received the money yet, but it has been deducted from my account.",reverted_card_payment?,109,53
I think a payment I made with a card was cancelled.,reverted_card_payment?,51,53
I notice that I have a card payment that's been cancelled.,reverted_card_payment?,58,53
why was my payment reverted on the app,reverted_card_payment?,38,53
I did a payment but the app cancelled it.,reverted_card_payment?,41,53
I am not able to make a purchase because there is an issue with my card,reverted_card_payment?,71,53
Explain why a card payment would be cancelled?,reverted_card_payment?,46,53
What happens if my card payment is cancelled?,reverted_card_payment?,45,53
Why would a merchant revert my payment?,reverted_card_payment?,39,53
What happens if a merchant doesn't accept  you payment?,reverted_card_payment?,55,53
"My card payment reverted back, I think.",reverted_card_payment?,39,53
I sent a payment but now it's not showing up.,reverted_card_payment?,45,53
How can I tell if my card payment is reverted?,reverted_card_payment?,46,53
"I'm not sure what is going on here. I've received payment back into my account  for an item I've already received, from about 2 weeks ago.",reverted_card_payment?,138,53
Why was my card payment reversed?,reverted_card_payment?,33,53
Why have I received a rebate for my payment after a week?,reverted_card_payment?,57,53
"Around one or two weeks ago I purchased something but there's seems to be an issue. I have already received one of the items, but today the money was placed back into my account. What is happening?",reverted_card_payment?,197,53
Why wasn't my payment accepted by the app,reverted_card_payment?,41,53
Why would a merchant revert a card payment?,reverted_card_payment?,43,53
"Hi, I am facing issue with my card payment while shopping online as payment is getting reverted. I am struggling with this issue around two weeks. Please advise.",reverted_card_payment?,161,53
"I cannot seem to buy something online with my card? the payment comes back, what's going on?",reverted_card_payment?,92,53
Did a card payment that I made get cancelled?,reverted_card_payment?,45,53
"I think a card payment I made was cancelled, can you check?",reverted_card_payment?,59,53
A seller is stating that they haven't received money yet when the money has already deducted from my account.,reverted_card_payment?,109,53
I an not sure but it looks as if a card payment I made was cancelled.,reverted_card_payment?,69,53
The money is still in my account even though I already paid -- I don't understand what happened.,reverted_card_payment?,96,53
My card payment might have been reverted.,reverted_card_payment?,41,53
"I noticed my card payment was cancelled, can you tell me why?",reverted_card_payment?,61,53
I am not able to purchase anything online! I have been using my card on multiple sites over a period of two weeks and none of the payments have gone through. Why is this happening?,reverted_card_payment?,180,53
I believe my card payment has reverted,reverted_card_payment?,38,53
What do I do if my payment was reverted?,reverted_card_payment?,40,53
My payment was stopped,reverted_card_payment?,22,53
My payment was cancelled,reverted_card_payment?,24,53
My payment did not go through because the app reverted it,reverted_card_payment?,57,53
Was my card payment reverted?,reverted_card_payment?,29,53
Is it possible that my card payment was reverted?,reverted_card_payment?,49,53
Is it possible for me to change my PIN number?,change_pin,46,22
What are the steps to change my PIN to something else?,change_pin,54,22
In what way can I change my PIN and where do I need to be?,change_pin,58,22
Can I change my PIN at any cash machines?,change_pin,41,22
I need to make my card PIN a different number,change_pin,45,22
Can I change my PIN abroad?,change_pin,27,22
Do I have to go to the bank to change my PIN?,change_pin,45,22
If I want to can I set up a new PIN?,change_pin,36,22
Do I have to go into the bank to change my PIN?,change_pin,47,22
Can I change my PIN at my local bank?,change_pin,37,22
"If I wanted to change my PIN, how would I do that?",change_pin,50,22
If I want to select a new PIN what do I do?,change_pin,43,22
How can I change my PIN without going to the bank?,change_pin,50,22
Do I need to speak to a representative to change my pin?,change_pin,56,22
Can I pick a new PIN?,change_pin,21,22
Where can I update my pin number?,change_pin,33,22
Can I change my PIN remotely?,change_pin,29,22
I need to change my card PIN.,change_pin,29,22
If i want to change my pin number can I directly from an ATM?,change_pin,61,22
Are there any specific cash machines that I have to go to in order to change my PIN?,change_pin,84,22
Can I change my PIN at any ATM?,change_pin,31,22
Can I change my pin at an atm?,change_pin,30,22
Can I change my PIN without being physically present?,change_pin,53,22
Can you tell me how to change my PIN?,change_pin,37,22
I want to choose a new PIN.,change_pin,27,22
Is there a way yo change my PIN?,change_pin,32,22
Can I change my PIN?,change_pin,20,22
Do I need to go to a physical bank to change my PIN?,change_pin,52,22
What cash machines will let me change my PIN?,change_pin,45,22
Do I need to go to an office to change my pin?,change_pin,46,22
Which ATM's am i able to change my PIN?,change_pin,39,22
Can I change my PIN without going to a bank?,change_pin,44,22
Can my PIN changed remotely without visiting a bank?,change_pin,52,22
Which countries can I change my PIN in?,change_pin,39,22
Can I change my pin through the app?,change_pin,36,22
I want a new PIN please.,change_pin,24,22
Can I change my PIN at a nearby ATM when in Spain? I think someone saw my PIN and I need to change it but am on vacation.,change_pin,121,22
Please help me set up a new PIN.,change_pin,32,22
I have been travelling overseas and I need to change my PIN. Can you tell me how this is done?,change_pin,94,22
Is there a location where I can change my PIN?,change_pin,46,22
I am on vacation in Spain and need to change my pin.,change_pin,52,22
How can I change my PIN even though I'm out of the country in Austria at the moment?,change_pin,84,22
Can I change my PIN in Austria?,change_pin,31,22
Can I change my in at all ATM's?,change_pin,32,22
I'm travelling abroad but I've run into a situation where I need to change my PIN immediately. Can I do this from here?,change_pin,119,22
I must change my PIN as soon as possible.,change_pin,41,22
"I think my pin has been compromised, what do I do?",change_pin,50,22
Where do I need to go to change my PIN?,change_pin,39,22
Do I have to change my PIN at a bank?,change_pin,37,22
Can I change my PIN on my phone?,change_pin,32,22
Help me with a PIN change.,change_pin,26,22
I want to change my PIN - do I need to be in a bank?,change_pin,52,22
How do I change the PIN?,change_pin,24,22
Where can I change my PIN?,change_pin,26,22
Change my pin?,change_pin,14,22
Can you tell me where  can change my PIN?,change_pin,41,22
Can I change my pin at a cash machine?,change_pin,38,22
Is it possible to change my PIN?,change_pin,32,22
I really need to know how to change my pin.,change_pin,43,22
Is going to a bank only way to change my PIN?,change_pin,45,22
How can I reset my PIN?,change_pin,23,22
Is it possible to change my pin if i am out of the country?,change_pin,59,22
How can I set a new pin.,change_pin,24,22
"I think someone saw my PIN and I am on vacation in Spain, can I change it locally at an ATM?",change_pin,92,22
Are there cash machines where I can change my PIN?,change_pin,50,22
"I can't freeze my account as I need the card as I am traveling, how do I change my pin?",change_pin,87,22
How do I change my card PIN?,change_pin,28,22
"While on vacation in Spain I think someone saw my PIN and I now need to change it, can I do this at an ATM in Spain?",change_pin,116,22
How do I go about changing my PIN?,change_pin,34,22
Am I able to change my PIN at certain cash machines?,change_pin,52,22
Your ATM pin can be changed at any VISA or MasterCard ATM with PIN services. Certain countries don't support ATM pin changes.,change_pin,125,22
I am on vacation in Spain and think someone saw my pin when… Can I change it at a local ATM?,change_pin,92,22
I'm on vacation in Europe but I desperately need to change my PIN. Can I do this from abroad?,change_pin,93,22
Can I reset my PIN?,change_pin,19,22
At what cash machines can I change my PIN?,change_pin,42,22
I want to change my PIN.,change_pin,24,22
What steps do I have to take to change my PIN?,change_pin,46,22
I want to change my pin number from an ATM. Is this possible?,change_pin,61,22
I would like to change the the PIN on my card.,change_pin,46,22
"I'm in Austria right now, but I really need to change my PIN right now. Can I do this even though I'm in another country?",change_pin,121,22
How can I alteration my PIN?,change_pin,28,22
I want to create a new pin.,change_pin,27,22
"
Do I need to go to a physical bank to change my PIN?",change_pin,53,22
May I change my PIN?,change_pin,20,22
Please help me change my PIN.,change_pin,29,22
Set a new PIN please.,change_pin,21,22
Can I change my PIN online?,change_pin,27,22
How do I change my PIN abroad?,change_pin,30,22
How can I change my Rowlock ?,change_pin,29,22
How can I change my old pin to a new one?,change_pin,41,22
Changing my PIN,change_pin,15,22
Can I get a new pin number at any ATM using my card?,change_pin,52,22
Please let me know how to change my PIN?,change_pin,40,22
Can I change my PIN without going to a bank branch?,change_pin,51,22
Tell me how to setup a new PIN.,change_pin,31,22
Can my PIN be changed in any cash machine?,change_pin,42,22
Can you tell me what I need to do to have my pin changed?,change_pin,57,22
Am I allowed to change my PIN anywhere?,change_pin,39,22
I want to replace my current PIN.,change_pin,33,22
Help me change my PIN.,change_pin,22,22
Are their certain cash machines where I can change my pin?,change_pin,58,22
"
Which cash machines will allow me to change my PIN?",change_pin,52,22
How can I change my PIN?  Help.,change_pin,31,22
Do you know how to change my card PIN?,change_pin,38,22
Where do I go to change my PIN?,change_pin,31,22
How do I change my pin while traveling?,change_pin,39,22
Can I change my PIN if I want to?,change_pin,33,22
What ATMs will allow me to change my PIN?,change_pin,41,22
"Your card pin can be changed at any Visa or MasterCard ATM with Pin services, excluding countries such as Belgium, Luxembourg, Austria, Germany, Spain, and France.",change_pin,163,22
Do I have to go to an actual bank to change my PIN?,change_pin,51,22
"Can I change my pin at ATMs?  If so, what ones?",change_pin,47,22
Can I change my card PIN?,change_pin,25,22
Which atms allow me to change my pin?,change_pin,37,22
Is there a way to change my PIN without having to go to the bank?,change_pin,65,22
Tell me what ATMs allow me to change my PIN.,change_pin,44,22
Can I change my PIN on holiday?,change_pin,31,22
What is the process to change my PIN?,change_pin,37,22
Please tell me how to change my pin.,change_pin,36,22
At what ATM can I change my PIN?,change_pin,32,22
"If I am not in the country and I need to change my PIN, how can this be done?",change_pin,77,22
What do I have to do to change my pin?,change_pin,38,22
Can I change my pin number at a cash machine?,change_pin,45,22
is there something blocking me from making transfers,beneficiary_not_allowed,52,8
What are the reasons for my beneficiary not being allowed?,beneficiary_not_allowed,58,8
Is there something wrong with the transferring functions? I keep trying to transfer funds and only get an error message.,beneficiary_not_allowed,120,8
What are the reasons a beneficiary would be denied?,beneficiary_not_allowed,51,8
A transfer to my account was denied.,beneficiary_not_allowed,36,8
Why was I not allowed to do a transfer to a beneficiary?,beneficiary_not_allowed,56,8
I got a message that my transfer is not possible.  What is happening?  I need this to go through please.,beneficiary_not_allowed,104,8
What is the reason for my beneficiary to be disallowed?,beneficiary_not_allowed,55,8
Can someone explain why I'm getting a message on my screen saying my transfer isn't possible? I've done several in the past and haven't had a single problem until now. What's going on?,beneficiary_not_allowed,184,8
I tried transferring to an account but it won't let me.,beneficiary_not_allowed,55,8
It's not letting me transfer money to my beneficiery.,beneficiary_not_allowed,53,8
My transfer to an account failed.,beneficiary_not_allowed,33,8
Why is my beneficiary not allowed?,beneficiary_not_allowed,34,8
For some reason I am unable to preform a transfer to a beneficiary.,beneficiary_not_allowed,67,8
My beneficiary is not allowed?  Why?,beneficiary_not_allowed,36,8
I tried to transfer funds to a beneficiary and was denied. Can you tell me why?,beneficiary_not_allowed,79,8
What is the reason I couldn't do a transfer to a beneficiary?,beneficiary_not_allowed,61,8
I got a message that I cannot name X as a beneficiary.,beneficiary_not_allowed,54,8
Why am I not allowed to add a certain beneficiary?,beneficiary_not_allowed,50,8
Why can't my beneficiary access my account?,beneficiary_not_allowed,43,8
I'm trying to purchase crypto via the app. I haven't been able to get it to go through. Am I doing something wrong?,beneficiary_not_allowed,115,8
Hello - I'm on the app and trying to purchase crypto. It's not going through. What am I doing wrong?,beneficiary_not_allowed,100,8
My beneficiary didn't receive my transfer,beneficiary_not_allowed,41,8
why didnt a transfer to my account process,beneficiary_not_allowed,42,8
Why can I not do a  transfer,beneficiary_not_allowed,28,8
Why didn't my transfer to a beneficiary go through?,beneficiary_not_allowed,51,8
"For some reason, I'm unable to transfer funds.",beneficiary_not_allowed,46,8
Why has my beneficiary been denied?,beneficiary_not_allowed,35,8
I need to transfer to my account and cant.,beneficiary_not_allowed,42,8
Why am I not allowed to transfer money to my cryptocurrency exchange?,beneficiary_not_allowed,69,8
what are the reasons why you would not be able to process a payment,beneficiary_not_allowed,67,8
Why can't I transfer to another account?,beneficiary_not_allowed,40,8
Are there restrictions to transfers to certain accounts?,beneficiary_not_allowed,56,8
Please tell me why I am having problems transferring to a beneficiary.,beneficiary_not_allowed,70,8
I wanted to purchase some crypto. The app will not let me. What's going on here? I really want to make this exchange.,beneficiary_not_allowed,117,8
My attempted transfer keeps kicking back with an error message.  Could you please help me to resolve this?,beneficiary_not_allowed,106,8
i tried to do a transfer to an account but it didn't work,beneficiary_not_allowed,57,8
I just got an error message saying my transfer is not possible? Why is that? I've transferred money before and it worked without problem,beneficiary_not_allowed,136,8
Why is my beneficiary being denies?,beneficiary_not_allowed,35,8
Why does my transfer keep generating an error message?,beneficiary_not_allowed,54,8
I want a reason as to why my beneficiary is not allowed?,beneficiary_not_allowed,56,8
"Hi, I am interested buying crypto currency but unable to purchase it through the application. I do want to do the exchange, Could you please let me know what is the problem?",beneficiary_not_allowed,173,8
Why can't a beneficiary receive a money transfer from me?,beneficiary_not_allowed,57,8
Why won't my transfer to another account work?,beneficiary_not_allowed,46,8
My account transfer was not cleared.,beneficiary_not_allowed,36,8
"I am getting an error stating my transfer is not possible while transferring money. Let me know the issue as its the first time i am getting error, earlier it used to work.",beneficiary_not_allowed,172,8
I wasn't able to do a transfer to an account,beneficiary_not_allowed,44,8
Why would a transfer to an account not be allowed?,beneficiary_not_allowed,50,8
why is a transfer to beneficiary not possible?,beneficiary_not_allowed,46,8
Why did my transfer to a beneficiary fail?,beneficiary_not_allowed,42,8
Explain why I can't do a transfer to an account.,beneficiary_not_allowed,48,8
Why can't my beneficiary get access?,beneficiary_not_allowed,36,8
I'm suddenly getting an error while attempting a transfer that it isn't possible. Why? I've done it before.,beneficiary_not_allowed,107,8
I cannot make a transfer to another account.,beneficiary_not_allowed,44,8
Why can't I transfer money to a beneficiary,beneficiary_not_allowed,43,8
why didnt my account allow a transfer,beneficiary_not_allowed,37,8
are transfers to a beneficiary possible,beneficiary_not_allowed,39,8
Why are you not accepting my transfer!! I've tried a couple times already now and it just keeps showing an error message,beneficiary_not_allowed,120,8
Will a beneficiary not accept a transfer?,beneficiary_not_allowed,41,8
Why would a transfer to a beneficiary not go through?,beneficiary_not_allowed,53,8
For what reason can I not transfer money to a beneficiary?,beneficiary_not_allowed,58,8
What happens when a beneficiary can't receive my transfer?,beneficiary_not_allowed,58,8
i tried to transfer cryptocurrency into my account but was denied,beneficiary_not_allowed,65,8
Why wasn't my payment to beneficiary X approved?,beneficiary_not_allowed,48,8
My transfer to a beneficiary did not go through.  Why?,beneficiary_not_allowed,54,8
I really was trying to complete this exhange. I was trying to purchase some crypto but the app won't allow me to do it. Can you tell me what's going on here?,beneficiary_not_allowed,157,8
Why won't you let me name X as a beneficiary?,beneficiary_not_allowed,45,8
Why couldn't I transfer funds to my beneficiary?,beneficiary_not_allowed,48,8
Why can't I transfer money to a beneficiery?,beneficiary_not_allowed,44,8
Am I allowed to transfer money to a beneficiary?,beneficiary_not_allowed,48,8
Why didn't my transfer to a beneficiary happen?,beneficiary_not_allowed,47,8
A transfer was not allowed to an account.,beneficiary_not_allowed,41,8
Why can't I use this beneficiary?,beneficiary_not_allowed,33,8
"I want to transfer money to a beneficiary, but I couldn't.",beneficiary_not_allowed,58,8
My funds are not transferring to my bank. Why is this not working?,beneficiary_not_allowed,66,8
Just received a message that my transfer is not possible??  What is going on.  I have done this before with no issues.,beneficiary_not_allowed,118,8
I am trying  to  transfer and  it has been  stopped why is  that,beneficiary_not_allowed,64,8
"This is frustrating, I'm at work and my transfers are not going through. I keep getting an error message, I do not have time for this.",beneficiary_not_allowed,134,8
I am trying to complete a transfer but I keep getting an error message.,beneficiary_not_allowed,71,8
"I normally have no issues making transfers, so why am I suddenly being told it is not possible?",beneficiary_not_allowed,95,8
My account did not allow the transfer.,beneficiary_not_allowed,38,8
"Why is my transfer not working? I tried multiple times to transfer money, and all that happens is an error message pops up.",beneficiary_not_allowed,123,8
Why was my transfer stopped ?,beneficiary_not_allowed,29,8
Why is allowance not being given to my beneficiary?,beneficiary_not_allowed,51,8
I have been trying to exchange this for crypto but the app won't work could you please help me?,beneficiary_not_allowed,95,8
The transfer to my account was not allowed.,beneficiary_not_allowed,43,8
My beneficiary is unable to transact,beneficiary_not_allowed,36,8
I need to move money to another beneficiary. Why is it not working?,beneficiary_not_allowed,67,8
I don't understand why you aren't accepting my transfer. After a couple times trying I'm still getting an error message.,beneficiary_not_allowed,120,8
the transfer to an account wasn't allowed is there any other way for me to do it,beneficiary_not_allowed,80,8
I was unable to transfer money to a beneficiary.,beneficiary_not_allowed,48,8
Why can't I use my beneficiary?,beneficiary_not_allowed,31,8
Why is this beneficiary being rejected?,beneficiary_not_allowed,39,8
"I have to transfer money over to my mother, and I have tried numerous times and all that keeps happening is error messages.",beneficiary_not_allowed,123,8
why did my account decline a incoming transfer,beneficiary_not_allowed,46,8
Why will my transfer not go through?!  Keep getting an error message.,beneficiary_not_allowed,69,8
My transfer to a beneficiary was rejected.,beneficiary_not_allowed,42,8
The transfer to my beneficiary has not gone through,beneficiary_not_allowed,51,8
I wasn't allowed to transfer to my account,beneficiary_not_allowed,42,8
I was trying to purchase some crypto and the app won't allow me to do it. What's the deal with this? I really wanted to complete the exchange.,beneficiary_not_allowed,142,8
I have made several unsuccessful attempts to make a transfer.  I'm getting frustrated at getting error messages and it not going through.,beneficiary_not_allowed,137,8
My money didnt go through after I transferred.,beneficiary_not_allowed,46,8
I tried transferring to an account but it didn't go through. What happened?,beneficiary_not_allowed,75,8
I cant transfer money into my account,beneficiary_not_allowed,37,8
why can't my beneficiary make transactions?,beneficiary_not_allowed,43,8
Why can't I add any beneficiary I choose?,beneficiary_not_allowed,41,8
Why am I unable to transfer money when I was able to before?,beneficiary_not_allowed,60,8
"Hello I am unable to exchange the crypto currency through the app, i am very keen to buy. Please let me know the issue.    interested buying crypto currency but i am unable to purchase it through the application,i do want to do the exchange, Could you please let me know what is the problem?",beneficiary_not_allowed,291,8
Why is a transfer to a beneficiary not possible?,beneficiary_not_allowed,48,8
Can you please explain why my beneficiary is not allowed?,beneficiary_not_allowed,57,8
"I tried transferring money to a beneficiary, however, I was unsuccessful.",beneficiary_not_allowed,73,8
The app won't let me transfer money to a beneficiary,beneficiary_not_allowed,52,8
Why can I not do a transfer to a beneficiary?,beneficiary_not_allowed,45,8
why wasn't a transfer to account approved,beneficiary_not_allowed,41,8
"I was trying to make a transfer and got an error message telling me it was not possible to make the transfer. This has never happened before, what happened?",beneficiary_not_allowed,156,8
Why is my beneficiary not being allowed to get payment services?,beneficiary_not_allowed,64,8
"I have tried to submit a transfer a couple of times now, and for some reason, it continues to be unsuccessful. Do you know why this may be?",beneficiary_not_allowed,139,8
Why can't I transfer to an account?,beneficiary_not_allowed,35,8
I could not transfer funds to a beneficiary; is there a problem with your software?,beneficiary_not_allowed,83,8
Why is my beneficiary not working?,beneficiary_not_allowed,34,8
Why can't you allow my beneficiary?,beneficiary_not_allowed,35,8
My transfer to another account was not allowed. Why is that?,beneficiary_not_allowed,60,8
Why couldn't I transfer to a beneficiairy?,beneficiary_not_allowed,42,8
I couldn't transfer to an account.,beneficiary_not_allowed,34,8
My transfer failed to a beneficiary,beneficiary_not_allowed,35,8
I was unable to transfer to another account.,beneficiary_not_allowed,44,8
Why was I denied the option to transfer money to a selected beneficiary?,beneficiary_not_allowed,72,8
I keep getting an error message when I'm trying to transfer funds! Why aren't you accepting that?,beneficiary_not_allowed,97,8
Why is this not letting me exchange crypto? I need help making this transaction go through.,beneficiary_not_allowed,91,8
I could not transfer to a beneficiary,beneficiary_not_allowed,37,8
Why cant I transfer to my account?,beneficiary_not_allowed,34,8
Why  am I being told this  transfer will not  go thru,beneficiary_not_allowed,53,8
I couldn't transfer money to a beneficiery,beneficiary_not_allowed,42,8
"While transferring money, its getting error out as my transfer is not possible. Please help me in this as earlier i was able to do it successfully.",beneficiary_not_allowed,147,8
"Hi,  Is there any problem with app? As i am facing some issues with the exchange of crypto currency. I am extremely interested in buying.",beneficiary_not_allowed,137,8
"Hi, I'm trying to by some crypto and the app isn't allowing it. I really want to exchange this, what am I doing wrong?",beneficiary_not_allowed,118,8
My account transfer was blocked.,beneficiary_not_allowed,32,8
What is preventing me from adding a specific beneficiary?,beneficiary_not_allowed,57,8
"I couldn't transfer money to my bank, why not?",beneficiary_not_allowed,46,8
Why cant I send money to a beneficiary?,beneficiary_not_allowed,39,8
How can I transfer money to a beneficiary?,beneficiary_not_allowed,42,8
It shows that the transfer on my account wasn't allowed.,beneficiary_not_allowed,56,8
Could you please explain why I received a message that my transfer is not possible? I've never had any problems making a transfer in the past.,beneficiary_not_allowed,142,8
Hi i received an error message informing me about the transaction failure. I have done the money transfer before and it never failed. Please let me know what is the issue this time.,beneficiary_not_allowed,181,8
Why would I receive an error that my transfer isn't possible when I've done it before?,beneficiary_not_allowed,86,8
My card isn't letting me purchase something and I wanted to know why.,beneficiary_not_allowed,69,8
Why isn't my beneficiary allowed?,beneficiary_not_allowed,33,8
is a transfer to a beneficiary allowed?,beneficiary_not_allowed,39,8
What are then rules on beneficiaries?,beneficiary_not_allowed,37,8
Why can't I buy cryptocurrency on the app?,beneficiary_not_allowed,42,8
Payment did not process,beneficiary_not_allowed,23,8
I've been trying to make a transfer and it hasn't gone through. Now I am receiving an error message.  What is the problem?,beneficiary_not_allowed,122,8
I am having trouble transferring money to a beneficiery.,beneficiary_not_allowed,56,8
"Why won't you take my transfer, I keep getting an error message.",beneficiary_not_allowed,64,8
beneficiary transfer problems?,beneficiary_not_allowed,30,8
Why would my beneficiary not be allowed?,beneficiary_not_allowed,40,8
"I was transferring some money to a friend, which I thought would be free, but I see there is a charge.  What's up with that?",transfer_fee_charged,124,64
"There is a fee for a transfer, please explain that to me.",transfer_fee_charged,57,64
I didn't know there was a charge for tranferring. What is the charge?,transfer_fee_charged,69,64
"I transferred money, why was charged for an extra fee?",transfer_fee_charged,54,64
When I made a transfer I was charged extra.,transfer_fee_charged,43,64
Is there a fee that comes with transfers?,transfer_fee_charged,41,64
I shouldn't be charged any fee for transferring .,transfer_fee_charged,49,64
I've been using my account while abroad for a while but only recently I've been charged a fee. Why am I only being charged a fee now.,transfer_fee_charged,133,64
why am I being charged a fee for transferring money ?,transfer_fee_charged,53,64
I transferred money from one account to another account and I charged a fee for it. Why is that?,transfer_fee_charged,96,64
Why was I charged extra when transferring?,transfer_fee_charged,42,64
During the last month I used this account to make payments for my place abroad. I noticed the fees have increased and I wonder why. Shouldn't frequent users have less fees as incentive to keep using instead of increasing them out of nowhere?,transfer_fee_charged,241,64
Why did it cost money to transfer funds?,transfer_fee_charged,40,64
What kind of fees will I pay when I transfer?,transfer_fee_charged,45,64
My transaction went through but I was charged a fee. Why?,transfer_fee_charged,57,64
"A transfer I sent was received in less than the full amount I originally sent, and now I have to send additional funds to cover the full amount. What happened?",transfer_fee_charged,159,64
Should I be seeing a fee applied for my money transfer?,transfer_fee_charged,55,64
Can you please tell me why I was charged an extra fee on my transfer?,transfer_fee_charged,69,64
"I made a transfer and the receiver said an amount was received, but not exactly the same as the right amount. I now have to transfer more to get the remainder to the receiver. Can you alert me about this. What's been happening?",transfer_fee_charged,227,64
"I made a transfer and the receiver said an amount was received, but less than the right amount. I now have to transfer more to get the remainder to the receiver. Can you tell me about this. What's been going on?",transfer_fee_charged,211,64
Why is my transfer more expensive than I thought?,transfer_fee_charged,49,64
Why am I being charged to transfer funds?,transfer_fee_charged,41,64
I noticed additional charges when transferring?,transfer_fee_charged,47,64
Why is there a charge for my transfer?,transfer_fee_charged,38,64
I got charged a fee for transferring money.,transfer_fee_charged,43,64
"I see a transfer fee, but to my understand, that should have been free, what happened?",transfer_fee_charged,86,64
Why was I charged for transferring money?,transfer_fee_charged,41,64
I found a transfer fee - is that correct?,transfer_fee_charged,41,64
I did a transfer.  What is the extra fee?,transfer_fee_charged,41,64
I got an unexpected charge on my transfers. How can I correct this?,transfer_fee_charged,67,64
Why am I seeing a transfer fee on my bank statement?,transfer_fee_charged,52,64
"I transferred money, but I think I've been charged a fee for it?",transfer_fee_charged,64,64
Please explain the fee on a transfer I made.,transfer_fee_charged,44,64
Why was I charged an extra fee when doing a transfer?,transfer_fee_charged,53,64
"I was charged a fee for the transfer, but can you tell me why?",transfer_fee_charged,62,64
"So I've been using my account frequently to manage payments for my vacation house in a different country, and now I'm getting hit with ridiculously high fees! What's with that? Ought not I be rewarded as a frequent user?",transfer_fee_charged,220,64
I bought something online and it says there was a fee to transfer money. Isn't that free?,transfer_fee_charged,89,64
There's something wrong on my bill. A transfer fee should never have been added.,transfer_fee_charged,80,64
I did a transfer and was charged a fee that I shouldn't have been!,transfer_fee_charged,66,64
Why are you charging me a transfer fee?,transfer_fee_charged,39,64
Why was a fee changed for my transfer?,transfer_fee_charged,38,64
"I made a transfer and the receiver did not get the right amount its lesser than what it should be,Now I have to transfer more money to make up for the missing amount . Can you please help me about this, what should be done",transfer_fee_charged,222,64
Does transferring money have a fee?,transfer_fee_charged,35,64
"Why did the person I transferred money to not receive the correct amount? What should I do to get them the right amount, do I have to transfer more money to them?",transfer_fee_charged,162,64
Why is there a fee for my transfer?,transfer_fee_charged,35,64
why is there a fee for the transfer I made?,transfer_fee_charged,43,64
Why has transferring money resulted in a charge?,transfer_fee_charged,48,64
Where did my extra fee for the transfer come from?,transfer_fee_charged,50,64
How much do I have to pay if I want to transfer money?,transfer_fee_charged,54,64
I thought transfers were free. Why was I charged to transfer?,transfer_fee_charged,61,64
I made a transfer and was charged extra. Why?,transfer_fee_charged,45,64
"I thought I can make transfers for free, this is not fair. I bought something online from abroad and there was some weird additional fee that I've never seen before?",transfer_fee_charged,165,64
"I transferred some money recently and saw a fee on my account, what's that for?",transfer_fee_charged,79,64
Is it normal to see a fee for transferring money?,transfer_fee_charged,49,64
Transfers are supposed to be free.  I just got a fee tacked on  to something I bought abroad.  Not cool.  Figure out how to remove it.,transfer_fee_charged,134,64
Why am I being charged for transfers? Are they not free?,transfer_fee_charged,56,64
Why was I charged this extra fee while doing a transfer?,transfer_fee_charged,56,64
why was i chargged,transfer_fee_charged,18,64
Is there a money transfer fee?,transfer_fee_charged,30,64
I was under the impression that transfers were going to be free and here I was charged for something I bought overseas!  I don't think this fee is right,transfer_fee_charged,152,64
"I thought transfers were free, why was I charged?",transfer_fee_charged,49,64
Why were there additional charges when I transferred funds?,transfer_fee_charged,59,64
Are money transfers free?,transfer_fee_charged,25,64
My transfer seems to be too expensive.,transfer_fee_charged,38,64
who charged my card,transfer_fee_charged,19,64
A receiver let me know that they didn't receive the full transfer I completed and that it was actually a bit less than what I sent. At this point I have to make another transfer to make up for the amount missing. Can you please follow up with what's going  on here?,transfer_fee_charged,265,64
Could you inform me as to why I have been charged a higher fee for doing banking abroad.,transfer_fee_charged,88,64
Someone that I had to send money to told me that they didn't receive the full amount I sent them - can you look into this?,transfer_fee_charged,122,64
"I transferred 7,000 to a receiver outside the EU and they received a lesser amount than what I sent, Unfortunately, now I must send an additional transfer to the receiver so that they can receive the full amount I initially sent.  I'm not sure why they received a lesser amount than what I initially sen, but can you please look into this and let me know what happened?",transfer_fee_charged,369,64
Extra charge during transfer,transfer_fee_charged,28,64
I use my card internationally to manage payments and I just noticed that you are adding additional fees.  Why?  I am a good customer and this has me thinking about leaving.,transfer_fee_charged,172,64
"I made a transfer and the receiver said they haven't actually received the right amount, but it's a bit less. Now I have to transfer more money to make up for the missing bit. Can you please alert me about this, what has been going on?",transfer_fee_charged,235,64
I was informed that transfers were free. I noticed I have a fee but why?,transfer_fee_charged,72,64
Will I be charged for transfers?,transfer_fee_charged,32,64
what is this fee for transfering,transfer_fee_charged,32,64
This isn't fair! I thought transfers could be made for free. I just made  a purchase online from abroad and now see some strange fee that I've never seen before.,transfer_fee_charged,161,64
I had an unexpected fee,transfer_fee_charged,23,64
I was charged a fee for a transfer.,transfer_fee_charged,35,64
I thought you guys offered free transfers. Why was I charged?,transfer_fee_charged,61,64
Why would I be charged an extra fee while doing a transfer?,transfer_fee_charged,59,64
"I do not like this, I made a simple transfer but I have an additional charge for doing so.",transfer_fee_charged,90,64
What is the reason for the fee charge on my transfer?,transfer_fee_charged,53,64
I tried to transfer money to a receiver and they didn't get the right amount. What is going on and who do I contact to help me?,transfer_fee_charged,127,64
There is a fee from a transfer that is not supposed to be here!,transfer_fee_charged,63,64
I was under the impression I can make transfers for free. I made an online purchase for something that was obroad and there's some additional strange fee. I've never seen this before and this isn't fair.,transfer_fee_charged,203,64
why was a extra fee added to my account for transfer ?,transfer_fee_charged,54,64
Why did you charge me a fee when I made a transfer?,transfer_fee_charged,51,64
Why have I been charged a fee for transferring money?,transfer_fee_charged,53,64
Are transfers not free? I didn't know I would be charged for transfers.,transfer_fee_charged,71,64
Why was I charged a fee for transferring money,transfer_fee_charged,46,64
Am I charged a fee to transfer funds?,transfer_fee_charged,37,64
Can you please explain why I was charged an extra fee for my transfer?,transfer_fee_charged,70,64
Someone made a mistake on my money transfer because I was charged extra fees.,transfer_fee_charged,77,64
"I've use my accounts all the time to manage my payments for my place abroad that I just got. I now see that I suddenly have new fees.I'm a frequent customer, so why are you charging me new fees instead of rewarding me?",transfer_fee_charged,218,64
I did a transfer and I was charged a fee that shouldn't be there!,transfer_fee_charged,65,64
Why was I charged a random fee for a transfer I made?,transfer_fee_charged,53,64
Why am I seeing a fee for transferring money?,transfer_fee_charged,45,64
"I've used my account frequently over the last month to manage my payments from abroad for my new place. I noticed that my fees have suddenly increased. As a frequent customer, shouldn't I be rewarded rather than suddenly being subject to a new fee?",transfer_fee_charged,248,64
I used this account a lot during the last month to manage my payments for my new place abroad. Seems that suddenly fees have increased? Shouldn't you instead reward your frequent customers instead of putting an additional fee suddenly?!,transfer_fee_charged,236,64
I thought that transfers are free. Why was I charged an extra fee?,transfer_fee_charged,66,64
I am confused about your fee structure and was disappointed to see a fee for my transfer.,transfer_fee_charged,89,64
I thought transfers were free of charge.  I bought something abroad and got charged a ridiculous fee. How do I get this problem fixed.,transfer_fee_charged,134,64
Why was there an extra charge when I transferred money?,transfer_fee_charged,55,64
Why is there a fee on my money transfer?,transfer_fee_charged,40,64
"I made a transfer and according to the receiver ""they haven't received the right amount"" Its lesser than it should be.Now I have to transfer more money to make up for the missing amount . Can you please help me about this,what should be done",transfer_fee_charged,241,64
What is this fee for transferring money?,transfer_fee_charged,40,64
I have used this account overseas recently. Has there been an increase in fees that I am unaware of?,transfer_fee_charged,100,64
why was i charged a fee to transfer,transfer_fee_charged,35,64
I need to know how much it costs to transfer funds.,transfer_fee_charged,51,64
I made a transfer and the person I transferred the money to didn't receive the right amount? Why did this happen and how do I get the rest of the money to them?,transfer_fee_charged,160,64
Why did I get charged a fee for transferring money?,transfer_fee_charged,51,64
Why did I get charged for a transfer?,transfer_fee_charged,37,64
"I have used my account abroad for a while without any fees, why am I being charged additional fees all of a sudden?",transfer_fee_charged,115,64
Can you elaborate on why I have an extra charge just for transferring?,transfer_fee_charged,70,64
Why was I charged a fee to transfer money?,transfer_fee_charged,42,64
Is it free to transfer money or is there a fee?,transfer_fee_charged,47,64
"I was charged a fee when I transferred my funds, why?",transfer_fee_charged,53,64
"I've use this account all the time, including over this past month, to pay for things from my new place abroad. I'm a really good customer, so why do I suddenly have new fees? I should be rewarded instead of charged more fees.",transfer_fee_charged,226,64
"So, I see a strange fee that I've never seen before after making an online purchase from abroad. I was under the impression transfers could be made for free. I don't think this seems fair.",transfer_fee_charged,188,64
Is there a fee for transferring money,transfer_fee_charged,37,64
Why was money taken for a transfer?,transfer_fee_charged,35,64
"I made a transfer and according to the receiver ""they haven't received the right amount"" Its lesser than it should be.Now I have to transfer more money to make up for the missing amount . Can you please help me about this, what should be done ?",transfer_fee_charged,244,64
I don't appreciate the extra fees being siphoned from my account. I was helping some friends move to Japan and we were buying home decorations at the local stores. The  receipts differed greatly from what showed up in my bank account and my statement. When can I expect the extra fees to be back in my account?,transfer_fee_charged,310,64
Why is there an extra fee on a transfer?,transfer_fee_charged,40,64
"Hi,  I have transferred money but beneficiary's account is credited with less amount. Now i have transfer the difference of the amount. I think there is some issue, could you please look into this.",transfer_fee_charged,197,64
A receiver made me aware that they did not receive the full transfer that I made. The amount was showing to be a bit less. I now have to make a second transfer just to make up the difference. Can you reach out and let me know what's going on?,transfer_fee_charged,242,64
Can you explain the transfer fee that I was charged?,transfer_fee_charged,52,64
Why am I being charged for transferring money?,transfer_fee_charged,46,64
"After reviewing my charges, I see I was charged a fee for a transfer I did, why?",transfer_fee_charged,80,64
Why do I see a fee when I do a transfer?,transfer_fee_charged,40,64
How come I can see an extra charge for my transfer?,transfer_fee_charged,51,64
I don't think I was supposed to be charged so much.,transfer_fee_charged,51,64
I have a service fee that I've never seen before. It showed up after I bought something from an international seller online.,transfer_fee_charged,124,64
When I was transferring money I was charged extra why?,transfer_fee_charged,54,64
"I was charged a transfer fee, why is that?",transfer_fee_charged,42,64
I have a fee listed for a transfer.,transfer_fee_charged,35,64
I noticed that there was an extra charge fee on my account. Could You explain to me why?,transfer_fee_charged,88,64
Hey there's a fee for a transfer on my account.  Why?!,transfer_fee_charged,54,64
Does it cost anything to buy something from another country? Like is there going to be hidden transfer fees or currency conversion fees?,transfer_fee_charged,136,64
Why do I have an unexpected fee on my bill?,transfer_fee_charged,43,64
I just transferred some money. Why was I charged a fee?,transfer_fee_charged,55,64
Why is there a fee for doing a transfer?,transfer_fee_charged,40,64
Why are there additional fees for transfers?,transfer_fee_charged,44,64
"After a transfer, I see an extra fee.  Why?",transfer_fee_charged,43,64
Hey I thought transfers were free.  Why are you charging me?,transfer_fee_charged,60,64
"I transferred money to a receiver within the EU and they received a lesser amount than expected.  Now I will have to send additional money to the receiver in order to make up the difference.  I'm not sure what went wrong, can you please advise?",transfer_fee_charged,244,64
I made a transfer and was charged an extra fee!,transfer_fee_charged,47,64
What is this extra fee while I was doing a transfer?,transfer_fee_charged,52,64
Next time maybe let people know that buying things from another country costs extra. I used my card to purchase an item from another country and I was charged for the item and also an extra fee it looks like. I wasnt aware of this and I think I should get a refund.,transfer_fee_charged,265,64
"Hi! I'm a university student studying abroad and I noticed that when I was trying to cross-reference my budget for this month that there were extra fees I was not expecting. Why is that? I've had this account for years and I haven't had any trouble so far, it might not even be on your all's end since I'm still new to international travel and finance, but I wanted to double check in case a mistake was made!",transfer_fee_charged,409,64
Will I get extra charges?,transfer_fee_charged,25,64
"I noticed a fee, while banking abroad, that seems different than any I have been charged before. What does this fee mean?",transfer_fee_charged,121,64
I think I have an extra transfer charge.,transfer_fee_charged,40,64
"I usually don't get charged for transfers, why was I this month?",transfer_fee_charged,64,64
Why was my transfer charged a fee?,transfer_fee_charged,34,64
I should not have been charged a fee for my transfer.,transfer_fee_charged,53,64
I did a transfer and was charged a fee that should not have been charged!,transfer_fee_charged,73,64
I was charged a fee for a transfer. Where did it come from?,transfer_fee_charged,59,64
Why did I get charged a fee for my transfer?,transfer_fee_charged,44,64
How come a fee was charged when I tranferred money,transfer_fee_charged,50,64
Why was a fee charged to me for transferring money?,transfer_fee_charged,51,64
Why do I get a fee every time I transfer?,transfer_fee_charged,41,64
I was charge a fee that I wasn't told about,transfer_fee_charged,43,64
I noticed a charge for a transfer.  Why is this?  Is it because I did an international transfer?,transfer_fee_charged,96,64
Is it right that I've been charged for transferring money?,transfer_fee_charged,58,64
This transfer incurred a fee that I don't think is right.,transfer_fee_charged,57,64
"I just recently got a new beach condo in Bora Bora, and to furnish it I used this account a lot from overseas. It's upsetting, being a long-time customer of yours, that I saw extra fees on my account from my currency transfer. Is this what I should expect from you in the future?",transfer_fee_charged,279,64
Why was I charged a fee when making this transfer when I shouldn't have been?,transfer_fee_charged,77,64
"I just moved overseas and I noticed that you are charging me more fees.  I am a loyal customer, is this how you expect to keep customers?",transfer_fee_charged,137,64
Im not sure why Im being charged an extra fee just for purchasing an item from another country? I paid for the item and the shipping why am I getting charged extra?,transfer_fee_charged,164,64
I make payments for my place abroad using this account and since i use it so frequently I was wondering why did the fees increase suddenly rather than decreasing? I would think customers like me should receive incentives for using your service,transfer_fee_charged,243,64
Why was there a transfer fee on my account?,transfer_fee_charged,43,64
Can my salary be received here?,receiving_money,31,51
How can my boss pay me directly to the card?,receiving_money,44,51
Salary in GBP has been received. Does it need to be configured into another place?,receiving_money,82,51
I am paid by my employer in GBP; do I need to do anything in the app to indicate this?,receiving_money,86,51
How can my friend give me money?,receiving_money,32,51
I would like to know how my friend would be able to send me money,receiving_money,65,51
How can I receive money?,receiving_money,24,51
I received a transfer in GBP how do I change it to a different currency?,receiving_money,72,51
How can my friend send money to me?,receiving_money,35,51
Can I receive my salary with this in another currency?,receiving_money,54,51
Can i receive transfers from my employer to this account?,receiving_money,57,51
Will my GPB update my salary,receiving_money,28,51
How do I transfer funds if I am paid in GBP?,receiving_money,44,51
am i able to receive my salary this way?,receiving_money,40,51
What are the steps for getting money from a friend?,receiving_money,51,51
Can I directly deposit my salary to this account?,receiving_money,49,51
How can I receive my salary with a different currency?,receiving_money,54,51
My salary is in GBP - what should I do?,receiving_money,39,51
I would like to receive my salary in a different currency. How does that work?,receiving_money,78,51
How can people transfer money to me?,receiving_money,36,51
i want to get my salary deposited as pesos?,receiving_money,43,51
My salary is deposited in GBP. Do I need to choose the currency?,receiving_money,64,51
What do I need to do to get my salary through this?,receiving_money,51,51
How can you transfer my salary to my correct currency?,receiving_money,54,51
I need my payment in another currency,receiving_money,37,51
how do i find out about transfers,receiving_money,33,51
I received my salary in the wrong currency. How do I change this?,receiving_money,65,51
Can I transfer my payroll to the bank?,receiving_money,38,51
Can i receive transfers from my employer this way?,receiving_money,50,51
Can my friend send me money if it is not in US dollars?,receiving_money,55,51
"Do I need to select a preference to receive my salary payments in GBP and, if so, where?",receiving_money,88,51
How do I get money from friends?,receiving_money,32,51
Is it possible for a friend to personally send me a payment?,receiving_money,60,51
What are the steps for my friend to send me money?,receiving_money,50,51
Can I receive payments in another currency?,receiving_money,43,51
What do I need to do to receive my payroll in the account?,receiving_money,58,51
Please show me how my friend can send me money.,receiving_money,47,51
"How do I know what my account is set to, I am paid in GBP?",receiving_money,58,51
Can I receive money in a different countries money?,receiving_money,51,51
Can I transfer my salary if its in GBP?,receiving_money,39,51
Can my friend send me money?,receiving_money,28,51
"My salary is in GBP, do I need to exchange it before putting it into my account?",receiving_money,80,51
Do I need to convert my currency from GBP before transferring?,receiving_money,62,51
Is it ok for a friend to send me money?,receiving_money,39,51
can my husband open an account and transfer money,receiving_money,49,51
How can I receive money from someone?,receiving_money,37,51
What can I use to receive my salary?,receiving_money,36,51
"My friend wants to send me money, can she?",receiving_money,42,51
How can I receive money from my friend?,receiving_money,39,51
Can I get paid for this in another currency?,receiving_money,44,51
Can I use my salary for this?,receiving_money,29,51
Can I transfer money using a different currency?,receiving_money,48,51
Can I have a friend send money directly to me?,receiving_money,46,51
Can I transfer my salary onto here?,receiving_money,35,51
Can this app take my salary?,receiving_money,28,51
"My salary is received in the form of GBP. Is it necessary to configure this? If so, where is this done?",receiving_money,103,51
May I get my salary paid out in a different currency?,receiving_money,53,51
I use GBP for my salary deposits. Must I set this up somewhere?,receiving_money,63,51
"I was wondering, Can I get my pay in another currency?",receiving_money,54,51
What will I need to configure if my salary is in GBP?,receiving_money,53,51
what currencies can I receive my salary in with this?,receiving_money,53,51
Who can send me money?,receiving_money,22,51
"My salary is in GBP, is this something I need to configure?",receiving_money,59,51
Can my salary be received and transferred to my current currency in my country?,receiving_money,79,51
Can I transfer my paycheck to the account?,receiving_money,42,51
How does one send me money?,receiving_money,27,51
My salary comes in GBP can I change my options somewhere?,receiving_money,57,51
How do I receive money from someone?,receiving_money,36,51
How can I receive my salary in another currency?,receiving_money,48,51
Are there ways for other people to send me money?,receiving_money,49,51
What if I need my salary in another currency?,receiving_money,45,51
How would my friend be able to send me money?,receiving_money,45,51
Will my employer be able to pay me with this service,receiving_money,52,51
Which foreign currencies can I get transferred into my account?,receiving_money,63,51
Is there any way to get my salary in a different currency?,receiving_money,58,51
What methods are available for my friend to send me money?,receiving_money,58,51
How to receive transfers from my employer when I get paid in GBP?,receiving_money,65,51
Am I allowed to use different currencies?,receiving_money,41,51
Can I receive payment in another currency?,receiving_money,42,51
Can friends send me money?,receiving_money,26,51
How can my friend pay me?,receiving_money,25,51
"I have obtained the salary in GBP, will it need to be configured?",receiving_money,65,51
Can I use a transfer to receive my transfer?,receiving_money,44,51
Can friends transfer money to each other?,receiving_money,41,51
Can my job deposit my wages directly into the account.,receiving_money,54,51
Do I need to do anything special for my friend to send money to my account?,receiving_money,75,51
My friend would like to send me money. What are the options available to them?,receiving_money,78,51
Do I need to add my salary?,receiving_money,27,51
Will you accept my salary if it's in another currency?,receiving_money,54,51
"If my salary is in GBP, do I need to do something?",receiving_money,50,51
Can I use a different currency with my salary?,receiving_money,46,51
My salary is in GBP. Do I need to configure this somewhere?,receiving_money,59,51
How can I configure what currency my salary is in if it's in GBP?,receiving_money,65,51
Do you support direct deposits from my employer?,receiving_money,48,51
Can i get payed through this system?,receiving_money,36,51
What is happening?  I have tried to transfer money 5x already.  Is the system down?  This shouldnt be happening as this is a basic transfer.,failed_transfer,140,36
Is there a reason that my transfer failed?,failed_transfer,42,36
Why didn't my transfer complete?,failed_transfer,32,36
Why was I unable to finish this transfer?,failed_transfer,41,36
"I have made 5 attempts to make a very standard survey, yet I can't get it to work. What is the problem? Is there an issue related to your system?",failed_transfer,145,36
"Your system is broken. My transfers keep failing, 5 times now.",failed_transfer,62,36
I tried to make a transfer like five different times. Why won't your system let me? Is it broke?,failed_transfer,96,36
Can you tell me why I wasn't able to complete my transfer?,failed_transfer,58,36
Why wont the other bank take my money?? Is it not good enough?? There's sufficient funds but I keep getting denied a standard transfer. Ive tried 5 times!,failed_transfer,154,36
Is there a problem with your system being down or something? I have already tried 5 times to issue a standard transfer but I'm getting nowhere.,failed_transfer,143,36
A transfer could not be completed.,failed_transfer,34,36
What would cause a transfer failure?,failed_transfer,36,36
I believe that my transfer hasn't gone through.,failed_transfer,47,36
Transfer isn't working?,failed_transfer,23,36
Can you tell me why my transfer is failing and help resolve?,failed_transfer,60,36
Transfer has failed.,failed_transfer,20,36
Did  my transfer fail?,failed_transfer,22,36
I tried to make a transfer but it failed. will you tell me why?,failed_transfer,63,36
I was unable to transfer money from my account.,failed_transfer,47,36
Why hasn't my transfer gone through,failed_transfer,35,36
I really need some help to understand why my transfer keeps failing. I'm trying to send money to a friend. Please help.,failed_transfer,119,36
I have tried 5 times at this point to complete a transfer that's simply standard. What appears to be the problem? Is your system messed up?,failed_transfer,139,36
"Hi, I am currently in the process of buying a flat and I am waiting for the mortgage to go through but it keeps showing up as an error.  Do you know what could be causing this and can you help me get the money over.",failed_transfer,215,36
"Hi, I'm in progress of purchasing a flat and am trying to make to make a payment.  An error is appearing, and I need assistance.",failed_transfer,128,36
Why did my transfer not work?,failed_transfer,29,36
"The transfer keeps failing - I tried to transfer some money to friends this morning but it keeps getting rejected for some reason, I have no idea why",failed_transfer,149,36
I've been trying to do a transfer multiple times and have failed? Is the system down?,failed_transfer,85,36
I have tried sending a standard transfer five times and it hasn't gone through. What is the problem?,failed_transfer,100,36
My transfer failed when I tried.,failed_transfer,32,36
Can you explain why my transfer was unsuccessful?,failed_transfer,49,36
Why did my transfer fail?  What can I do?,failed_transfer,41,36
My transfer failed.  Help!,failed_transfer,26,36
My transfer failed to process correctly. Is there a reason this would happen?,failed_transfer,77,36
Can you help me transfer money into my friend's bank account? I tried to do it but it keeps rejecting me. I need to get the money in there asap. I have enough and all the account info is correct.,failed_transfer,195,36
I tried to make a transfer and it didn't work.,failed_transfer,46,36
please help my transfer go through,failed_transfer,34,36
My transfer didn't work! Help!,failed_transfer,30,36
What could possibly be the cause of my failed transfer?,failed_transfer,55,36
Is there a reason behind why my transfer did not work?,failed_transfer,54,36
Why won't my transfer go through?,failed_transfer,33,36
Why can't I make a transfer?,failed_transfer,28,36
"I got a transfer fail message, but no explanation of why-- what happened?",failed_transfer,73,36
Why did the transfer fail when I attempted to do it earlier?,failed_transfer,60,36
"Hello.  I ran into a problem with a transfer this morning.  I was trying to send money to some friends but when I tried to send it, the transfer failed.  I don't know what is causing the transfer to be rejected.  Please let me know what is causing the problem.  Thanks.",failed_transfer,269,36
"So, I am in the middle of purchasing a flat. I need the money for the first mortgage payment and it is not going through. I keep receiving an error. Can you find out what's going on and help me complete this transfer?",failed_transfer,217,36
Can you tell my why my funds transfer did not work properly?,failed_transfer,60,36
Why didn't my transfer work?,failed_transfer,28,36
"Hi there, I've tried to make a transfer 5 different times and its not working. Is your system down or something?",failed_transfer,112,36
Why can I not make a transfer?,failed_transfer,30,36
"My transfer failed, why did that happen?",failed_transfer,40,36
The app says my transfer failed,failed_transfer,31,36
Is there a reason my transfer failed?,failed_transfer,37,36
Why was my transaction not approved?,failed_transfer,36,36
I attemped a transfer and it didn't go through.,failed_transfer,47,36
is the a reason why my transfer has failed?,failed_transfer,43,36
The transfer I tried to make failed.,failed_transfer,36,36
Can you please assist me in completing a transfer? I'm trying and I keep getting an error. I'm trying to purchase a flat and pay the initial mortgage payment. All I keep getting is an error. Can you find out what's happening here?,failed_transfer,230,36
"Why can't I transfer my money into someone else's account? I should be able to do so right? Why does it keep rejecting my transfer? There's no reason, all my info is correct and the money is there.",failed_transfer,197,36
"Hello, I am buying a flat and need the inital payment for the mortgage to go through. It keeps showing up as error, what is going on? Can you please help me make this transfer?",failed_transfer,176,36
Why can't I complete my transfer?,failed_transfer,33,36
"My card couldn't complete a transfer, why?",failed_transfer,42,36
"Hey, I'm buying a flat and I need my mortgage to go though. However, every time I check I get an error message. Is there any way you can help me with this transfer.",failed_transfer,164,36
"Errors keep showing up every time I try to make this transfer and I am on a time crunch,  could you please help.",failed_transfer,112,36
Why do my transfers keep failing?,failed_transfer,33,36
Why didn't this transfer work?,failed_transfer,30,36
"Hi, I have been transferring money to my friends since morning, but all my transactions were getting failed. Can you please look into this issue.",failed_transfer,145,36
"My transfer did not work, what was the reason?",failed_transfer,46,36
What do I need to do to correct this failed transfer?,failed_transfer,53,36
I tried to do a transfer and it hasn't worked!,failed_transfer,46,36
What went wrong when I tried to do my transfer?,failed_transfer,47,36
Why does it say my transfer failed?,failed_transfer,35,36
I don't think my transfer wen through. Why?,failed_transfer,43,36
How can I find out why my transfer didn't go through?,failed_transfer,53,36
"I needed to send my friends some money urgently.  I tried multiple times to transfer the money this morning, but the transfer keeps failing.  Can you tell me why the transfer is getting rejected?",failed_transfer,195,36
I tried to make a transfer and it failed.,failed_transfer,41,36
"After I attempted a transfer, it failed.",failed_transfer,40,36
I couldnt transfer money from my account.,failed_transfer,41,36
"What stopped my transfer, from being accepted?",failed_transfer,46,36
I've already tried 5 times to complete a transfer that's just standard. What's the deal? Is your system down at this time?,failed_transfer,122,36
What caused my transfer to fail?,failed_transfer,32,36
My transfer failed,failed_transfer,18,36
"I tried to make a transfer, but it didn't work.",failed_transfer,47,36
How is this transfer supposed to work? It's not working for me.,failed_transfer,63,36
"This morning, I tried to send money to my friends several times but each time the transfer fails.  Why does it keep failing?  The transfer gets rejected but I do not know what is causing it to be rejected.",failed_transfer,205,36
I'm trying to purchase a flat but i need my first payment for my mortgage to go through first. I keep getting an error. I'm not sure what is going on but i need help making this transfer.,failed_transfer,187,36
"My transfer failed, why?",failed_transfer,24,36
My transfer is failing when I try to do it.,failed_transfer,43,36
I can't seem to make a standard bank transfer. I have tried at least five times already but none of them are going through. Please tell me what is wrong?,failed_transfer,153,36
What may be the reason that my transfer did not go through?,failed_transfer,59,36
I tried to transfer money but it didn't go through,failed_transfer,50,36
My transfer didn't complete. Why can't I access funds?,failed_transfer,54,36
Been trying to transfer money this morning but keep getting rejected. I don't understand why this is happening.,failed_transfer,111,36
"Hi, I'm trying to purchase a flat and I'm needing the first payment for the mortgage to go through on the flat I'm trying to buy. For some reason I keep getting an error.can you assist in making this transfer? What is going on?",failed_transfer,227,36
My transfer didn't work how come?,failed_transfer,33,36
Hi I'm sending some money over to an investment bank I do business and the transaction is being rejected. I'm not sure why as I think I have the right details.,failed_transfer,159,36
I think my transfer failed. What do I do now?,failed_transfer,45,36
"I attempted a transfer, but it failed.",failed_transfer,38,36
I couldn't make a transfer,failed_transfer,26,36
Hello. I'm trying to transfer some money to a friend but it keeps getting rejected. can you help me?,failed_transfer,100,36
"The transfer keeps rejected, I tried to transfer some money to friends but it keeps getting rejected for some reason, Would you please check the issue?",failed_transfer,151,36
I've been trying to make a transfer and it doesn't seem to be working. (5 times) What is wrong with your system?,failed_transfer,112,36
Why are my transfers not going through.  I have tried over 4 times to get it to work.  This is just a simple transfer.  Is something else causing this in the system?  Is it broken?,failed_transfer,180,36
Why was I not able to complete my transfer?,failed_transfer,43,36
"The transfer keeps failing , I tried to transfer some money to friends this morning but it keeps getting rejected for some reason, Would you please check the issue?",failed_transfer,164,36
Why was my transaction declined?,failed_transfer,32,36
Why wouldn't a transfer go through?,failed_transfer,35,36
Can you please tell me why my transfer failed?,failed_transfer,46,36
I did a transfer earlier but see that it failed to go through.,failed_transfer,62,36
Why has my payment not transferred?,failed_transfer,35,36
I tried to do a transfer but it didn't go through.,failed_transfer,50,36
The attempted transfer failed.,failed_transfer,30,36
I need help making this transfer. I keep getting an error. I'm trying to purchase a flat but i need my mortgage payment to go through first. Can you help?,failed_transfer,154,36
Why does my transfer keep failing? I've tried 5 times and they all failed.,failed_transfer,74,36
A mortgage payment I'm making is giving me an error message.  This is the first time I'm making this payment and want to know what's wrong.,failed_transfer,139,36
"Hi, can you tell me why my transfer keeps being rejected? I've been trying to send money to my friends this morning but failed every time and I have no idea why?",failed_transfer,161,36
I need assistance completing a transfer. I'm trying to purchase a flat and need the money for the initial mortgage payment. I keep getting an error and the transfer is not going through. What is going on here?,failed_transfer,209,36
What are the reasons that my mortgage payment won't go through? I'm getting an error and don't know how to correct to get this transfer to go through.,failed_transfer,150,36
Why was I unable to complete my transfer?,failed_transfer,41,36
"Hi, I'm buying my son Bertie a starter home in London.  I'm just trying to send the 5% deposit over to the agent. It's only £200,000 but seems to be throwing an error.  What is going on?  If I wait any longer the house prices might rise, can you look in to it please?",failed_transfer,267,36
I'm trying to make a bank transfer but It's not going through. Could there not be enough funds to transfer or something? Have I done it too many times?,failed_transfer,151,36
I need to know what is going on. I'm attempting to purchase a flat and need the money to pay on my initial mortgage payment. I'm only getting an error. Can you find out what's going on and help in making the transfer?,failed_transfer,217,36
Can you please explain why my transfer failed?,failed_transfer,46,36
I think youre system may be broken because I have tried transfer money 5x and it isnt working!  I'm not doing anything complicated it is what I usually do.,failed_transfer,155,36
I am trying to transfer money and something is going wrong.,failed_transfer,59,36
I am unsuccessfully trying to make a transfer can you help?,failed_transfer,59,36
"I can't transfer any money from my account to my friend's account, it keeps rejecting it. Can you tell me why? I have enough funds in my account to transfer.",failed_transfer,157,36
Why did the bank reject my transfer?,failed_transfer,36,36
"I tried and tried, but I could not complete my transfer. Tell me what is wrong.",failed_transfer,79,36
I'm getting an error when trying to make a payment. I want to purchase a flat but my mortgage payment needs to go through. Can you help me?,failed_transfer,139,36
The transger I tried to make failed.,failed_transfer,36,36
"When I tried to transfer funds to my friend today I was unable to do so, why?",failed_transfer,77,36
"I've tried to send money to my friends and I keep getting rejected. Can you please tell me why, I don't understand.",failed_transfer,115,36
why do i have a failed transfer,failed_transfer,31,36
I've tried completing a very standard transfer and have already attempted it 5 times. What's going on here? Is there a problem with your system?,failed_transfer,144,36
"When I attempted to make a transfer, it failed.",failed_transfer,47,36
Why can't my transfer complete?,failed_transfer,31,36
Why can't I complete the transfer?,failed_transfer,34,36
I want to transfer money. How do I do that for my account?,transfer_into_account,58,65
How do I transfer money into my account?,transfer_into_account,40,65
How can I link my bank to my top up account?,transfer_into_account,44,65
I have an account that is empty of funds. Can I transfer some from another bank?,transfer_into_account,80,65
HOW DO I TRANSFER MONEY FROM MY BANK ACCOUNT?,transfer_into_account,45,65
Whats the transfer process,transfer_into_account,26,65
How can you assist me on topping up on bank transfers to my account?,transfer_into_account,68,65
Can I add money to my account via bank transfer?,transfer_into_account,48,65
I want to op up my account by using bank transfer. How do I go about it?,transfer_into_account,72,65
I have questions about how to transfer money to my account.,transfer_into_account,59,65
I need to add money to my account. Can I do so via bank transfer?,transfer_into_account,65,65
Can I use my bank account to send me more money?,transfer_into_account,48,65
I can't figure out how to transfer money into my account.,transfer_into_account,57,65
Can you please explain how to transfer money using the bank transfer process?,transfer_into_account,77,65
How simple is it to transfer money into my account?,transfer_into_account,51,65
How can my account have money transferred into it?,transfer_into_account,50,65
"I am in desperate need to transfer funds from another account that i have into this one, how do i do that?",transfer_into_account,106,65
How do I use bank transfer to top up my account?,transfer_into_account,48,65
How do I top up?,transfer_into_account,16,65
Why can I not transfer money into my account?,transfer_into_account,45,65
How can I move money from an account at another bank to this one?,transfer_into_account,65,65
What process should I use to transfer money into my account?,transfer_into_account,60,65
"I want to transfer money into my account, what do I do?",transfer_into_account,55,65
I need to deposit money to my account,transfer_into_account,37,65
Can you transfer money to your card by bank transfer?,transfer_into_account,53,65
What do you do to transfer money to my account?,transfer_into_account,47,65
How can I move money from my account at a different bank to the account I have at this bank.,transfer_into_account,92,65
Please provide details on how to top up my account using transfer option,transfer_into_account,72,65
Where can I find out how to transfer money into my account.,transfer_into_account,59,65
How does it work when I transfer money into my account?,transfer_into_account,55,65
I need assistance with transferring funds to another account.,transfer_into_account,61,65
How can I add money to my account from another account I have?,transfer_into_account,62,65
I have money in a foreign account that I want to send to this account.,transfer_into_account,70,65
How can I transfer money into my account?,transfer_into_account,41,65
I need to move money from another bank to this account.,transfer_into_account,55,65
I need to transfer money into this account from my other bank account.,transfer_into_account,70,65
How do I go forth with bank transfers for top up accounts?,transfer_into_account,58,65
"I have an account at another bank, but I want to transfer some of the money to my account here.
.",transfer_into_account,97,65
"I want to do a bank transfer to this bank, from an account at another bank.",transfer_into_account,75,65
What are my bank details so I can do a transfer?,transfer_into_account,48,65
How would I use a bank transfer for topping my account?,transfer_into_account,55,65
I would like to know how to transfer money into my account.,transfer_into_account,59,65
My account is devoid of funds. Am I permitted to submit additional money via bank transfer?,transfer_into_account,91,65
How does a bank transfer for topping my account work?,transfer_into_account,53,65
I'd like to know how transferring my money into my account works.,transfer_into_account,65,65
How is my money transferred to the account,transfer_into_account,42,65
How do I top up my account with a bank transfer?,transfer_into_account,48,65
I need to transfer money to my account from another bank,transfer_into_account,56,65
I would like to transfer money into my account.,transfer_into_account,47,65
I would like to transfer money from my checking account to my savings account.,transfer_into_account,78,65
I want to transfer money into my account,transfer_into_account,40,65
What transfer methods do you accept?,transfer_into_account,36,65
"I need to transfer money into my account, and I don't know how to do that.",transfer_into_account,74,65
"I need to transfer money into my account, HOW?",transfer_into_account,46,65
Can I transfer money to my card via bank-transfer?,transfer_into_account,50,65
How can I transfer some money into a foreign account?,transfer_into_account,53,65
I need to know the process to transfer money into my account.,transfer_into_account,61,65
Can I add money to top up my account via a bank transfer?,transfer_into_account,57,65
What currencies can I use to top up my account?,transfer_into_account,47,65
How do I top up my account using transfer?,transfer_into_account,42,65
Account topping up bank transfers to my account assistance please?,transfer_into_account,66,65
I want to take some funds from my other bank account and add them to this one.,transfer_into_account,78,65
I need more money in my account. Can I add more by transferring?,transfer_into_account,64,65
How do I go about transferring money into my bank account?,transfer_into_account,58,65
How do I go forth on transferring a sum of money from one account to another?,transfer_into_account,77,65
How do I initiated a bank transfer to top up?,transfer_into_account,45,65
How can I transfer money between accounts?,transfer_into_account,42,65
Whats the process of tranfering money into an account?,transfer_into_account,54,65
"I would like to top up my account with a bank transfer, is that allowed?",transfer_into_account,72,65
How can I deposit money to my account?,transfer_into_account,38,65
I have zero dollars in my account. Can I submit additional funds via bank transfer?,transfer_into_account,83,65
What are the steps for  making a transfer for topping up?,transfer_into_account,57,65
"For my account, how do I transfer money in?",transfer_into_account,43,65
How do I transfer money between two of my accounts?,transfer_into_account,51,65
What is the procedure to transfer money to my account?,transfer_into_account,54,65
Is a bank transfer acceptable for topping up my account?,transfer_into_account,56,65
I have no more money in my account.  Is there a way to do a bank transfer to put money into my account?,transfer_into_account,103,65
I need to transfer funds from my other bank account into this bank account.,transfer_into_account,75,65
I want to transfer a sum of money from another bank account I have into this one,transfer_into_account,80,65
Can I transfer money to my account with the app?,transfer_into_account,48,65
Can you tell me how transferring money into my account works?,transfer_into_account,61,65
Help! My account doesn't show any funds. Is transferring funds an option I can use?,transfer_into_account,83,65
How do I transfer cash my into my account?,transfer_into_account,42,65
How can I top up my account by bank transfer?,transfer_into_account,45,65
I was wondering about transferring money into my account and how it works.  Can you tell me about that?,transfer_into_account,103,65
My money is all gone. What ways are okay to add money to my account?,transfer_into_account,68,65
I need to move money from one of my other accounts to this one.,transfer_into_account,63,65
What is the process for transferring money into my account?,transfer_into_account,59,65
Tell me how to top up my account using bank transfer.,transfer_into_account,53,65
Can I top-up my card using a bank transfer.,transfer_into_account,43,65
Can I use a bank transfer to add money to my account?,transfer_into_account,53,65
"I want to top up by transfering accounts, What do I do?",transfer_into_account,55,65
show me how to transfer to my account,transfer_into_account,37,65
How does your app transfer the money,transfer_into_account,36,65
How do I deposit through bank transfer?,transfer_into_account,39,65
My account is depleted. Can I transfer funds from another bank?,transfer_into_account,63,65
Can you please explain the topping up transfer process?,transfer_into_account,55,65
What can I expect if I use bank transfer to top up my account?,transfer_into_account,62,65
I want to transfer some money from my other bank account into this one.,transfer_into_account,71,65
I want to transfer money from another account into this one.,transfer_into_account,60,65
I would like to move money from one account to another to top off my account. Can you explain how I can do that?,transfer_into_account,112,65
Can I withdraw money from another bank and transfer it into my empty account?,transfer_into_account,77,65
How can I go about transferring money to my account?,transfer_into_account,52,65
How can I transfer money to this account from another bank?,transfer_into_account,59,65
can i transfer money i the app,transfer_into_account,30,65
How do I transfer money from one bank account to another?,transfer_into_account,57,65
What steps are taken to transfer money into my account?,transfer_into_account,55,65
I am out of money in my account and I was wondering if I could do a bank transfer is put more in it?,transfer_into_account,100,65
Can you please explain how bank transfers work?,transfer_into_account,47,65
Can you help me transfer funds from another bank account to this account?,transfer_into_account,73,65
I am looking to transfer some money from my other bank account into this one.,transfer_into_account,77,65
where do i go to transfer money from one account to this one,transfer_into_account,60,65
I need money put into this account from another one.,transfer_into_account,52,65
Do you know how I can verify that I did a top-up to my card?,verify_top_up,60,71
where is the code for verifying the top up card?,verify_top_up,48,71
The top-up card is verified how?,verify_top_up,32,71
Tell me about verifying top-up,verify_top_up,30,71
What is the verification code for my top up card?,verify_top_up,49,71
Explain to me how to verify the top-up card.,verify_top_up,44,71
How can I verify my top-up card?,verify_top_up,32,71
Can you show me how to verify the top-up card?,verify_top_up,46,71
Can you explain to me the way to verify my top up has gone through?,verify_top_up,67,71
I can't find the top-up card verification code.,verify_top_up,47,71
I would like to receive instructions showing the verification process for top up cards..,verify_top_up,88,71
Where is the top-up verification code located?,verify_top_up,46,71
For what reason must I authenticate the top up?,verify_top_up,47,71
what's my top-up verification code?,verify_top_up,35,71
Why do the top-ups need to be verified?,verify_top_up,39,71
Does the top-up need verified?,verify_top_up,30,71
I am having trouble finding the top-up card verification code.,verify_top_up,62,71
Why do you ask for top-up verification?,verify_top_up,39,71
Where can I find the top up verification code?,verify_top_up,46,71
How is top-up verified?,verify_top_up,23,71
Do I need to verify my top-up card?,verify_top_up,35,71
How do i verify my card?,verify_top_up,24,71
What is the point of verifying a top up?,verify_top_up,40,71
How do I verify my top up?,verify_top_up,26,71
How do I find the top-up verification code?,verify_top_up,43,71
Why does top-up need to be verified?,verify_top_up,36,71
why do i have to verify top up?,verify_top_up,31,71
"I'm trying to verify my top-up card, but I can't find the code...?",verify_top_up,66,71
How can I verify the top-up card?,verify_top_up,33,71
how do I find the code to verify the top up card?,verify_top_up,49,71
I need to find the top up verification code,verify_top_up,43,71
Please help me find my top-up verification code,verify_top_up,47,71
Where can I find the verification code for the card top-up?,verify_top_up,59,71
Do I need to verify my top-up?,verify_top_up,30,71
Why do we need to verify a top-up card?,verify_top_up,39,71
I have a top up card. Where is the verification code?,verify_top_up,53,71
How do I find the code needed in order to verify my top-up card?,verify_top_up,64,71
How do i find my top-up card's verification code?,verify_top_up,49,71
How do I verify the top-up?,verify_top_up,27,71
How many digits identify the top-up verification code?,verify_top_up,54,71
What is the significance of verifying the top-up?,verify_top_up,49,71
Why do we need to verify top-up?,verify_top_up,32,71
Please verify my top-up card,verify_top_up,28,71
Is there a reason why top-up needs verifying?,verify_top_up,45,71
I don't know where the top-up verification code is.,verify_top_up,51,71
Verifying the top-up seems like a hassle.,verify_top_up,41,71
I can't see a verification code anywhere,verify_top_up,40,71
Verify top-up card help?,verify_top_up,24,71
What do I do to verify a top-up?,verify_top_up,32,71
Is there a way to verify a card top-up?,verify_top_up,39,71
How to verify top up card?,verify_top_up,26,71
Why are top-ups being verified?,verify_top_up,31,71
why verify the top up? it doesnt make sense,verify_top_up,43,71
The top-up verification code is not visible.,verify_top_up,44,71
"I just tried to top-up and now I'm getting an additional verification message, why?",verify_top_up,83,71
Where do I find my code to verify my top-up card?,verify_top_up,49,71
Why verify the top-ups?,verify_top_up,23,71
can you tell me where to find the top-up verification code?,verify_top_up,59,71
How do I verify the top-up card?,verify_top_up,32,71
Help me verify the card used on a top-up.,verify_top_up,41,71
"On a card top-up, where can I verify?",verify_top_up,37,71
"I'm trying to verify my top up card, how do I do that?",verify_top_up,54,71
What is the verification process used for?,verify_top_up,42,71
Where is my top-up verification code?,verify_top_up,37,71
Where can i find my top-up verification code?,verify_top_up,45,71
Where is the top-up verification code?,verify_top_up,38,71
I don't see a code anywhere on my top-up card? Where can I find it? I need to verify!,verify_top_up,85,71
Why do i have to verify my top-up card?,verify_top_up,39,71
Do I have to verify the top-up?,verify_top_up,31,71
Why do I need to verify the top-up?,verify_top_up,35,71
Where can I find the verification code for the top up card?,verify_top_up,59,71
I can't see a top-up top-up verification code.,verify_top_up,46,71
I don't see the verification code for my card transfer.,verify_top_up,55,71
Why does top-up require verification?,verify_top_up,37,71
is there a reason i need to verify top up,verify_top_up,41,71
Is the verification number on the top up card,verify_top_up,45,71
What  is the verification process for a top up card?,verify_top_up,52,71
Where is the top-up card verification code?,verify_top_up,43,71
How do I verify the top up?,verify_top_up,27,71
I am looking for my top-up verification code and cannot find it.,verify_top_up,64,71
How do i authenticate a top-up card?,verify_top_up,36,71
Do I need to verify the top-up?,verify_top_up,31,71
What's the deal with verifying the top-up?,verify_top_up,42,71
Can you tell me where to find my top-up verification code?,verify_top_up,58,71
Where Is the top up verification code found?,verify_top_up,44,71
Please tell me how to verify my top up card.,verify_top_up,44,71
How do i secure a top-up card?,verify_top_up,30,71
What's up with verifying top-ups?,verify_top_up,33,71
Why do I need to verify a top-up?,verify_top_up,33,71
Can I verify my top-up card?,verify_top_up,28,71
Why is it necessary to verify the top up?,verify_top_up,41,71
Why should I verify the top-up?,verify_top_up,31,71
this verifying the top up is annoying,verify_top_up,37,71
Why do we need to verify top-ups?,verify_top_up,33,71
How are top-ups verified?,verify_top_up,25,71
Tell me how I can verify a card top-up.,verify_top_up,39,71
Do i need to verify my top up?,verify_top_up,30,71
My top up card needs verification and I don't know how to do it,verify_top_up,63,71
Where's my top up code?,verify_top_up,23,71
Where do I find the verification code for the card I'm topping up?,verify_top_up,66,71
Where can I find the verification code for a top-up?,verify_top_up,52,71
Where do i verify a top-up card?,verify_top_up,32,71
What is the top up code for?,verify_top_up,28,71
why do you verify the top up,verify_top_up,28,71
Tell me why I need top-up to be verified?,verify_top_up,41,71
"I just want to top-up, why do I need to verify anything?",verify_top_up,56,71
Verifying top-up cards necessary?,verify_top_up,33,71
Where is the top-up verification code sent?,verify_top_up,43,71
What's a verification code?,verify_top_up,27,71
Tell me how to verify a top up.,verify_top_up,31,71
Where is the verification code display?,verify_top_up,39,71
What can I do to verify my card?,verify_top_up,32,71
Why is top-up verified?,verify_top_up,23,71
Why do I need top-up to be verified?,verify_top_up,36,71
How do I authenticate my top-up?,verify_top_up,32,71
What is the verification process for my card?,verify_top_up,45,71
i don't see the top-up verification code anywhere,verify_top_up,49,71
I'm being asked for a verification code. Where do I find it?,verify_top_up,60,71
Why does a top- up need to be verify?,verify_top_up,37,71
Help my find the verification code on a top-up.,verify_top_up,47,71
How can I verify my top up?,verify_top_up,27,71
I need help finding the verification code on the top up card.,verify_top_up,61,71
What does top-up verification do?,verify_top_up,33,71
I CAN NOT FIND THE TOP-UP VERIFICATION CODE.,verify_top_up,44,71
How do I go about verifying the top-up card?,verify_top_up,44,71
why do i need to verify the top up?,verify_top_up,35,71
Are extra charges added for sending out additional cards?,getting_spare_card,57,40
I'd like to order an additional card,getting_spare_card,36,40
I want some extra physical cards.,getting_spare_card,33,40
"I would like open a second card for my daughter, how can you assist me?",getting_spare_card,71,40
Am I gonna be charged for sending out more cards?,getting_spare_card,49,40
Would I have to pay anything if I need an additional card?,getting_spare_card,58,40
Is it possible to get a second card for my daughter?,getting_spare_card,52,40
Can I get a few more physical cards?,getting_spare_card,36,40
What's the limit on total number of cards I can have?,getting_spare_card,53,40
Is there a charge for sending out more cards?,getting_spare_card,45,40
How much does it cost to get more cards?,getting_spare_card,40,40
How can I create another card linked to this account?,getting_spare_card,53,40
May I order another card?,getting_spare_card,25,40
Can I order another card?,getting_spare_card,25,40
Can I order a second card?,getting_spare_card,26,40
Can I have more physical cards?,getting_spare_card,31,40
How many physical cards am I allowed to have?,getting_spare_card,45,40
I want to get few more physical cards,getting_spare_card,37,40
Please tell me if I'm going to be charged for sending out more cards?,getting_spare_card,69,40
Can I get more cards just incase?,getting_spare_card,33,40
Would I be able to get a second card?,getting_spare_card,37,40
Do you charge for sending out more cards?,getting_spare_card,41,40
I need a second card on this account for my daughter.,getting_spare_card,53,40
How can I get another card?,getting_spare_card,27,40
Can I have a third card?,getting_spare_card,24,40
I have left my card at my parents house. Can you send me a spare one please to use in the meantime?,getting_spare_card,99,40
I'd like to provide my daughter with a card - could I get an additional card from my account to give her?,getting_spare_card,105,40
What is the price for an additional card?,getting_spare_card,41,40
Can I get a second card for free?,getting_spare_card,33,40
Will I be charged if I add more cards to the account?,getting_spare_card,53,40
How many cards am I allowed?,getting_spare_card,28,40
"Can my daughter also have a card issued in her name, but linked to my account?",getting_spare_card,78,40
I'd like to order another card,getting_spare_card,30,40
Can I have a supplementary card?,getting_spare_card,32,40
"I lost my card and need a new one, will it cost me?",getting_spare_card,51,40
My daughter need a card from this account. Is that possible?,getting_spare_card,60,40
My daughter would like a card from my account?  Can I do this?,getting_spare_card,62,40
Are there any fees to get additional cards?,getting_spare_card,43,40
Can you send me more cards for my account?,getting_spare_card,42,40
"I would like some more physical cards, what is my limit?",getting_spare_card,56,40
Can I have a duplicate second card?,getting_spare_card,35,40
"I want to give a second card for this account to my daughter, would this be possible?",getting_spare_card,85,40
What is the procedure for me to get more cards on my account?,getting_spare_card,61,40
Am I permitted to have a spare card?,getting_spare_card,36,40
I was wondering if I could get a second card on this account? I would like my daughter to have one.,getting_spare_card,99,40
Do I have to pay for a second card?,getting_spare_card,35,40
I would like to purchase another card.,getting_spare_card,38,40
Is it possible to order another card?,getting_spare_card,37,40
I'd like to have extra cards. Will I have to pay for that?,getting_spare_card,58,40
How do I get a spare card?,getting_spare_card,26,40
How do i request more physical cards?,getting_spare_card,37,40
What steps do I need to get another card?,getting_spare_card,41,40
I would like more physical cards,getting_spare_card,32,40
Is there a charge for getting more cards?,getting_spare_card,41,40
Can I have a second card issued to another family member?,getting_spare_card,57,40
How do I obtain a second card?,getting_spare_card,30,40
How much is it to buy another card? I was hoping to buy another one.,getting_spare_card,68,40
Where do I order additional cards?,getting_spare_card,34,40
How much would an extra card cost?,getting_spare_card,34,40
I would like an extra card.,getting_spare_card,27,40
Do you send duplicate cards?,getting_spare_card,28,40
I would like to use one of my cards for a family member. Is that allowed?,getting_spare_card,73,40
Can another family member hold a card for this account in addition to mine?,getting_spare_card,75,40
I need another card,getting_spare_card,19,40
"If I need an additional card, is there a fee for that?",getting_spare_card,54,40
I want a new card,getting_spare_card,17,40
Will I get charged for sending out more cards?,getting_spare_card,46,40
How many different cards can I have for my account?,getting_spare_card,51,40
I need more physical cards.,getting_spare_card,27,40
Am I allowed to carry an additional card?,getting_spare_card,41,40
Does it cost extra to send out more than one card?,getting_spare_card,50,40
How do I get extra physical cards?,getting_spare_card,34,40
Can I get spare cards?,getting_spare_card,22,40
Is it possible to get another card?,getting_spare_card,35,40
I need more physical cards than I have right now!,getting_spare_card,49,40
Is a new debit card free?,getting_spare_card,25,40
How many cards can I have?,getting_spare_card,26,40
"If I want to send out more cards, do you charge extra for that?",getting_spare_card,63,40
Do you charge extra for duplicate cards?,getting_spare_card,40,40
I would like to get additional physical cards at this time,getting_spare_card,58,40
How do I receive more physical cards,getting_spare_card,36,40
"If I want to be able to give my daughter a card for my account, would I be allowed to get one for her?",getting_spare_card,102,40
Would it be possible for me to get a second card?,getting_spare_card,49,40
"I am interested in giving a second card to my daughter, how can I make this happen?",getting_spare_card,83,40
Is it possible for me to give my daughter a second card for this account?,getting_spare_card,73,40
"daughter needs card, how do i add her",getting_spare_card,37,40
Is there any way to get another card on the same account?,getting_spare_card,57,40
If I need more than cards will I have to pay a fee to receive them?,getting_spare_card,67,40
I need a new card.,getting_spare_card,18,40
I'd like to get another card,getting_spare_card,28,40
"If I get another card, what kind of fees am I looking at?",getting_spare_card,57,40
Will there be a charge for sending out more cards?,getting_spare_card,50,40
I would like to get a few more physical cards.,getting_spare_card,46,40
How many active cards can I have?,getting_spare_card,33,40
How much does it cost for additional cards?,getting_spare_card,43,40
What should I do if I want to get another card for someone in my family?,getting_spare_card,72,40
How do I order another card?,getting_spare_card,28,40
I'm looking to get an additional card.,getting_spare_card,38,40
Can I get another card?,getting_spare_card,23,40
I would like to get some extra cards?,getting_spare_card,37,40
Is it free to send out more cards?,getting_spare_card,34,40
Is it possible to purchase more physical cards with my account?,getting_spare_card,63,40
Is there a fee for sending out more cards?,getting_spare_card,42,40
How much is it to send out additional cards?,getting_spare_card,44,40
Will it cost me to get a second card?,getting_spare_card,37,40
How do I get another card,getting_spare_card,25,40
Is there a fee for sending additional cards?,getting_spare_card,44,40
Is it possible to have a second card?,getting_spare_card,37,40
I would like a second card.,getting_spare_card,27,40
What is the charge for sending out more cards?,getting_spare_card,46,40
"I would like to give another card to my daughter, how can I proceed?",getting_spare_card,68,40
What's the process to receive a second card?,getting_spare_card,44,40
how is it possible to add another card to account,getting_spare_card,49,40
How do I go about ordering another card?,getting_spare_card,40,40
How do I get extra cards?,getting_spare_card,25,40
Do you send more than one card?,getting_spare_card,31,40
Are extra cards free?,getting_spare_card,21,40
Do you charge for sending more cards?,getting_spare_card,37,40
Can I have another card in addition to my first one?,getting_spare_card,52,40
"I need a second card, can I have more than one?",getting_spare_card,47,40
I want a backup second card. Is this possible?,getting_spare_card,46,40
Physical cards are what I need more of,getting_spare_card,38,40
Can I have a spare card for this account please?,getting_spare_card,48,40
I need two cards. Is this possible?,getting_spare_card,35,40
Can I have more than one card?,getting_spare_card,30,40
I need another card for a member of my family. Is this possible? How soon can I get one?,getting_spare_card,88,40
Is there any way I can get more physical cards to use with my account?,getting_spare_card,70,40
Can I give a second card for this account to my daughter?,getting_spare_card,57,40
Is it possible to give a second card from my account to my daughter?,getting_spare_card,68,40
"Help me please, I need to top up cash.",top_up_by_cash_or_cheque,38,58
Do you have any options to top up with a cheque on my account?,top_up_by_cash_or_cheque,62,58
Is there somewhere I can send a check to add to my account?,top_up_by_cash_or_cheque,59,58
Will a cheque suffice?,top_up_by_cash_or_cheque,22,58
I can't find any option to top up with a cheque?,top_up_by_cash_or_cheque,48,58
How do I top up with a cheque?,top_up_by_cash_or_cheque,30,58
Can I use a check to get gas?,top_up_by_cash_or_cheque,29,58
Can I deposit a check?,top_up_by_cash_or_cheque,22,58
where can i deposit a check,top_up_by_cash_or_cheque,27,58
How can I put more money into my account?,top_up_by_cash_or_cheque,41,58
Is there anyway to use a cheque to top up?,top_up_by_cash_or_cheque,42,58
How do I top up with cash?,top_up_by_cash_or_cheque,26,58
Can I add money to my account with cash?,top_up_by_cash_or_cheque,40,58
I want to top up by cheque,top_up_by_cash_or_cheque,26,58
Can I top up using cash?,top_up_by_cash_or_cheque,24,58
Can I mail in a check to top up?,top_up_by_cash_or_cheque,32,58
How do I use a cheque to top up?,top_up_by_cash_or_cheque,32,58
Where's the button to top up with a cheque?,top_up_by_cash_or_cheque,43,58
I can't find how to top up my account with a check.  Where is that?,top_up_by_cash_or_cheque,67,58
Do you take checks?,top_up_by_cash_or_cheque,19,58
Is there such thing as top up by cheque?,top_up_by_cash_or_cheque,40,58
I got a cheque that I want to top up with?,top_up_by_cash_or_cheque,42,58
What is not accepted in order for me to top up my account?,top_up_by_cash_or_cheque,58,58
Can I only top-up digitally? Or could I use cash?,top_up_by_cash_or_cheque,49,58
I want to top up my account with a cheque,top_up_by_cash_or_cheque,41,58
How can I add physical money to my card?,top_up_by_cash_or_cheque,40,58
I need to top up using a cheque,top_up_by_cash_or_cheque,31,58
Can I top up with cash,top_up_by_cash_or_cheque,22,58
How do I top up by cheque?,top_up_by_cash_or_cheque,26,58
I want to do a cash deposit to top up. How do I do this?,top_up_by_cash_or_cheque,56,58
Who do I make a check out to if I want to top off my account?,top_up_by_cash_or_cheque,61,58
What types of top-up methods do you accept?,top_up_by_cash_or_cheque,43,58
How can I top up with a cheque?,top_up_by_cash_or_cheque,31,58
can i top up with check?,top_up_by_cash_or_cheque,24,58
Can I cash deposit to top up my account,top_up_by_cash_or_cheque,39,58
What apps can I use to top up my account?,top_up_by_cash_or_cheque,41,58
How dp i top up with a cheque ?,top_up_by_cash_or_cheque,31,58
I would like to use this cheque to top up.  Can you tell me how to do that?,top_up_by_cash_or_cheque,75,58
What are the steps for depositing cash into my account?,top_up_by_cash_or_cheque,55,58
Can I top-up by cheque?,top_up_by_cash_or_cheque,23,58
Can I use a cheque to top up my account,top_up_by_cash_or_cheque,39,58
I'm trying to use a cheque to top up,top_up_by_cash_or_cheque,36,58
How do you top up with a cheque?,top_up_by_cash_or_cheque,32,58
"I need a hand here, I need to top up cash.",top_up_by_cash_or_cheque,42,58
where do I go to top up with cash?,top_up_by_cash_or_cheque,34,58
Will I be able to top up by cheque?,top_up_by_cash_or_cheque,35,58
Can I top up using my cheque?,top_up_by_cash_or_cheque,29,58
Why can't I top up by cheque?,top_up_by_cash_or_cheque,29,58
Where do I find how to top off with a check?,top_up_by_cash_or_cheque,44,58
Can I write a cheque to top up?,top_up_by_cash_or_cheque,31,58
Can cash be used in physical locations to top up?,top_up_by_cash_or_cheque,49,58
Is topping up with cash allowed?,top_up_by_cash_or_cheque,32,58
What are my payment options for topping off my account?,top_up_by_cash_or_cheque,55,58
I wish to top up using a cheque.,top_up_by_cash_or_cheque,32,58
Where do I look for cash top up?,top_up_by_cash_or_cheque,32,58
Where can I find top up by cash deposit?,top_up_by_cash_or_cheque,40,58
how do i find top up for cash deposit,top_up_by_cash_or_cheque,37,58
How do I deposit cash?,top_up_by_cash_or_cheque,22,58
i would like to top up with check,top_up_by_cash_or_cheque,33,58
can i deposit a check here?,top_up_by_cash_or_cheque,27,58
Is it possible for me to top up with cash?,top_up_by_cash_or_cheque,42,58
I would like to use cash to make a top-up?,top_up_by_cash_or_cheque,42,58
I wish to be able to top up with cash.,top_up_by_cash_or_cheque,38,58
Where do I top up?,top_up_by_cash_or_cheque,18,58
Do you accept cheques for top-up?,top_up_by_cash_or_cheque,33,58
How do I use a check to top up?,top_up_by_cash_or_cheque,31,58
Is it possible to top up using a cheque?,top_up_by_cash_or_cheque,40,58
Where is the option to top up with a cheque?,top_up_by_cash_or_cheque,44,58
What is the procedure for topping up with a cheque?,top_up_by_cash_or_cheque,51,58
Can I use check to deposit?,top_up_by_cash_or_cheque,27,58
Where can I deposit cash to top up?,top_up_by_cash_or_cheque,35,58
Is there an option to top up with a cheque?,top_up_by_cash_or_cheque,43,58
"Help, I need to top up my account. Where do I send a check?",top_up_by_cash_or_cheque,59,58
I'll send a check to top up my account,top_up_by_cash_or_cheque,38,58
Is it possible for me to top up with a cheque?,top_up_by_cash_or_cheque,46,58
If I need to top up with cash where should I look?,top_up_by_cash_or_cheque,50,58
I want to deposit my check to top up my account,top_up_by_cash_or_cheque,47,58
What physical locations can I use cash to top up?,top_up_by_cash_or_cheque,49,58
Can you tell me where to find top up by cash deposit?,top_up_by_cash_or_cheque,53,58
How do I use cash to top up my account?,top_up_by_cash_or_cheque,39,58
How do I top-up my card with a cheque?,top_up_by_cash_or_cheque,38,58
Am I able to top up with this cheque I received?,top_up_by_cash_or_cheque,48,58
I would like to pay by cheque.,top_up_by_cash_or_cheque,30,58
I want to use a cheque to pay.,top_up_by_cash_or_cheque,30,58
Can I purchase with cash or cheque?,top_up_by_cash_or_cheque,35,58
Where would I find top up by cash deposit?,top_up_by_cash_or_cheque,42,58
Can I add to my account using a cheque?,top_up_by_cash_or_cheque,39,58
Is there a way to use a cheque to top up my account?,top_up_by_cash_or_cheque,52,58
how do i get top up with cash deposit,top_up_by_cash_or_cheque,37,58
Do you accept cash?,top_up_by_cash_or_cheque,19,58
May I transfer a cheque into my account?,top_up_by_cash_or_cheque,40,58
Can I use a check to top up?,top_up_by_cash_or_cheque,28,58
No option to top up with a cheque ?,top_up_by_cash_or_cheque,35,58
How can I fill up my gas tank using a check?,top_up_by_cash_or_cheque,44,58
how can i add money to my account if you don't accept cash,top_up_by_cash_or_cheque,58,58
I want to use cash to top up.,top_up_by_cash_or_cheque,29,58
What form of payments can I use for topping up?,top_up_by_cash_or_cheque,47,58
i have been trying to top up my account with a check but it won't work,top_up_by_cash_or_cheque,70,58
How do I add cash to my account?,top_up_by_cash_or_cheque,32,58
Are cheques accepted for a top up?,top_up_by_cash_or_cheque,34,58
can i use check to top up,top_up_by_cash_or_cheque,25,58
How do you top-up using cash?,top_up_by_cash_or_cheque,29,58
Can I top up my balance with a cheque?,top_up_by_cash_or_cheque,38,58
I tried to deposit a cheque into my account and it is not letting me.,top_up_by_cash_or_cheque,69,58
Can I top up online?,top_up_by_cash_or_cheque,20,58
What's the best way to use a cheque to top up?,top_up_by_cash_or_cheque,46,58
How would I top up with a cheque?,top_up_by_cash_or_cheque,33,58
What is your check-cashing policy?,top_up_by_cash_or_cheque,34,58
Can I use cash to top up,top_up_by_cash_or_cheque,24,58
I can't find out how to top-up my account using cash.,top_up_by_cash_or_cheque,53,58
How long before a check I send clears?,top_up_by_cash_or_cheque,38,58
How can I top up my account with a cheque?,top_up_by_cash_or_cheque,42,58
Can I top up my account with a check?,top_up_by_cash_or_cheque,37,58
Do you accept cheques for top ups?,top_up_by_cash_or_cheque,34,58
How much does it cost for a physical card?,order_physical_card,42,44
Where can the cards be delivered?,order_physical_card,33,44
What do i do to get a physical card?,order_physical_card,36,44
Can I request a card?,order_physical_card,21,44
Do I have to pay for a physical card?,order_physical_card,37,44
"I need an actual card that I can hold in my hand, how do I do that?",order_physical_card,67,44
what steps do i do to get a real card,order_physical_card,37,44
Can you tell me exactly what fees I will expect to see in regards to your cards?,order_physical_card,80,44
What do I do to get ahold of my own card?,order_physical_card,41,44
Are cards delivered to my location?,order_physical_card,35,44
Is it possible to get a physical card?,order_physical_card,38,44
I would like to request a card.,order_physical_card,31,44
I need to order a new card.,order_physical_card,27,44
Can you send me the actual card?,order_physical_card,32,44
"I would like to get a physical card, but I don't know how. Can you help me?",order_physical_card,75,44
how do i get a new card,order_physical_card,23,44
Where do you need to live to receive card,order_physical_card,41,44
How do I get a real card?,order_physical_card,25,44
How do I go about getting an actual card?,order_physical_card,41,44
Please tell me how I can receive a physical card,order_physical_card,48,44
I would like a physical card,order_physical_card,28,44
Where are your cards delivered to?,order_physical_card,34,44
Can I order a card please?,order_physical_card,26,44
tell me how I can order my card.,order_physical_card,32,44
Does it cost anyting to get my own card?,order_physical_card,40,44
Is a physical card also available,order_physical_card,33,44
Do physical cards cost money?,order_physical_card,29,44
Are physical card available?,order_physical_card,28,44
I want to request a physical card,order_physical_card,33,44
Is there a charge for a physical card?,order_physical_card,38,44
Do you ship your cards anywhere?,order_physical_card,32,44
I want a real card,order_physical_card,18,44
Where do you deliver cards to?,order_physical_card,30,44
Where are the cards delivered to,order_physical_card,32,44
What do I owe for a new card?,order_physical_card,29,44
Is it possible to order a card?,order_physical_card,31,44
What areas are cards delivered to?,order_physical_card,34,44
Where can I order a card?,order_physical_card,25,44
Is there a fee to get an actual card?,order_physical_card,37,44
do i need to add money before i order a card,order_physical_card,44,44
What does the bank charge for lost or stolen card replacements?,order_physical_card,63,44
Is there a fee for physical cards?,order_physical_card,34,44
How can receive a physical card,order_physical_card,31,44
Can I have a tangible form of my virtual card.,order_physical_card,46,44
Where will I get my card?,order_physical_card,25,44
Help me order my card.,order_physical_card,22,44
Where do I go to order my card?,order_physical_card,31,44
"Can I get a physical card for free, or is there a charge?",order_physical_card,57,44
How do I get my card?,order_physical_card,21,44
Is a physical charge extra,order_physical_card,26,44
Where do your cards get delivered to?,order_physical_card,37,44
Do I receive the physical card for free,order_physical_card,39,44
I really want a physical card. How do I get one?,order_physical_card,48,44
can i get a physical card online,order_physical_card,32,44
What do I need to do to get a card?,order_physical_card,35,44
I would like a card please.,order_physical_card,27,44
I need to get hold of a physical card?,order_physical_card,38,44
Can I get a new card?,order_physical_card,21,44
Can I get a card in person?,order_physical_card,27,44
How can I order a card?,order_physical_card,23,44
Can I order a card?,order_physical_card,19,44
Where do you export the cards to?,order_physical_card,33,44
Can I receive my card anywhere?,order_physical_card,31,44
how do I ask for a physical card?,order_physical_card,33,44
How to order my card?,order_physical_card,21,44
Where can I get a physical card?,order_physical_card,32,44
How much for an actual card?,order_physical_card,28,44
Can you tell me how do I get a card?,order_physical_card,36,44
How do I actually obtain a card myself?,order_physical_card,39,44
Card delivery services? Where?,order_physical_card,30,44
Can I get an actual card,order_physical_card,24,44
I would like a  physical card sent to me.,order_physical_card,41,44
How can I order my card?,order_physical_card,24,44
Do I get a card to keep in my wallet?,order_physical_card,37,44
How do I order a card?,order_physical_card,22,44
What is the process for getting an actual physical card?,order_physical_card,56,44
What is the price for a physical card?,order_physical_card,38,44
At which locations can I order a card?,order_physical_card,38,44
Is it possible to get a real card?,order_physical_card,34,44
I would really like a physical card.,order_physical_card,36,44
Can I get a physical card,order_physical_card,25,44
Where do we mail the card?,order_physical_card,26,44
How to receive the actual card,order_physical_card,30,44
What is the cost for physical cards?,order_physical_card,36,44
Do I get an actual card?,order_physical_card,24,44
how much does a card cost and why do you charge me,order_physical_card,50,44
How do I order my card?,order_physical_card,23,44
How do I receive a card?,order_physical_card,24,44
Can cards be delivered? Where?,order_physical_card,30,44
Is there a fee to order a physical card?,order_physical_card,40,44
How do I go about ordering a card?,order_physical_card,34,44
"I need to get a card, how do I do that?",order_physical_card,39,44
What do I need to do in order to get a new card?,order_physical_card,48,44
Show me where to order my card.,order_physical_card,31,44
IS there anywhere that a card cannot be delivered?,order_physical_card,50,44
How do i receive a physical card?,order_physical_card,33,44
I need a physical card.  What are the fees?,order_physical_card,43,44
how much for a physical card?,order_physical_card,29,44
Where do I order a card?,order_physical_card,24,44
Where do you mail physical cards?,order_physical_card,33,44
Is payment required to get a card of my own?,order_physical_card,44,44
I still don't have a card. How do I get one?,order_physical_card,44,44
Where do I find our how to get a physical card?,order_physical_card,47,44
What are the places that you deliver cards to?,order_physical_card,46,44
Where are cards available to order?,order_physical_card,35,44
What locations are cards delivered to?,order_physical_card,38,44
How much is a physical card?,order_physical_card,28,44
Do I get a real card?,order_physical_card,21,44
What fees do you charge for the standard card?,order_physical_card,46,44
I want a physical card,order_physical_card,22,44
Will you charge for a physical card?,order_physical_card,36,44
I'm interested in getting a card. How does one go about doing that?,order_physical_card,67,44
How would I go about getting a physical card to use in stores?,order_physical_card,62,44
Will there be a fee to receive a physical card?,order_physical_card,47,44
I would like to have a physical card to carry around and use. How can I get one?,order_physical_card,80,44
What's the procedure for getting a card?,order_physical_card,40,44
Where are the cards transported to?,order_physical_card,35,44
What fees are charged for a physical card?,order_physical_card,42,44
can i order cards on the app,order_physical_card,28,44
Can I revive a physical card.,order_physical_card,29,44
Why isn't my disposable virtual card working?,virtual_card_not_working,45,72
Can I use my virtual card to complete transactions for memberships?,virtual_card_not_working,67,72
Why won't my virtual card work?,virtual_card_not_working,31,72
My virtual card is just not going through.,virtual_card_not_working,42,72
My virtual card isn't working.,virtual_card_not_working,30,72
My disposable virtual card was rejected.,virtual_card_not_working,40,72
My disposable virtual card got rejected,virtual_card_not_working,39,72
Why was my virtual card rejected?,virtual_card_not_working,33,72
My throwaway virtual card won't work,virtual_card_not_working,36,72
My disposable virtual card wouldn't process my payment?,virtual_card_not_working,55,72
The virtual card won't work.,virtual_card_not_working,28,72
Is there a reason why my virtual card won't work?,virtual_card_not_working,49,72
Help me get the virtual card working.,virtual_card_not_working,37,72
I can't seem to get my virtual card to work.,virtual_card_not_working,44,72
My disposable virtual card isn't working.,virtual_card_not_working,41,72
I tried paying with my disposable virtual card earlier but it was rejected. What can I do to fix this?,virtual_card_not_working,102,72
I can't use my virtual disposable card,virtual_card_not_working,38,72
How do I get this damn virtual card to work?,virtual_card_not_working,44,72
I can't get the virtual card to work,virtual_card_not_working,36,72
This disposable virtual card is not working.,virtual_card_not_working,44,72
i cannot get virtual card to work,virtual_card_not_working,33,72
My virtual car is not working.,virtual_card_not_working,30,72
I cannot get my disposable virtual card to work,virtual_card_not_working,47,72
I cannot get my virtual card to function.,virtual_card_not_working,41,72
What is the reason I got rejected for using my disposable virtual card to pay a subscription to the gym?,virtual_card_not_working,104,72
I can't get my virtual card to work at all,virtual_card_not_working,42,72
I can't get my virtual card to work.,virtual_card_not_working,36,72
I can't do any business with this virtual card.,virtual_card_not_working,47,72
"I received my Virtual card information, but was unable to use it to make a purchase. Why did this happen and what can I do?",virtual_card_not_working,123,72
Why can't I make multiple payments with my virtual card?,virtual_card_not_working,56,72
Please help me.  My disposable virtual card won't work right.,virtual_card_not_working,61,72
Can I use my virtual card for recurring monthly payments?,virtual_card_not_working,57,72
virtual card won't work for me,virtual_card_not_working,30,72
My disposable virtual card won't work.,virtual_card_not_working,38,72
I tried to use my disposable virtual card to pay a subscription to the gym and it got rejected. Any ideas why?,virtual_card_not_working,110,72
Why is my disposable card not working?,virtual_card_not_working,38,72
What do I have to do to get the virtual card to work?,virtual_card_not_working,53,72
What do I do if my disposable virtual card doesn't work?,virtual_card_not_working,56,72
I can't make purchases with my virtual card.,virtual_card_not_working,44,72
I have a disposable card but it does not work?,virtual_card_not_working,46,72
My Virtual card was rejected for a car rental. Why?,virtual_card_not_working,51,72
The wrong exchange rate was applied to me while pulling out cash.,wrong_exchange_rate_for_cash_withdrawal,65,76
I got less cash because of the exchange rate.,wrong_exchange_rate_for_cash_withdrawal,45,76
Why is the fee for taking money out so high?  I feel I was overcharged and I would have never used this ATM if I would have known ahead of time.,wrong_exchange_rate_for_cash_withdrawal,144,76
I believe a wrong exchange rate was applied towards a cash transaction I made abroad.,wrong_exchange_rate_for_cash_withdrawal,85,76
"When I got my cash, the amount was not what it should have been, based on the exchange rate.",wrong_exchange_rate_for_cash_withdrawal,92,76
"I tried using a foreign currency at an ATM, but the ATM provided me an incorrect rate. Why is that?",wrong_exchange_rate_for_cash_withdrawal,99,76
"Over the holiday I withdrew cash from the ATM and it seems that I was severely overcharged. Had I known that I would be charged those fees, I would not have used the ATM!",wrong_exchange_rate_for_cash_withdrawal,170,76
I think when I withdrew money when out of country the exchange rate was wrong.,wrong_exchange_rate_for_cash_withdrawal,78,76
Why did my exchange rate change?,wrong_exchange_rate_for_cash_withdrawal,32,76
"Hello, in these holidays i have been overcharged on the amount i have withdrawn on one of your ATMs. I did not had any clue about the horrible charges otherwise i would not have withdrawn.",wrong_exchange_rate_for_cash_withdrawal,188,76
Can I make a withdraw in my home currency at an ATM? I'm on vacation and don't have cash with me. This is cause for a bit of concern. Is it possible to withdraw here without additional fees?,wrong_exchange_rate_for_cash_withdrawal,190,76
"I have made a withdraw from an ATM this last holiday, why is there such a high charge from this transaction?",wrong_exchange_rate_for_cash_withdrawal,108,76
The exchange rate is incorrect for my cash withdrawal transaction.,wrong_exchange_rate_for_cash_withdrawal,66,76
I think the exchange rate for my for my cash withdrawal is wrong,wrong_exchange_rate_for_cash_withdrawal,64,76
"When I got cash, the exchange rate applied was wrong.",wrong_exchange_rate_for_cash_withdrawal,53,76
"While abroad, I got cash, and the exchange rate applied is wrong.",wrong_exchange_rate_for_cash_withdrawal,65,76
I think I was charged a different exchange rate than what was posted at the time.,wrong_exchange_rate_for_cash_withdrawal,81,76
Foreign currency rates were put in wrong at an ATM i used.,wrong_exchange_rate_for_cash_withdrawal,58,76
"I was overcharged at an ATM while on vacation. I needed cash so I had to use it, but your charges are outregous and I wish I would have known beforehand.",wrong_exchange_rate_for_cash_withdrawal,153,76
The exchange rate for my withdrawal was wrong.,wrong_exchange_rate_for_cash_withdrawal,46,76
"Hi, I have withdrawn cash from the ATM on holiday and i guess withdrawal amount has been overcharged. I did it as i was not aware of these charges.",wrong_exchange_rate_for_cash_withdrawal,147,76
I withdrew  money from the ATM and was overcharged.  It said nothing about an extra fee.,wrong_exchange_rate_for_cash_withdrawal,88,76
I think the exchange rate was incorrect.,wrong_exchange_rate_for_cash_withdrawal,40,76
The exchange rate for the money I took out in a foreign country is wrong.,wrong_exchange_rate_for_cash_withdrawal,73,76
When I made a cash transfer abroad the wrong exchange rate was applied,wrong_exchange_rate_for_cash_withdrawal,70,76
what are weekend rates for getting cash,wrong_exchange_rate_for_cash_withdrawal,39,76
I believe I got a wrong exchange rate when I got cash.,wrong_exchange_rate_for_cash_withdrawal,54,76
The exchange rate was messed up from the ATM,wrong_exchange_rate_for_cash_withdrawal,44,76
"Do any of your machines provide cash from my home country? I don't have any money on me and I'm on holiday so I'm concerned. Also, will I be charged anything to do this?",wrong_exchange_rate_for_cash_withdrawal,169,76
"After I got my cash, I found out my exchange rate was wrong.",wrong_exchange_rate_for_cash_withdrawal,60,76
Can you check the exchange rate on a cash transaction I did overseas,wrong_exchange_rate_for_cash_withdrawal,68,76
"I was abroad and needed some cash, but I think the wrong exchange rate was applied to the transaction.",wrong_exchange_rate_for_cash_withdrawal,102,76
Why did you give me so little currency?,wrong_exchange_rate_for_cash_withdrawal,39,76
"I traded some of my money from my native country into an ATM to exchange for foreign currency, and the money I received was a different equating amount!",wrong_exchange_rate_for_cash_withdrawal,152,76
what are the exchange rates for getting cash,wrong_exchange_rate_for_cash_withdrawal,44,76
Someone may have made an error in figuring out the rate of exchange.  I should have received more cash than I did on my most recent withdrawal.,wrong_exchange_rate_for_cash_withdrawal,143,76
Is there extra fees for making a withdraw in a different country at a cash machine.,wrong_exchange_rate_for_cash_withdrawal,83,76
I had trouble with an incorrect rate being applied when using the ATM with foreign currency.,wrong_exchange_rate_for_cash_withdrawal,92,76
I didnt get the correct exchange rate for getting cash,wrong_exchange_rate_for_cash_withdrawal,54,76
Do you offer free ATM withdrawals of ones hometown currency while on holiday?,wrong_exchange_rate_for_cash_withdrawal,77,76
Can i get money in my home currency at some ATM ? As I am on holiday and bit concerned because i do not have any cash with me . Is it possible to withdraw without any additional cost.,wrong_exchange_rate_for_cash_withdrawal,183,76
I used the ATM to get money out and did not realize I would be charged as much as I was or I would not have done that!,wrong_exchange_rate_for_cash_withdrawal,118,76
I didn't get the right amount of  cash because of the exchange rate.,wrong_exchange_rate_for_cash_withdrawal,68,76
"Hello,  In my most recent ATM transaction, I didn't receive nearly as much cash as I thought I would - what is your exchange rate policy?",wrong_exchange_rate_for_cash_withdrawal,137,76
Using international ATMs messes up the exchange rate.,wrong_exchange_rate_for_cash_withdrawal,53,76
You've incorrectly calculated the exchange rate for my cash withdrawal,wrong_exchange_rate_for_cash_withdrawal,70,76
I was needing you to see if the exchange rate is correct from when i got cash,wrong_exchange_rate_for_cash_withdrawal,77,76
I did not get the right exchange rate while getting my cash out.,wrong_exchange_rate_for_cash_withdrawal,64,76
Why is the exchange rate different than expected on my transaction?,wrong_exchange_rate_for_cash_withdrawal,67,76
I think the bank made a mistake on the exchange rates,wrong_exchange_rate_for_cash_withdrawal,53,76
Is there a fee associated with using foreign exchange ATMs?,wrong_exchange_rate_for_cash_withdrawal,59,76
When I exchanged currencies the value of my money changed.,wrong_exchange_rate_for_cash_withdrawal,58,76
Can i get money back in my home currency at  ATM? As I am on holiday and bit concerned because i do not have any cash with me . Is it possible to withdraw without any additional cost.,wrong_exchange_rate_for_cash_withdrawal,183,76
The wrong exchange rate applied to my cash withdrawal.,wrong_exchange_rate_for_cash_withdrawal,54,76
I don't think the exchange rate was right.,wrong_exchange_rate_for_cash_withdrawal,42,76
I exchanged cash when traveling and the rate was incorrect.,wrong_exchange_rate_for_cash_withdrawal,59,76
what is the exchange rate when i get cash,wrong_exchange_rate_for_cash_withdrawal,41,76
I noticed my exchange rate was incorrect when I got cash.,wrong_exchange_rate_for_cash_withdrawal,57,76
Why is the exchange rate so high? This should have been a much higher amount of cash for that to apply.,wrong_exchange_rate_for_cash_withdrawal,103,76
Is it possible to use an ATM when I am not in the country and make a withdraw with out extra fees?,wrong_exchange_rate_for_cash_withdrawal,98,76
"This past holiday I made a withdraw at the ATM machine, and it seems I've been charged too much.",wrong_exchange_rate_for_cash_withdrawal,96,76
My exchange rate is wrong when I get cash.,wrong_exchange_rate_for_cash_withdrawal,42,76
Why did I only receive this much currency?,wrong_exchange_rate_for_cash_withdrawal,42,76
When I got cash the exchange rate was wrong,wrong_exchange_rate_for_cash_withdrawal,43,76
An overseas cash transfer did not work correctly,wrong_exchange_rate_for_cash_withdrawal,48,76
I didn't receive the correct amount of cash when I exchanged it overseas.,wrong_exchange_rate_for_cash_withdrawal,73,76
"I needed some cash while abroad, and I'm pretty sure the wrong exchange rate was applied.",wrong_exchange_rate_for_cash_withdrawal,89,76
I believe that the rate of exchange for my cash withdrawl is incorrect.,wrong_exchange_rate_for_cash_withdrawal,71,76
what is the correct exchange rate for getting cash,wrong_exchange_rate_for_cash_withdrawal,50,76
I'm unhappy with the exchange rate your cash transactions.,wrong_exchange_rate_for_cash_withdrawal,58,76
I think that the exchange rate for the withdrawal of my cash is not right.,wrong_exchange_rate_for_cash_withdrawal,74,76
The cash withdrawal I took seems to be off. The exchange rate is wrong.,wrong_exchange_rate_for_cash_withdrawal,71,76
I got cash abroad and the exchange rate applied is wrong,wrong_exchange_rate_for_cash_withdrawal,56,76
I wasn't applied the correct exchange rate when getting cash,wrong_exchange_rate_for_cash_withdrawal,60,76
"I need an accurate exchange rate, when I make my withdrawals.",wrong_exchange_rate_for_cash_withdrawal,61,76
Can I withdraw money in my hometown currency while on holiday without any additional fees?,wrong_exchange_rate_for_cash_withdrawal,90,76
Why is the exchange rate wrong for my cash withdrawal?,wrong_exchange_rate_for_cash_withdrawal,54,76
I noticed the exchange rate for cash withdrawal isn't right.,wrong_exchange_rate_for_cash_withdrawal,60,76
what is going on with my cash withdrawal? the exchange rate is wrong,wrong_exchange_rate_for_cash_withdrawal,68,76
When I was abroad the exchange rate for me was wrong.,wrong_exchange_rate_for_cash_withdrawal,53,76
What on earth is up with the exchange rate! This should have been a much higher amount of cash,wrong_exchange_rate_for_cash_withdrawal,94,76
Can the exchange rate change while I am in the process of making a withdrawal?,wrong_exchange_rate_for_cash_withdrawal,78,76
The exchange rate was wrong?,wrong_exchange_rate_for_cash_withdrawal,28,76
how come when i got cash the exchange rate was different than it should be,wrong_exchange_rate_for_cash_withdrawal,74,76
My rate is not right when I used my card in a different country's money.,wrong_exchange_rate_for_cash_withdrawal,72,76
How can I get money in my home currency while I'm traveling internationally? I wanted to take it out of a local ATM but am worried that I will get charged extra fees.,wrong_exchange_rate_for_cash_withdrawal,166,76
I got cash abroad and need to check the exchange rate,wrong_exchange_rate_for_cash_withdrawal,53,76
Can I get money in my home currency at an ATM? I'm on vacation and don't have cash with me. This is cause for a bit of concern. Is it possible to withdraw here without additional cost?,wrong_exchange_rate_for_cash_withdrawal,184,76
Can I make a withdraw in my home currency at an ATM? I'm on vacation and am a bit worried because I don't have cash with me. Is it possible to withdraw here without any additional costs or fees?,wrong_exchange_rate_for_cash_withdrawal,194,76
The amount of cash I requested to withdrawal did not match what I received when exchanged,wrong_exchange_rate_for_cash_withdrawal,89,76
I did not have the right exchange rate applied to my situation of pulling out cash,wrong_exchange_rate_for_cash_withdrawal,82,76
The exchange rate was different when I got cash,wrong_exchange_rate_for_cash_withdrawal,47,76
how come my withdrawal rate is wrong for my cash withdrawal,wrong_exchange_rate_for_cash_withdrawal,59,76
I had the wrong exchange rate applied to some cash I got abroad.,wrong_exchange_rate_for_cash_withdrawal,64,76
I believe my exchange rate is incorrect,wrong_exchange_rate_for_cash_withdrawal,39,76
I found the exchange rate for my cash withdrawal is wrong,wrong_exchange_rate_for_cash_withdrawal,57,76
The cash abroad exchange rate is applied wrong.,wrong_exchange_rate_for_cash_withdrawal,47,76
The ATM I used for foreign currency provided the wrong exchange rate.,wrong_exchange_rate_for_cash_withdrawal,69,76
what is the exchange rate for foreign ATMs,wrong_exchange_rate_for_cash_withdrawal,42,76
The exchange rate for me was wrong when I was abroad.,wrong_exchange_rate_for_cash_withdrawal,53,76
"Help me!  When I was abroad, the exchange rate was wrong.",wrong_exchange_rate_for_cash_withdrawal,57,76
My cash withdrawl has the wrong rate of exchange.,wrong_exchange_rate_for_cash_withdrawal,49,76
"While abroad I got cash, and a wrong exchange rate was applied.",wrong_exchange_rate_for_cash_withdrawal,63,76
I got money overseas and the exchange rate was wrong,wrong_exchange_rate_for_cash_withdrawal,52,76
the exchange rate I got for cash was wrong,wrong_exchange_rate_for_cash_withdrawal,42,76
The exchange rate for case abroad is applied wrong.,wrong_exchange_rate_for_cash_withdrawal,51,76
"When I received my money, it was not in the correct amount. The exchange rate was not what it should have been.",wrong_exchange_rate_for_cash_withdrawal,111,76
I tried withdrawing money in another country and the exchange rate was wrong.,wrong_exchange_rate_for_cash_withdrawal,77,76
I withdrew some cash and the exchange rate seems to be wrong.,wrong_exchange_rate_for_cash_withdrawal,61,76
I withdraw money abroad but I didn't get the right amount.,wrong_exchange_rate_for_cash_withdrawal,58,76
The applied exchange rate is wrong for the cash I got abroad.,wrong_exchange_rate_for_cash_withdrawal,61,76
I am reluctant to use ATMs international because I don't get an accurate exchange rate,wrong_exchange_rate_for_cash_withdrawal,86,76
I didn't receive the correct exchange rate when I got cash.,wrong_exchange_rate_for_cash_withdrawal,59,76
How did you arrive at the rate of exchange? I thought that I would get more cash.,wrong_exchange_rate_for_cash_withdrawal,81,76
I think the exchange rate for the cash I withdrew was wrong.,wrong_exchange_rate_for_cash_withdrawal,60,76
Can i get money in my home currency at my ATM ?I am on holiday and bit concerned because i do not have any cash with me .Is it possible to withdraw without any additional cost.,wrong_exchange_rate_for_cash_withdrawal,176,76
When I received my cash; they had my exchange rate incorrect.,wrong_exchange_rate_for_cash_withdrawal,61,76
I was given the wrong exchange rate when getting cash,wrong_exchange_rate_for_cash_withdrawal,53,76
I thought I was going to receive more currency?,wrong_exchange_rate_for_cash_withdrawal,47,76
While on vacation I used an ATM to get cash and was overcharged. These charges are ridiculous and had I known about them I would have never used it.,wrong_exchange_rate_for_cash_withdrawal,148,76
What is wrong with the exchange rate? This should have been a much higher amount of cash for that to apply.,wrong_exchange_rate_for_cash_withdrawal,107,76
"When I got cash, my exchange rate was off.",wrong_exchange_rate_for_cash_withdrawal,42,76
Please tell me how the exchange rate is determined. I was expecting more money for the transaction.,wrong_exchange_rate_for_cash_withdrawal,99,76
the exchange rate was different than expected,wrong_exchange_rate_for_cash_withdrawal,45,76
I think that there was an error in calculating the exchange rate.  I recently withdrew cash and received much less than expected.,wrong_exchange_rate_for_cash_withdrawal,129,76
what are the exchange rates for foreign currency ATMs,wrong_exchange_rate_for_cash_withdrawal,53,76
I'm upset because I got charged a ridiculous fee when making an ATM withdrawal over a holiday weekend.  It didn't notify me beforehand either or I wouldn't have ever done it.,wrong_exchange_rate_for_cash_withdrawal,174,76
"When I received my cash, the exchange rate was wrong.",wrong_exchange_rate_for_cash_withdrawal,53,76
"I was using foreign currency at an ATM, but the rate was typed in wrong.",wrong_exchange_rate_for_cash_withdrawal,72,76
"On my last trip, I received the incorrect exchange rate.",wrong_exchange_rate_for_cash_withdrawal,56,76
the exchange rate for my withdrawal is wrong,wrong_exchange_rate_for_cash_withdrawal,44,76
The exchange rate applied was incorrect when I was traveling outside the country.,wrong_exchange_rate_for_cash_withdrawal,81,76
Whats wrong with my currency exchange?,wrong_exchange_rate_for_cash_withdrawal,38,76
Can you please check the exchange rate when I was getting cash?,wrong_exchange_rate_for_cash_withdrawal,63,76
The exchange rate for my cash withdrawal was incorrect,wrong_exchange_rate_for_cash_withdrawal,54,76
The wrong exchange rate was used for my cash withdrawal,wrong_exchange_rate_for_cash_withdrawal,55,76
I'm looking for a machine of yours that will provide me cash from my home country. I went on holiday and don't have any cash on me. Will your machine charge me extra to do this?,wrong_exchange_rate_for_cash_withdrawal,177,76
I withdrew cash and I think the exchange rate is wrong.,wrong_exchange_rate_for_cash_withdrawal,55,76
How do you figure out the exchange rate? Can you explain why I got less money than expected?,wrong_exchange_rate_for_cash_withdrawal,92,76
I got cash and the exchange rate should have been different than it ended up being.,wrong_exchange_rate_for_cash_withdrawal,83,76
Rates were applied wrong while using foreign currency at an ATM.,wrong_exchange_rate_for_cash_withdrawal,64,76
I was charged an incorrect exchange rate for a withdrawal.,wrong_exchange_rate_for_cash_withdrawal,58,76
"My ATM transaction shorted me on cash, and I think the exchange rate was wrong. Did I receive the correct rate?",wrong_exchange_rate_for_cash_withdrawal,111,76
"I draw out money from your ATM during holidays, and was charged insanely. I wouldn't have done it, if i had a little sense about the shocking charges.",wrong_exchange_rate_for_cash_withdrawal,150,76
In a recent withdrawal I received less cash than I expected to receive.  Did someone make an error with the exchange rate?,wrong_exchange_rate_for_cash_withdrawal,122,76
When I got cash I believe that the exchange rate was wrong,wrong_exchange_rate_for_cash_withdrawal,58,76
The rate applied to my foreign currency at an ATM was incorrect.,wrong_exchange_rate_for_cash_withdrawal,64,76
I tried to use the ATM with foreign currency. The conversion rate applied was wrong.,wrong_exchange_rate_for_cash_withdrawal,84,76
I am perplexed. Why is it that I received an extremely wrong rate when I tried to use an ATM using a foreign currency?,wrong_exchange_rate_for_cash_withdrawal,118,76
I made an ATM withdrawal over the holiday and then later realized I was charged an exorbitant fee!  I never would've made this withdrawal if I'd known I'd be charged so much.,wrong_exchange_rate_for_cash_withdrawal,174,76
I am travelling and I tried to withdraw cash but didn't get what I was supposed to get.,wrong_exchange_rate_for_cash_withdrawal,87,76
I got some cash out of the ATM over the holiday and it seems that I've been grossly overcharged. I wouldn't have done that if I knew of these outrageous charges!,wrong_exchange_rate_for_cash_withdrawal,161,76
The exchange rate was wrong in the foreign country I got cash in.,wrong_exchange_rate_for_cash_withdrawal,65,76
The exchange rate for foreign ATM currency is wrong.,wrong_exchange_rate_for_cash_withdrawal,52,76
"Can I get money in my home currency at some ATM? I'm on holiday and am a bit concerned because I don't have any cash with me, it is possible to withdraw here already without any additional cost?",wrong_exchange_rate_for_cash_withdrawal,194,76
I think the exchange rate for the cash I withdrew wasn't correct.,wrong_exchange_rate_for_cash_withdrawal,65,76
The rate of exchange for my cash withdrawal is wrong.,wrong_exchange_rate_for_cash_withdrawal,53,76
"I have a question about ATM transactions. Can I take money out of an ATM when I'm traveling abroad? And, can I get the money in my home currancy?",wrong_exchange_rate_for_cash_withdrawal,145,76
you got the exchange rate wrong for my cash withdrawal,wrong_exchange_rate_for_cash_withdrawal,54,76
I withdrew cash abroad and the exchange rate applied is wrong.,wrong_exchange_rate_for_cash_withdrawal,62,76
You applied the wrong exchange rate while I was traveling outside the country.,wrong_exchange_rate_for_cash_withdrawal,78,76
Why was my cash withdrawal given the wrong exchange rate?,wrong_exchange_rate_for_cash_withdrawal,57,76
I think the exchange rate is wrong for my ATM withdrawal,wrong_exchange_rate_for_cash_withdrawal,56,76
What do you use disposable cards on?,get_disposable_virtual_card,36,38
How do I get a disposable virtual card as well?,get_disposable_virtual_card,47,38
"I want a disposable virtual card, how do I do that?",get_disposable_virtual_card,51,38
What are the disposable cards for?,get_disposable_virtual_card,34,38
I need a disposable virtual card. Please tell me how to order one.,get_disposable_virtual_card,66,38
What systems do you have in place for my security when using my card for everyday purchases?,get_disposable_virtual_card,92,38
Why use a disposable card?,get_disposable_virtual_card,26,38
How can I get disposable virtual cards?,get_disposable_virtual_card,39,38
Can you tell me about these disposable virtual cards?,get_disposable_virtual_card,53,38
Do you offer disposable virtual cards too?,get_disposable_virtual_card,42,38
can i get a virtual card online,get_disposable_virtual_card,31,38
How do I request a disposable virtual card?,get_disposable_virtual_card,43,38
How can I create a disposable virtual card?,get_disposable_virtual_card,43,38
When will you be taking orders for disposable virtual cards?,get_disposable_virtual_card,60,38
Who can purchase a disposable virtual card?,get_disposable_virtual_card,43,38
How does a disposable virtual card work?,get_disposable_virtual_card,40,38
What is the function of the disposable cards?,get_disposable_virtual_card,45,38
Do I need a disposable card?,get_disposable_virtual_card,28,38
Is there a disposable virtual card?,get_disposable_virtual_card,35,38
Please tell me how disposable virtual cards work?,get_disposable_virtual_card,49,38
how do I get a disposable virtual card?,get_disposable_virtual_card,39,38
Can you please explain disposable virtual cards for me?,get_disposable_virtual_card,55,38
How do I create a disposable virtual card?,get_disposable_virtual_card,42,38
Why would I need a disposable card?,get_disposable_virtual_card,35,38
What are the disposable cards used for?,get_disposable_virtual_card,39,38
What are these disposable virtual cards all about?,get_disposable_virtual_card,50,38
What is the process to create a disposable virtual card?,get_disposable_virtual_card,56,38
Will you tell me how I am supposed to use the disposable cards?,get_disposable_virtual_card,63,38
How about disposable virtual cards?,get_disposable_virtual_card,35,38
Please send me a disposable virtual card.,get_disposable_virtual_card,41,38
I want to make an online purchase but I don't want to use my credit card. Can you tell me how a disposable virtual card works and where I can apply for one?,get_disposable_virtual_card,156,38
What can I do with a disposable virtual card?,get_disposable_virtual_card,45,38
Do you have the option for a disposable virtual card?,get_disposable_virtual_card,53,38
What are disposable virtual cards?,get_disposable_virtual_card,34,38
I want a virtual card that is disposable,get_disposable_virtual_card,40,38
"I would like a disposable virtual card, could I get one?",get_disposable_virtual_card,56,38
Please can i get a disposable virtual card as well?,get_disposable_virtual_card,51,38
disposable virtual card can be ordered where?,get_disposable_virtual_card,45,38
Where do I get a disposable card,get_disposable_virtual_card,32,38
In what way can I use the disposable cards?,get_disposable_virtual_card,43,38
How can I go about getting a disposable virtual card?,get_disposable_virtual_card,53,38
how do the cards work?,get_disposable_virtual_card,22,38
I need to get a disposable virtual card?,get_disposable_virtual_card,40,38
How can I get a disposable virtual card?,get_disposable_virtual_card,40,38
Can I get a disposable virtual card?,get_disposable_virtual_card,36,38
How can disposable cards be used?,get_disposable_virtual_card,33,38
Please explain how I use the disposable cards?,get_disposable_virtual_card,46,38
Can you tell me more info about virtual disposable cards?,get_disposable_virtual_card,57,38
I need a disposable virtual card.,get_disposable_virtual_card,33,38
"Can you point me in the right direction of where to go to roder a disposable virtual card, I can't seem to find it.",get_disposable_virtual_card,115,38
What is the procedure for depositing a virtual card,get_disposable_virtual_card,51,38
can i get a virtual card,get_disposable_virtual_card,24,38
I would like to know more about what a disposable virtual card is?,get_disposable_virtual_card,66,38
Are there any disposable virtual cards?,get_disposable_virtual_card,39,38
Please tell me about disposable cards.,get_disposable_virtual_card,38,38
How would I use a disposable card?,get_disposable_virtual_card,34,38
How do I order a disposable virtual card?,get_disposable_virtual_card,41,38
Where do I order a disposable virtual card?,get_disposable_virtual_card,43,38
Can you provide me a disposable virtual card?,get_disposable_virtual_card,45,38
"The disposable cards, what are they for?",get_disposable_virtual_card,40,38
Can you help me get a disposable virtual card?,get_disposable_virtual_card,46,38
Can I order a disposable virtual card?,get_disposable_virtual_card,38,38
Are there virtual disposable cards?,get_disposable_virtual_card,35,38
Is it possible to get a disposable virtual card as well?,get_disposable_virtual_card,56,38
Can you tell me what are disposable cards for?,get_disposable_virtual_card,46,38
Can I use a disposable virtual card for any purchase?,get_disposable_virtual_card,53,38
What can you use the disposable cards for?,get_disposable_virtual_card,42,38
Where do I get a disposable virtual card?,get_disposable_virtual_card,41,38
How do I use disposable cards?,get_disposable_virtual_card,30,38
Can you tell me what the disposable cards are used for?,get_disposable_virtual_card,55,38
Is there a way to use this app with a disposable virtual card?,get_disposable_virtual_card,62,38
What are the uses for disposable cards?,get_disposable_virtual_card,39,38
Tell me more about getting a virtual disposable card.,get_disposable_virtual_card,53,38
How can I get a virtual card for a one-time transaction?,get_disposable_virtual_card,56,38
Can you tell me where I can order a disposable virtual card?,get_disposable_virtual_card,60,38
"I don't understand what a disposable virtual card is, can you help?",get_disposable_virtual_card,67,38
What are these disposable cards meant for?,get_disposable_virtual_card,42,38
What do the disposable cards do?,get_disposable_virtual_card,32,38
How do I receive a disposable virtual card?,get_disposable_virtual_card,43,38
Is there a disposable virtual card option?,get_disposable_virtual_card,42,38
Please explain how disposable virtual card work.,get_disposable_virtual_card,48,38
I'm not sure how disposable virtual cards work. Please help.,get_disposable_virtual_card,60,38
How do I use the disposable cards?,get_disposable_virtual_card,34,38
How do I know if i need a disposable card?,get_disposable_virtual_card,42,38
Am I able to order a disposable virtual card?,get_disposable_virtual_card,45,38
Can you tell me how to get a disposable virtual card?,get_disposable_virtual_card,53,38
How can I obtain a disposable virtual card?,get_disposable_virtual_card,43,38
Can you tell me where to go to get a disposable virtual card?,get_disposable_virtual_card,61,38
Is there any way i get a disposable virtual card as well?,get_disposable_virtual_card,57,38
I'm interested in learning more about disposable virtual cards.,get_disposable_virtual_card,63,38
How to a go about ordering a disposable virtual card?,get_disposable_virtual_card,53,38
I need a single use card for shopping online,get_disposable_virtual_card,44,38
"I need to deposit my virtual card, how do i do that.",get_disposable_virtual_card,52,38
What are the benefits of a disposable card?,get_disposable_virtual_card,43,38
What is the disposable card for?,get_disposable_virtual_card,32,38
I have heard about these disposable virtual cards but don't understand how they work.,get_disposable_virtual_card,85,38
The disposable cards - what are they for?,get_disposable_virtual_card,41,38
I think my top-up has failed.,top_up_failed,29,59
Top-up is not working,top_up_failed,21,59
My top up is not working,top_up_failed,24,59
"My top-up hasn't gone through, what happened?",top_up_failed,45,59
My top-up was rejected by an app.,top_up_failed,33,59
For what reason did my top-up fail?,top_up_failed,35,59
I can't add any more money.,top_up_failed,27,59
Why won't my top up work,top_up_failed,24,59
I topped up but the app denied it,top_up_failed,33,59
My money I added isn't on my card.,top_up_failed,34,59
"Hi, My card is getting declined continuously when i am trying to top-up. Request you to look into this issue or tell me any other alternatives.",top_up_failed,143,59
My credit card was declined for top-up. Can you see if there is enough funds in my account?,top_up_failed,91,59
Why did my credit card get declined for top up?,top_up_failed,47,59
"Hello, there was an error while attempting top-up with my card this morning. I was able to use the card two days ago with no issues. Could you please assist?",top_up_failed,157,59
"I've been trying to transfer funds to top-up my card, but the transaction is not going through.  Is there something I'm doing wrong?",top_up_failed,132,59
Seems like my top-up has failed,top_up_failed,31,59
I really need to top-up my card today urgently but my card keeps getting declined!! Can you please resolve this problem or try an alternative,top_up_failed,141,59
"Hey, I attempted to top up my card today and for some reason it didn't work. When I did it the other way it worked just fine. Could you help me figure out why this is happening please?",top_up_failed,184,59
I believe my top up has failed,top_up_failed,30,59
I tried using my credit card with top up but it didn't work! I thought it was supposed to?,top_up_failed,90,59
My credit card for was not approved for a top-up transaction.  What happened?,top_up_failed,77,59
Why isn't my topup working?,top_up_failed,27,59
My credit card did not go through. Can you see if it has insufficient funds?,top_up_failed,76,59
Can I tell if my top off didn't work?  It doesn't seem to have.,top_up_failed,63,59
"Hi, My card is getting declined during top-up. As it urgent, could you please resolve this issue, or guide me with other alternatives if any.",top_up_failed,141,59
My top up is giving me problems. What is wrong with it?,top_up_failed,55,59
I got my card a few days ago but am unable to top up. I'm thinking about closing my account because of this. What is going on?,top_up_failed,126,59
Looks like my top up failed.,top_up_failed,28,59
I urgently need to top-up my card but its getting declined. Please help me in this or advise with other options if any.,top_up_failed,119,59
The top-up I ordered didn't process.,top_up_failed,36,59
I don't think that my top-up worked.,top_up_failed,36,59
Tell me why my topup wouldn't go through?,top_up_failed,41,59
"I did a bank transfer to top up, but the money is not available.",top_up_failed,64,59
What reasons would a topup fail?,top_up_failed,32,59
"I tried topping up my account but it failed, can you help me?",top_up_failed,61,59
Why has my top up failed?,top_up_failed,25,59
"So my top-up failed, could you tell me why?",top_up_failed,43,59
Why has my top-up failed?,top_up_failed,25,59
I need to top-up my card today urgently but my card keeps getting declined!! Can you please resolve this problem or let me know if you have any alternatives,top_up_failed,156,59
I tried to top up with my card but it was declined. I was able to a couple days ago and it worked. Is something wrong? Can you check it for me please?,top_up_failed,150,59
Can you find out why my credit card didn't process payment? It was declined for top up so what's the deal?,top_up_failed,106,59
How can correct Top up with the app to work correctly?,top_up_failed,54,59
Is there any reason why my card didn't work when I tried to top up?,top_up_failed,67,59
The app rejected my top up,top_up_failed,26,59
My top-up didn't go through,top_up_failed,27,59
Can you tell me why my top-up failed?,top_up_failed,37,59
My credit card seems to have been declined for top up. Why is it not going through? Can you tell me what's going on?,top_up_failed,116,59
My top-up didn't work.,top_up_failed,22,59
My top-up never worked,top_up_failed,22,59
It looks like my top up didn't work.  Why?,top_up_failed,42,59
I topped up my card but the app rejected it.,top_up_failed,44,59
"I attempted to top-up with my card this morning, but the transaction was unsuccessful. I received the card two days ago and was successful using it previously. Could you please help me?",top_up_failed,185,59
I tried to top-up but it got denied.,top_up_failed,36,59
My top up was denied,top_up_failed,20,59
I think the top up failed,top_up_failed,25,59
My credit card was just denied for top up! Can you tell me why this happened and what's going on?,top_up_failed,97,59
My top up didn't go through,top_up_failed,27,59
My top up has failed,top_up_failed,20,59
Why is it failing to top-up?,top_up_failed,28,59
I can't get the top-up to work! What's going on here.,top_up_failed,53,59
How do I know if my top up worked?,top_up_failed,34,59
Why can't I topup my account?,top_up_failed,29,59
My top-up was declined,top_up_failed,22,59
Why is my card being declined when I try to do a top-up? How can this be immediately resolved?,top_up_failed,94,59
The app has rejected my top up.,top_up_failed,31,59
"I attempted to top up my car today, it failed! I just got it a couple of days before and it worked then. What is going on with it?",top_up_failed,130,59
Why was my top-up rejected?,top_up_failed,27,59
My credit card got declined for top up! What's going on? Can you check on why it didn't go through?,top_up_failed,99,59
My top up isnt working,top_up_failed,22,59
Trouble with my top up,top_up_failed,22,59
I'm confused as to why my top-up did not go through.,top_up_failed,52,59
I added money but my top-up wasn't processed by the app.,top_up_failed,56,59
I really need to top-up my card today urgently but my card keeps getting declined!! Can you please resolve this problem or let me know if you have any alternatives,top_up_failed,163,59
"I have the funds, why can I not use my top-up?",top_up_failed,46,59
"Hello, I trying to top up with my card today but it didn't work. When I tried last time it worked but today it isn't. Could you take a look at it for me?",top_up_failed,153,59
Why are you keeping my money from me by declining my card? What is going on?,top_up_failed,76,59
"I desperately need to top-up my card, so why is it being declined? Can you solve this for me? I need to use my card immediately!",top_up_failed,128,59
Why did the app deny my top-up?,top_up_failed,31,59
My top-up was rejected,top_up_failed,22,59
Fix my top up,top_up_failed,13,59
My top up doesn't work,top_up_failed,22,59
I am having problems with a top-up.,top_up_failed,35,59
What's the problem? My card keeps getting declined for top up. I need to know what is going on.,top_up_failed,95,59
I was trying to top up my account and it isn't working,top_up_failed,54,59
I believe my top up did not work.,top_up_failed,33,59
I need help reapplying my top-up. It seems it isn't working.,top_up_failed,60,59
Could you please recommend what I should do if my card keeps getting declined?  I planned to top-up today but I am unable to get it to work.  I need a fast solution to this problem.,top_up_failed,181,59
My credit card transaction was declined for a loan payment.  Can you tell me why?,top_up_failed,81,59
Why did the top-up fail?,top_up_failed,24,59
I requested for a top-up but it has not reflected,top_up_failed,49,59
"I tried to top-up, why didn't it work?",top_up_failed,38,59
I tried to top up with my card but it's not working. I had just done this a couple days previously and it worked. Can you tell me what's going on here please?,top_up_failed,158,59
I wanted to top up my account and it doesn't look like it worked,top_up_failed,64,59
"My top-up does not seem to have worked, what  went wrong?",top_up_failed,57,59
I'm not sure if my pop-up went through.,top_up_failed,39,59
Top up did not work on the app.,top_up_failed,31,59
I tried to top up but the app rejected it.,top_up_failed,42,59
It does not appear that my message went through.,top_up_failed,48,59
What if my top up didn't work?,top_up_failed,30,59
I didn't see the money I added to my card.,top_up_failed,42,59
The top up failed,top_up_failed,17,59
I have been trying unsuccessfully to top-up my card.  Is the system down or not working properly?,top_up_failed,97,59
I am having a huge problem with my card being declined and it's really important that I top-up today.  Would you please look into this further and let me know how I can get this fixed?,top_up_failed,184,59
"My card keeps getting declined when I try to use it.  I would like to top-up, but it is not going though.",top_up_failed,105,59
"I just topped up, and the app denied it.",top_up_failed,40,59
Why did my top-up not work?,top_up_failed,27,59
"Hi I've been trying to top up my card for the past day but it gets declined, I need it topped up urgently! Can somebody get back to me to resolve this or explain any different ways I can top up my card?",top_up_failed,202,59
Please explain why my top-up didn't go through.,top_up_failed,47,59
Can you tell me why my credit card was declined while trying to top-up?,top_up_failed,71,59
I need information explaining why my top-up failed to go through,top_up_failed,64,59
"Hi, I am experiencing problems while trying to top-up with my card. I have never experienced any problems doing this before. Could you please help me?",top_up_failed,150,59
The top-up did not go through.,top_up_failed,30,59
"I could not get a top-up to work, why?",top_up_failed,38,59
I don't know why my credit card was declined while I was trying to top-up. Was it something on my end or was there something wrong with the top-up function?,top_up_failed,156,59
Problems with my top up,top_up_failed,23,59
why is my top up failing,top_up_failed,24,59
"I tried again to top up my card after doing it a couple days ago when it had worked. Now, it doesn't seem to be working. Can you tell me what the deal is here please?",top_up_failed,166,59
Top up keeps failing,top_up_failed,20,59
"Hello, I tried to top up with my card, but it didn't work. I just got it a couple days before and it works fine. What's the deal? Can you check into this?",top_up_failed,154,59
What was the issue with my topping up?,top_up_failed,38,59
My topping up didn't go through.,top_up_failed,32,59
Why would the app deny my top-up?,top_up_failed,33,59
"I need to add more funds to my card today because it keeps being declined, and I need to use it immediately. Can you fix this or tell me alternatives?",top_up_failed,150,59
Why has my top-up been denied?,top_up_failed,30,59
I tried to charge my card but it was declined. A couple days ago I was able to charge it and it was accepted. Is something wrong? Will you double check for me please?,top_up_failed,166,59
I could not get the top-up to go through,top_up_failed,40,59
I can't access my money. Is it because somethings wrong with the top-up? I set it up correctly.,top_up_failed,95,59
I was trying to top-up and my credit card was declined. Can you tell me why?,top_up_failed,76,59
I topped up my account but the app failed to process it.,top_up_failed,56,59
Looks like my top-up has been cancelled,top_up_failed,39,59
My top-up is not working. Why is that?,top_up_failed,38,59
"Um, my top up didn't work",top_up_failed,25,59
"I need assistance finding out why I am unable to top-up my card, it keeps getting refused.  It is extremely imperative I get this resolved quickly.",top_up_failed,147,59
I don't think my top up worked,top_up_failed,30,59
I added funds to my account but the app didn't process it.,top_up_failed,58,59
Why has my top-up not worked?,top_up_failed,29,59
Why did my top-up fail?,top_up_failed,23,59
is there a way to fix my top up,top_up_failed,31,59
I tried to top up my account and it didn't work,top_up_failed,47,59
Won't let me top my card up!! Who can get it sorted out for me? It's urgent! How do I find out what the problem is with my card and how else to top it up?,top_up_failed,154,59
There has been a red flag on my top up.,top_up_failed,39,59
Was there a problem with topping up?,top_up_failed,36,59
"Hi, I tried to top up my card today and it did not work. I have tried it in the past and it worked just fine but it won't do it anymore. Can you help me out?",top_up_failed,157,59
My top-up failed to go through.,top_up_failed,31,59
I really need to top-up my card today urgently but my card keeps getting declined!! Can you please help me with this problem or let me know if you have any alternatives,top_up_failed,168,59
help my money isnt showing up,balance_not_updated_after_bank_transfer,29,6
how do i see what i transferred,balance_not_updated_after_bank_transfer,31,6
Hello. Can you help figure out why the recent transfer from my UK bank account isn't showing up?,balance_not_updated_after_bank_transfer,96,6
I've made a transfer from France two days ago but I was wondering if international transfers take longer to arrive because it hasn't made it yet.,balance_not_updated_after_bank_transfer,145,6
After I transferred money the balance remained the same.,balance_not_updated_after_bank_transfer,56,6
Where is the money that I transferred.,balance_not_updated_after_bank_transfer,38,6
"About two days ago now, I made a transfer from France but it hasn't arrived yet. Is it possible that the international transfer just takes longer?",balance_not_updated_after_bank_transfer,146,6
Why is my balance the same after a transfer?,balance_not_updated_after_bank_transfer,44,6
How long will it take for a bank transfer to show up on my account? It's been a couple hours but I havnt seen anything yet. Also it's from a UK account if that makes any difference.,balance_not_updated_after_bank_transfer,181,6
The transfer I made isn't reflected in my balance,balance_not_updated_after_bank_transfer,49,6
Can you please check my UK Account to make sure everything went alright?  I made the transfer a couple of hours ago.,balance_not_updated_after_bank_transfer,116,6
"Hi, I am unable to see transaction in my account which i made couples of hours ago from my UK account. Please help me in this.",balance_not_updated_after_bank_transfer,126,6
"Hello I made a bank account transfer from the UK. The transfer was a couple hours ago, nothing has shown up yet.  Can you check to see if everything okay. Please.",balance_not_updated_after_bank_transfer,162,6
My balance didn't change after I transferred some money.,balance_not_updated_after_bank_transfer,56,6
I've transferred money into my account but the balance is the same,balance_not_updated_after_bank_transfer,66,6
Money that I have transferred hasn't arrived yet,balance_not_updated_after_bank_transfer,48,6
I made a transfer from France two days ago now but there hasn't made it there yet. Do international transfers take longer?,balance_not_updated_after_bank_transfer,122,6
I transferred money but the balance did not update.,balance_not_updated_after_bank_transfer,51,6
I am wondering about a transfer from a different country that doesn't show up yet?,balance_not_updated_after_bank_transfer,82,6
I just made a transfer from a UK account. How long does that typically take to show up? I just want to make sure it worked alright.,balance_not_updated_after_bank_transfer,131,6
I just made a transfer from France 2 days ago. It has not yet reached my bank. Is it possible it takes longer because it was an international transfer?,balance_not_updated_after_bank_transfer,151,6
Im going to need to make a transfer from a UK account but I need it to go through ASAP. Is that going to be possible or will it take forever?? Im hoping it will be a couple hours and not a couple weeks.,balance_not_updated_after_bank_transfer,202,6
How long before a bank transfer shows up in the account?,balance_not_updated_after_bank_transfer,56,6
How soon will my balance be updated to reflect my transfer?,balance_not_updated_after_bank_transfer,59,6
My transfer into my account isn't showing up.,balance_not_updated_after_bank_transfer,45,6
How can I fix my bank transfer to show up on my bank account?,balance_not_updated_after_bank_transfer,61,6
when does my balance update for a transfer,balance_not_updated_after_bank_transfer,42,6
There is a transfer not showing on my account.,balance_not_updated_after_bank_transfer,46,6
It is common for an international transfer to take 2 days or longer? I made a transfer from France 2 days ago and I have not seen it yet.,balance_not_updated_after_bank_transfer,137,6
I did a money transfer to my account and it is not showing there.,balance_not_updated_after_bank_transfer,65,6
I was wondering if international transfers take longer than normal because I made a transfer from France a couple of days ago and nothing has happened yet?,balance_not_updated_after_bank_transfer,155,6
What's the time frame normally for a UK account transfer? I just made one and it's not showing up anywhere. I want to be sure that everything is good.,balance_not_updated_after_bank_transfer,150,6
My latest transfer seems to be missing.,balance_not_updated_after_bank_transfer,39,6
Is there a longer processing time for international bank transfers?,balance_not_updated_after_bank_transfer,67,6
Balance hasn't been updated following a bank transfer,balance_not_updated_after_bank_transfer,53,6
Why isn't the transfer to my account showing up?,balance_not_updated_after_bank_transfer,48,6
Where is my money that I transfered?!,balance_not_updated_after_bank_transfer,37,6
"The other bank confirmed a transfer I made, but this account is not reflecting it yet.",balance_not_updated_after_bank_transfer,86,6
Why can't I see a transfer to my account?,balance_not_updated_after_bank_transfer,41,6
"Hi, I made a transfer from France two days ago and thought it would be here by now. Can you give me an update please?",balance_not_updated_after_bank_transfer,117,6
My balance doesn't include my latest transfer,balance_not_updated_after_bank_transfer,45,6
How long do bank transfers take to clear,balance_not_updated_after_bank_transfer,40,6
How long to UK transfers usually take? I made a transfer but it didn't pop up in my history yet. I just want to make sure it went through.,balance_not_updated_after_bank_transfer,138,6
I had transferred some money but the balance hasn't changed.,balance_not_updated_after_bank_transfer,60,6
My balance was not updated after transferring money.,balance_not_updated_after_bank_transfer,52,6
"For you, how long do transfers normally take from a UK account? I completed one just now but nothing appears. I just need to be sure everything is okay.",balance_not_updated_after_bank_transfer,152,6
Do international transfers take longer?? I made a transfer from France 2 days ago but it's still not there yet...,balance_not_updated_after_bank_transfer,113,6
I am still waiting for a transfer I did,balance_not_updated_after_bank_transfer,39,6
How long does it take for a bank transfer to show on my balance?,balance_not_updated_after_bank_transfer,64,6
I transferred some funds but I don't see it,balance_not_updated_after_bank_transfer,43,6
"How long do transfers to international banks take? I made one to france a couple of days ago, but it's still not there.",balance_not_updated_after_bank_transfer,119,6
The money that I have transferred hasn't arrived yet.,balance_not_updated_after_bank_transfer,53,6
How long do transfers take to show up in my account?,balance_not_updated_after_bank_transfer,52,6
How long does it take for a transfer to post,balance_not_updated_after_bank_transfer,44,6
My money hasn't been transferred yet.,balance_not_updated_after_bank_transfer,37,6
What is the normal time to make an international transfer? I made one a few days ago that still hasn't arrived.,balance_not_updated_after_bank_transfer,111,6
Tell me why my balance did not change when I tranferred cash.,balance_not_updated_after_bank_transfer,61,6
I completed a transfer that isn't showing up on my account.,balance_not_updated_after_bank_transfer,59,6
How long does transfers take?,balance_not_updated_after_bank_transfer,29,6
I did a transfer but the balance is the same.,balance_not_updated_after_bank_transfer,45,6
I made a transfer but my balance hasn't been updated,balance_not_updated_after_bank_transfer,52,6
I transfered my balance a while back.  Why doesn't my account reflect this?,balance_not_updated_after_bank_transfer,75,6
When will I see an updated balance after a transfer?,balance_not_updated_after_bank_transfer,52,6
I am still waiting on my bank transfer,balance_not_updated_after_bank_transfer,38,6
There is a missing transfer on my account,balance_not_updated_after_bank_transfer,41,6
After making a transfer from a UK account it's not showing up. How long do these transfers normally take for you? I want to be certain everything is all right.,balance_not_updated_after_bank_transfer,159,6
Can you check if my money has reached my account since it is not showing up yet?,balance_not_updated_after_bank_transfer,80,6
Why hasn't my money transfer shown up yet?,balance_not_updated_after_bank_transfer,42,6
Please check to see if the band transfer I made a while ago from my UK account has safely arrived.,balance_not_updated_after_bank_transfer,98,6
Where is the transfer to my account?,balance_not_updated_after_bank_transfer,36,6
"I made a bank transfer earlier from my UK account.  I don't see it yet, can you check the status?",balance_not_updated_after_bank_transfer,97,6
Why isn't my balance reflecting a transfer I did?,balance_not_updated_after_bank_transfer,49,6
"I made a bank transfer from my UK account today, but it's not showing.  Can you check status?",balance_not_updated_after_bank_transfer,93,6
How long do I need to wait to see an update after I make a bank transfer?,balance_not_updated_after_bank_transfer,73,6
Why isn't my balance updating?  I did a bank transfer and it isn't current.,balance_not_updated_after_bank_transfer,75,6
"Hello, can you please inform me about international transfers? I am expecting a transfer I made from France two days ago and would like to know when it will arrive.",balance_not_updated_after_bank_transfer,164,6
I added money through a bank transfer and it is not showing in my balance.,balance_not_updated_after_bank_transfer,74,6
when will the balance on my account change form a transfer,balance_not_updated_after_bank_transfer,58,6
What is the time frame that transfers normally take from a UK account? I just completed a transfer and nothing shows up. I need to know if everything is alright.,balance_not_updated_after_bank_transfer,161,6
I have transferred some money but the balance hasn't changed,balance_not_updated_after_bank_transfer,60,6
The balance does not appear to have updated.,balance_not_updated_after_bank_transfer,44,6
Why hasn't my account updated to reflect my current balance?,balance_not_updated_after_bank_transfer,60,6
Where is the transfer that I did?,balance_not_updated_after_bank_transfer,33,6
After transfering some money my balance hasn't changed.,balance_not_updated_after_bank_transfer,55,6
"How long does a transfer from a UK account take? I just made one and it doesn't seem to be working, wondering if everything is okay",balance_not_updated_after_bank_transfer,131,6
The transfer on my account is not showing up.,balance_not_updated_after_bank_transfer,45,6
When will my transfer come through?,balance_not_updated_after_bank_transfer,35,6
I haven't yet received money that I transferred,balance_not_updated_after_bank_transfer,47,6
"How long do transfers from a UK bank account usually take for you? I just made a transfer and I'm not seeing anything, wondering if it worked",balance_not_updated_after_bank_transfer,141,6
How long does a bank transfer take to show up in available funds?,balance_not_updated_after_bank_transfer,65,6
The balance has not been updated.,balance_not_updated_after_bank_transfer,33,6
"Although I transferred some money, it has not as of yet, arrived.",balance_not_updated_after_bank_transfer,65,6
I am wondering if International Transfers take longer. I a made a transfer from France two days ago and believed it would be here already. Please let me know when I will get it!,balance_not_updated_after_bank_transfer,177,6
I don't see any change in my balance.,balance_not_updated_after_bank_transfer,37,6
"I just transferred some money into my account and do not see it updated yet, can you assist?",balance_not_updated_after_bank_transfer,92,6
I can still see money in my account after making a payment,balance_not_updated_after_bank_transfer,58,6
I need to know if everything is okay here. After making a transfer from a UK account it doesn't show up. How long does this normally take to process?,balance_not_updated_after_bank_transfer,149,6
I made a bank transfer but it doesn't seem to have gone through?,balance_not_updated_after_bank_transfer,64,6
How long does it typically take to make a transfer from a UK bank? I just made one and it hasn't shown up in my account yet.,balance_not_updated_after_bank_transfer,124,6
"Hi. A couple hours ago I make a transfer from my UK bank account, but it hasn't shown up. Please, would you see what the delay is?",balance_not_updated_after_bank_transfer,130,6
Why hasn't my money transfer showed up yet?,balance_not_updated_after_bank_transfer,43,6
My transfer to my account is missing.,balance_not_updated_after_bank_transfer,37,6
MY transfer has still not appeared.,balance_not_updated_after_bank_transfer,35,6
Why is  my balance not updated?,balance_not_updated_after_bank_transfer,31,6
I'm wondering how long it takes for my money to get to me after a bank transfer.,balance_not_updated_after_bank_transfer,80,6
"Hi. About two hours ago I made a transfer from my bank which is in the UK, but I don't see it yet! Would you check what's going on with it, please?",balance_not_updated_after_bank_transfer,147,6
When does a UK transfer show up?,balance_not_updated_after_bank_transfer,32,6
I do not see the money I transferred into this account,balance_not_updated_after_bank_transfer,54,6
How long before transferred money shows up?,balance_not_updated_after_bank_transfer,43,6
How long do transfers take to go though,balance_not_updated_after_bank_transfer,39,6
"Can you tell me how long it would take, to make a transfer from France? I made one 2 days ago and its not there yet.",balance_not_updated_after_bank_transfer,116,6
I made a transfer from France a couple days ago and don't see the transaction yet. How long does an international transfer take?,balance_not_updated_after_bank_transfer,128,6
"Transferred to account is not successful, help please?",balance_not_updated_after_bank_transfer,54,6
My transfer is pending too long.,balance_not_updated_after_bank_transfer,32,6
Why isn't the transferred money there?,balance_not_updated_after_bank_transfer,38,6
"How long does an international transfer take? I made the transfer from France 2 days ago, but it is not showing up in my bank yet.",balance_not_updated_after_bank_transfer,130,6
My account balance has not updated to reflect my recent transfer.,balance_not_updated_after_bank_transfer,65,6
Why hasn't the money I transferred into my account shown up yet?,balance_not_updated_after_bank_transfer,64,6
"Bank transfer to account did not show up, please help?",balance_not_updated_after_bank_transfer,54,6
How long does it take for money to transfer?,balance_not_updated_after_bank_transfer,44,6
Where's the money I transferred into my account?,balance_not_updated_after_bank_transfer,48,6
Why am I still waiting for a transfer?,balance_not_updated_after_bank_transfer,38,6
Why is it taking so long to update my balance transfer?,balance_not_updated_after_bank_transfer,55,6
I transferred some money but it hasn't arrived yet,balance_not_updated_after_bank_transfer,50,6
I made a transfer a couple hours ago but my balance has not been updated. Why is this? Shouldnt this be instant?,balance_not_updated_after_bank_transfer,112,6
I made a transfer from my UK account a couple of hours ago.  Could you please make sure everything went alright.,balance_not_updated_after_bank_transfer,112,6
Where is the transfer to my account that I made?,balance_not_updated_after_bank_transfer,48,6
I've made a bank transfer but the money doesn't seem to be in my account.,balance_not_updated_after_bank_transfer,73,6
I can't see a transfer to my account I made.,balance_not_updated_after_bank_transfer,44,6
what amount of time does it take for a transfer to reflect and be available,balance_not_updated_after_bank_transfer,75,6
"When is my balance going to update, I just transferred some money",balance_not_updated_after_bank_transfer,65,6
When will the money from my bank transfer be available?,balance_not_updated_after_bank_transfer,55,6
I transferred some money but the balance stayed the same.,balance_not_updated_after_bank_transfer,57,6
Good afternoon. I made a transfer from my UK bank account.  I haven't seen anything on the account in the pass few hours. Please check the account to make sure everything is fine.,balance_not_updated_after_bank_transfer,179,6
I did a bank transfer and my balance isn't current.,balance_not_updated_after_bank_transfer,51,6
I want to be sure that everything is okay here. I just made a transfer from a UK account and it is still not showing up. How long does this typically take?,balance_not_updated_after_bank_transfer,155,6
I recently transferred money to my account when will it show up?,balance_not_updated_after_bank_transfer,64,6
I transferred money but the balance hasn't changed.,balance_not_updated_after_bank_transfer,51,6
"How long do tranfers from a UK account usuallt take for you? I just made a transfer and nothing shows up, so just wondering if things went ok",balance_not_updated_after_bank_transfer,141,6
Why is my transfer not showing,balance_not_updated_after_bank_transfer,30,6
Why didn't the money I transferred into my account get added to my balance?,balance_not_updated_after_bank_transfer,75,6
Help me find the transfer that I did.,balance_not_updated_after_bank_transfer,37,6
"I recently transferred some cash, but the balance has not changed.",balance_not_updated_after_bank_transfer,66,6
What's the normal time frame for a transfer from a UK account? After just making a transfer it doesn't appear at all. I need to know if things went okay.,balance_not_updated_after_bank_transfer,153,6
Can you see my new balance yet?,balance_not_updated_after_bank_transfer,31,6
How long does it take for money to transfer as my balance hasn't been updated,balance_not_updated_after_bank_transfer,77,6
How long do I have to wait for my bank transfer to appear in my account?,balance_not_updated_after_bank_transfer,72,6
How long does a transfer from the United Kingdom take? I haven't seen it show up yet in my bank account and want to make sure I get the transfer.,balance_not_updated_after_bank_transfer,145,6
Are bank transfers immediate?,balance_not_updated_after_bank_transfer,29,6
I transferred money to my account but it is not showing.,balance_not_updated_after_bank_transfer,56,6
What happened to the transfer I did?,balance_not_updated_after_bank_transfer,36,6
I transferred some money a couple days ago but haven't received it yet. How long should I expect to wait?,balance_not_updated_after_bank_transfer,105,6
How long does it take for money to reach my account?,balance_not_updated_after_bank_transfer,52,6
"I did a transfer to my account, but it hasn't shown up",balance_not_updated_after_bank_transfer,54,6
My account isn't showing a transfer I made.,balance_not_updated_after_bank_transfer,43,6
The funds I transferred are not in my account,balance_not_updated_after_bank_transfer,45,6
How long do bank transfers usually take?,balance_not_updated_after_bank_transfer,40,6
Hello I have a UK account.  Can you please check if everything is alright with it?  I made a transfer a couple hours ago but it doesn't show up yet.,balance_not_updated_after_bank_transfer,148,6
How long does a transfer from the UK account usually take? After completing the transfer it is not showing up. I need to know that everything I actually went okay.,balance_not_updated_after_bank_transfer,163,6
Can you tell me why the transfer isn't showing up on my account?,balance_not_updated_after_bank_transfer,64,6
Balance is not up to date.,balance_not_updated_after_bank_transfer,26,6
my transfer isn't there,balance_not_updated_after_bank_transfer,23,6
I made a bank transfer and the balance hasn't updated yet.,balance_not_updated_after_bank_transfer,58,6
Why wasn't my bank balance updated?,balance_not_updated_after_bank_transfer,35,6
How long do I have to wait until the transferred money shows up?,balance_not_updated_after_bank_transfer,64,6
A few hours ago I made a bank transfer from my UK account but I don't see that it has arrived.   Can you check and see if all is ok please?,balance_not_updated_after_bank_transfer,139,6
I can't see the transfer that I put in.,balance_not_updated_after_bank_transfer,39,6
When will my transfer process?,balance_not_updated_after_bank_transfer,30,6
"Is something wrong with my account, my balance didn't change after I transferred some money",balance_not_updated_after_bank_transfer,91,6
"It has been a couple of hours but I do not see my balance updated, can you help?",balance_not_updated_after_bank_transfer,80,6
What is the amount of time transfers usually take from the UK? I had just completed a transfer and nothing seems to be showing up so I need to be sure things are alright.,balance_not_updated_after_bank_transfer,170,6
I looked on the app and it says I withdrew cash.  I didn't!,cash_withdrawal_not_recognised,59,21
I didn't withdraw the amount of cash that is showing up in the app.,cash_withdrawal_not_recognised,67,21
"I saw on the app that a cash withdrawal was completed on my account; however, I did not complete it.",cash_withdrawal_not_recognised,100,21
I got a notice from my app that I withdrew cash but I don't remember doing so. How do I fix this?,cash_withdrawal_not_recognised,97,21
"Someone has a copy of my card !! I definitely still have it here but someone just made a 500£ cash withdrawal, HELP!",cash_withdrawal_not_recognised,116,21
Why do I see a random withdrawal in my app?,cash_withdrawal_not_recognised,43,21
"Hello, Please look into this matter urgently. As i have lost my wallet and i can see one withdrawal, now i do not want to loose more money.",cash_withdrawal_not_recognised,139,21
"Someone has a copy of my card. I have my card with me, but someone just made a 500£ cash withdrawal. Help me.",cash_withdrawal_not_recognised,109,21
There is a withdrawal on my account that I don't remember initiating.,cash_withdrawal_not_recognised,69,21
"I got a message saying I made a withdrawal from the bank machine, but I did not.",cash_withdrawal_not_recognised,80,21
"Someone has copied my card. I have my card with me, but someone just made a 500£ cash withdrawal. Please help now.",cash_withdrawal_not_recognised,114,21
"help, I see money missing I didn't take out.",cash_withdrawal_not_recognised,44,21
My wallet was taken and I see that someone is using my card!   Please help me!,cash_withdrawal_not_recognised,78,21
I see cash withdrawal activity in the app that is not mine.,cash_withdrawal_not_recognised,59,21
There is a withdrawal on my account I didn't make.,cash_withdrawal_not_recognised,50,21
"A 500 pound cash withdrawal was just made from my account, but I didn't make it. I am pretty sure my card has been compromised - can you help me?",cash_withdrawal_not_recognised,145,21
I just lost my wallet and I think someone is using my card to withdraw my money. Can you please cancel or freeze my card?!!,cash_withdrawal_not_recognised,123,21
The app is showing a cash withdrawal that I didn't make.,cash_withdrawal_not_recognised,56,21
What is this witdrawal,cash_withdrawal_not_recognised,22,21
There's a cash withdrawal I didn't make,cash_withdrawal_not_recognised,39,21
I think someone stole money from my card,cash_withdrawal_not_recognised,40,21
I have a cash withdrawal on my statement that I am unsure of.,cash_withdrawal_not_recognised,61,21
The app says I got cash from an ATM but I didn't,cash_withdrawal_not_recognised,48,21
I see money go out that I didn't withdraw.,cash_withdrawal_not_recognised,42,21
I lost my wallet and I think someone is withdrawing cash with my card. Please help. It is urgent.,cash_withdrawal_not_recognised,97,21
Somebody stole my wallet and is using my card! Can you do something so they can't keep taking my money?,cash_withdrawal_not_recognised,103,21
"Help! I think someone has a copy of my card - I still have my card, but a five hundred pound cash withdrawal that I didn't authorize is shown on my account.",cash_withdrawal_not_recognised,156,21
I believe my card has been compromised as there's a cash withdrawal I don't recognize.,cash_withdrawal_not_recognised,86,21
I was checking my account when I saw a $500 cash withdraw that I know I didn't do.  I have my card so I don't understand how this happened.  Please help me.,cash_withdrawal_not_recognised,156,21
"Hi, Could you please help me as someone has stolen my wallet few hours ago. And a withdrawal is made, please help immediately. As i don't want to suffer more.",cash_withdrawal_not_recognised,158,21
What should I do if I see an unauthorized withdrawal on my statement?,cash_withdrawal_not_recognised,69,21
"A WD was just made on my account, but it was not me and I still have my card.  What to do?",cash_withdrawal_not_recognised,90,21
Why is there extra cash in my account?,cash_withdrawal_not_recognised,38,21
What is this cash withdrawal I don't recognize?,cash_withdrawal_not_recognised,47,21
I believe my card has been compromised as there are funds showing that I did not receive.,cash_withdrawal_not_recognised,89,21
THere is some cash that is showing up on my app.,cash_withdrawal_not_recognised,48,21
My wallet was just stolen and I see my account already has a withdrawal. Can you please help me.,cash_withdrawal_not_recognised,96,21
Somebody made a withdrawal from my account for 500. I have my card so how can this be? Does somebody have a duplicate card or something? Help please.,cash_withdrawal_not_recognised,149,21
There is a cash withdrawal from an ATM listed but I don't remember making this withdrawal.,cash_withdrawal_not_recognised,90,21
I saw there is a cash withdrawal from my account via the app which I did not complete.,cash_withdrawal_not_recognised,86,21
The app says I made a cash withdrawal even though I didn't.,cash_withdrawal_not_recognised,59,21
What is this cash withdrawal on my statement?,cash_withdrawal_not_recognised,45,21
My app shows cash I didn't get.,cash_withdrawal_not_recognised,31,21
I see non-received cash in my app.,cash_withdrawal_not_recognised,34,21
The app is saying I made a withdrawl but I didn't.,cash_withdrawal_not_recognised,50,21
I see cash in my app but I did not get it.,cash_withdrawal_not_recognised,42,21
My app statement shows I took out cash from an ATM but I did not. What can I do?,cash_withdrawal_not_recognised,80,21
I think someone may have cloned my card or something.  My card isn't lost but I just saw a charge of $500 cash withdraw.  Can you help me?,cash_withdrawal_not_recognised,138,21
My card shows a cash withdrawal I don't recognize.,cash_withdrawal_not_recognised,50,21
I got a strange cash withdrawal in my statement,cash_withdrawal_not_recognised,47,21
Help! I just realised someone has apparently withdrawn money using my card! It's from some odd remote town where I definitely haven't been. Please freeze it immediately!,cash_withdrawal_not_recognised,169,21
My app is showing a cash balance that I did not receive.,cash_withdrawal_not_recognised,56,21
Help!  The app has an ATM withdrawl that I didn't make.,cash_withdrawal_not_recognised,55,21
"I am seeing in the app, some cash witdhrawals that I did not authorize.",cash_withdrawal_not_recognised,71,21
Some cash shows up on my app.,cash_withdrawal_not_recognised,29,21
"I am seeing unathorized transactions in the app, on my account.",cash_withdrawal_not_recognised,63,21
I AM MISSING CASH FROM MY BANK ACCOUNT ACCORDING TO MY APP,cash_withdrawal_not_recognised,58,21
There are funds in my app that I did not receive.,cash_withdrawal_not_recognised,49,21
A cash withdrawal has been done that I didn't do.,cash_withdrawal_not_recognised,49,21
I do not know what this cash withdrawal is,cash_withdrawal_not_recognised,42,21
There is unexpected money in my account.,cash_withdrawal_not_recognised,40,21
I see a cash withdrawal in the app that I did not do.,cash_withdrawal_not_recognised,53,21
Someone stole my wallet a couple of hours ago now and they have taken money from my account. Is there any way that you can help so I won't lose any more of my money.,cash_withdrawal_not_recognised,165,21
"Hi, It's urgent, please freeze my card. As someone has withdrawn money using my card in odd remote town. Since i have not done this withdrawal. Do it fast.",cash_withdrawal_not_recognised,155,21
The app says that I got cash in an ATM and I didn't,cash_withdrawal_not_recognised,51,21
Please help me figure out the reason for the odd withdrawal amount from my account?,cash_withdrawal_not_recognised,83,21
What do I do if I do not recognise a cash withdrawal?,cash_withdrawal_not_recognised,53,21
I hope you can help me. Someone has stolen my wallet and now I have noticed that they have been taking money from my account.,cash_withdrawal_not_recognised,125,21
"There was money taken out of my account, and I'm pretty sure I didn't do it.",cash_withdrawal_not_recognised,76,21
I was the victim of someone stealing my wallet.  My card is being used and it isn't me.  What should I do?,cash_withdrawal_not_recognised,106,21
I think there's been an unauthorized cash withdrawal from my account.,cash_withdrawal_not_recognised,69,21
What do I do if I see a cash withdrawal on my account that I don't remember making?,cash_withdrawal_not_recognised,83,21
I am seeing inside the App a some cash withdrawal that is not mine,cash_withdrawal_not_recognised,66,21
My app shows a money withdrawal that I did not do.,cash_withdrawal_not_recognised,50,21
"I was trying to use my card and it was declined, when I tried to find out what happened I found cash withdraw for $500 that I didn't do.  Can you please help figure this out?",cash_withdrawal_not_recognised,174,21
I believe my card has been compromised because of a strange withdrawal,cash_withdrawal_not_recognised,70,21
There is money missing from my account.,cash_withdrawal_not_recognised,39,21
"According to the app, I got cash from an ATM but I haven't made any transactions.",cash_withdrawal_not_recognised,81,21
It is urgency. Please freeze my card now. As someone in some odd remote town has withdrawn some money by using my card. As i did not withdraw any money.,cash_withdrawal_not_recognised,152,21
I am confused why there is cash I did not accept in my account,cash_withdrawal_not_recognised,62,21
I hope you can help me. My account has been compromised from a different town that I haven't been to. Can you please place a hold on my account until I can make it to the bank?,cash_withdrawal_not_recognised,176,21
There is a cash withdrawal in my account that isn't mine.,cash_withdrawal_not_recognised,57,21
There is a cash withdrawal on my statement that I did not make,cash_withdrawal_not_recognised,62,21
I am seeing in the App a some cash withdrawal that does not belong to me,cash_withdrawal_not_recognised,72,21
"My bank app said that I got cash from an ATM, but that's a mistake.",cash_withdrawal_not_recognised,67,21
"In the app, I see a withdrawal I didn't make.",cash_withdrawal_not_recognised,45,21
"There are incorrect charges on my account, there was a WD that was made by someone else.  I still have my card though.",cash_withdrawal_not_recognised,118,21
I did not get the cash that is showing up in my app.,cash_withdrawal_not_recognised,52,21
"Someone withdrew money from my account, and it wasn't me.",cash_withdrawal_not_recognised,57,21
there is money in my account that i didnt put there,cash_withdrawal_not_recognised,51,21
Somebody is taking money out of my account without my approval in another town separate from me. Please place a freeze on my account until I can make it to the bank.,cash_withdrawal_not_recognised,165,21
My app says I withdraw money from my account from an ATM.,cash_withdrawal_not_recognised,57,21
Can you tell me what the cash withdrawal is in my statement?,cash_withdrawal_not_recognised,60,21
My identity has been stolen. I still have my physical card but there are charges I didn't make on my account. How do I cancel this card or dispute the charges?,cash_withdrawal_not_recognised,159,21
"There was just a withdrawal but it wasn't me, I've never even visited the town where the withdrawal happened.",cash_withdrawal_not_recognised,109,21
"I am using the app, and I see cash withdrawals that I did not authorize.",cash_withdrawal_not_recognised,72,21
I did not make a cash withdrawal that is on my statement,cash_withdrawal_not_recognised,56,21
The app shows a withdrawal that I did not make or authorize.,cash_withdrawal_not_recognised,60,21
"Money was taken out without my consent,",cash_withdrawal_not_recognised,39,21
I don't recognize this withdrawal on my statement,cash_withdrawal_not_recognised,49,21
How do I report a cash withdrawal that wasn't me?,cash_withdrawal_not_recognised,49,21
Why is there some cash that I did not deposit in my account?,cash_withdrawal_not_recognised,60,21
There's an unauthorized cash withdraw,cash_withdrawal_not_recognised,37,21
Help!  The app says I took out cash but I didn't!,cash_withdrawal_not_recognised,49,21
"Hello, Just now i got to know withdrawal of money from of my account. As someone used my card to withdraw amount in any odd remote area. Since i have not been in that area, please freeze my card immediately.",cash_withdrawal_not_recognised,207,21
There has a recent suspicious withdrawal on my bank account. Is it possible to freeze my card?,cash_withdrawal_not_recognised,94,21
There's a cash withdrawal that  didn't make that is showing up.,cash_withdrawal_not_recognised,63,21
I see an unauthorized withdraw.,cash_withdrawal_not_recognised,31,21
I am seeing in the App a some cash withdrawal that I did not do,cash_withdrawal_not_recognised,63,21
I think somebody made an unauthorized copy of my card.  My account has a cash withdrawal for 500£ that I did not make.  Please help.,cash_withdrawal_not_recognised,132,21
My account shows that I made a cash withdrawal but I cannot remember doing so!,cash_withdrawal_not_recognised,78,21
"Someone is using my card to purchase flights to New York it's not me because I'm not going to New York, please can you cancel the card and refund the money?",cash_withdrawal_not_recognised,156,21
I noticed that there is a withdrawal in the app that is not mine.,cash_withdrawal_not_recognised,65,21
"Some cash was withdrawn in the app, but I did not do it.",cash_withdrawal_not_recognised,56,21
My wallet got stolen a couple hours ago and now I've seen there already is a withdrawal. Help this is absolutely urgent I don't want to loose more money,cash_withdrawal_not_recognised,152,21
A withdrawal is showing that I don't recognize,cash_withdrawal_not_recognised,46,21
There's a cash withdrawal I am certain I did not make,cash_withdrawal_not_recognised,53,21
What is this withdrawal as I do not remember making it.,cash_withdrawal_not_recognised,55,21
I have my card here with me and someone has just made a withdrawal for 500. Please help!,cash_withdrawal_not_recognised,88,21
I have a cash withdrawal that I do not recognise.,cash_withdrawal_not_recognised,49,21
Someone else used my card to withdraw cash from an ATM,cash_withdrawal_not_recognised,54,21
Some cash has been withdrawn but I didn't do it.,cash_withdrawal_not_recognised,48,21
I want my card frozen right away. Money was taken out in an odd location I have never heard of.,cash_withdrawal_not_recognised,95,21
I need my card frozen cause it was used without my consent to take money out. It was in an odd place.,cash_withdrawal_not_recognised,101,21
There's a $200 withdrawal on my statement that seems fishy to me.,cash_withdrawal_not_recognised,65,21
There's a cash withdrawal on my account that I didn't make,cash_withdrawal_not_recognised,58,21
Why is there a cash withdrawal I didn't make?,cash_withdrawal_not_recognised,45,21
The app says I made a cash withdrawal that I didn't make,cash_withdrawal_not_recognised,56,21
Help! I think someone has made a cash withdrawal with my card!,cash_withdrawal_not_recognised,62,21
What do I do when a charge has been made that I did not make?,cash_withdrawal_not_recognised,61,21
I need your help immediately.  There is a 500£ cash withdrawal that I know nothing about.  I think my account has become compromised.,cash_withdrawal_not_recognised,133,21
Can you tell me what this cash withdrawal is?,cash_withdrawal_not_recognised,45,21
How can I verify if a cash withdrawal was made from my account? I still have my card with me but I did not authorize the withdrawal that just occurred.,cash_withdrawal_not_recognised,151,21
"I think someone might have a copy of my card because a 500 dollar withdrawal was made, and it wasn't me. Can you please help?",cash_withdrawal_not_recognised,125,21
"Someone has access to my card info.  I still have the card, but someone just withdrew cash.  How do I get this corrected/stopped?!",cash_withdrawal_not_recognised,130,21
Why is my app showing me taking money that I did not take out?,cash_withdrawal_not_recognised,62,21
"I see in the app some cash was withdrawn, but it's not mine.",cash_withdrawal_not_recognised,60,21
There is a withdrawal in my account I didn't make.,cash_withdrawal_not_recognised,50,21
What is the strange cash withdrawal on my statement?,cash_withdrawal_not_recognised,52,21
Why would the app show a withdrawal that I did not make?,cash_withdrawal_not_recognised,56,21
I have a cash withdrawal in my statement. Why is that?,cash_withdrawal_not_recognised,54,21
i didnt put that money in my account,cash_withdrawal_not_recognised,36,21
Some cash withdrawal that I didn't make showed up in the app.,cash_withdrawal_not_recognised,61,21
There is a cash withdrawl I don't remember.,cash_withdrawal_not_recognised,43,21
"Someone stole my account, there's a withdrawal but it wasn't me, can we put a stop to it please?",cash_withdrawal_not_recognised,96,21
There are funds showing in my app that I did not receive.,cash_withdrawal_not_recognised,57,21
I didn't withdraw cash but I see that transaction on my app,cash_withdrawal_not_recognised,59,21
I have a cash withdrawal that I don't recognize.,cash_withdrawal_not_recognised,48,21
"My wallet was just stolen, and they've already used my card! Please help, I can't afford to lose more money!",cash_withdrawal_not_recognised,108,21
"Please help me, its urgent. Someone has withdrawn money from my account as few hours before my wallet has been. Now i want to stop withdrawal of more money.",cash_withdrawal_not_recognised,156,21
Help!  There is a cash withdrawl on the account that I didn't make!,cash_withdrawal_not_recognised,67,21
There is a cash withdrawal on my statement that I don't recognize,cash_withdrawal_not_recognised,65,21
The app is showing mt withdrawals that aren't  mine.,cash_withdrawal_not_recognised,52,21
"My app says I made a withdrawal, but I didn't.",cash_withdrawal_not_recognised,46,21
There is random cash in my account.,cash_withdrawal_not_recognised,35,21
A cash withdrawal that I didn't authorize is shown on my account - can you please cancel my card as soon as possible?,cash_withdrawal_not_recognised,117,21
Cash I did not get showed up in my account,cash_withdrawal_not_recognised,42,21
My app says I withdraw funds from my account through an ATM.,cash_withdrawal_not_recognised,60,21
"There has been an unusual withdrawal from my account, can you help?",cash_withdrawal_not_recognised,67,21
Some cash I didn't get shows in my app,cash_withdrawal_not_recognised,38,21
How much is the exchange fee?,exchange_charge,29,32
Are there any hidden extra fees for currency exchanges?,exchange_charge,55,32
If I exchange currencies on a frequent basis can I receive a discount?,exchange_charge,70,32
Is there any cost to change foreign money to local?,exchange_charge,51,32
What are the currency exchange fees?,exchange_charge,36,32
Do you charge a fee on currency exchange?,exchange_charge,41,32
What is the current exchange fee?,exchange_charge,33,32
Will I be charged an extra fee if I need to exchange currency?,exchange_charge,62,32
Currency exchanges have any extra fees?,exchange_charge,39,32
Does it cost extra to exchange foreign currencies?,exchange_charge,50,32
Is there any type of fee for currency exchange?,exchange_charge,47,32
How much more do you charge for currency exchange?,exchange_charge,50,32
"When exchanging currencies, is there an extra fee?",exchange_charge,50,32
Exchange fee help?,exchange_charge,18,32
What's the exchange fee?,exchange_charge,24,32
exchanging currencies costs what?,exchange_charge,33,32
How much will I be charged for a cross-currency exchange?,exchange_charge,57,32
How much extra will I be charged for exchanging foreign currency?,exchange_charge,65,32
Do I pay extra for exchange?,exchange_charge,28,32
Do I need to pay extra for exchanging currencies?,exchange_charge,49,32
How much to exchange currencies?,exchange_charge,32,32
Could you help my figure out the exchange fee?,exchange_charge,46,32
IS there a fee to exchange currency?,exchange_charge,36,32
Do I get a discount if I exchange currencies a lot?,exchange_charge,51,32
What kind of costs are involved for exchanging currency?,exchange_charge,56,32
Are there any discounts in exchanging currencies frequently?,exchange_charge,60,32
Do you offer any discounts for someone who exchanges currencies frequently?,exchange_charge,75,32
Is there a pay structure for currency exchanges?,exchange_charge,48,32
would I need to pay extra for exchanging currencies?,exchange_charge,52,32
What is the charge for exchanging currencies?,exchange_charge,45,32
Are there any discounts for frequent currency exchanges?,exchange_charge,56,32
how much do I have to pay for exchange of currency?,exchange_charge,51,32
I need to exchange foreign currency will i be charged?,exchange_charge,54,32
"Since I need to exchange currencies frequently, would you be able to offer me a discount?",exchange_charge,89,32
"always exchanging currencies, do you offer a discount?",exchange_charge,54,32
How much do I have to pay to accept an international transfer?,exchange_charge,62,32
is there a foreign currencies charge?,exchange_charge,37,32
I exchange my currency quite a bit.  Do I get an exchange price break?,exchange_charge,70,32
"If I exchange currencies on a regular basis, is there a discount?",exchange_charge,65,32
Do you charge extra for exchanging currencies?,exchange_charge,46,32
Will there be a charge for exchanging foreign currency?,exchange_charge,55,32
What's the cost for exchanges?,exchange_charge,30,32
How much does currency exchange cost?,exchange_charge,37,32
My currencies needed to be exchanged often and I was wondering if there were any discounts available for this?,exchange_charge,110,32
is there a frequent currency discount?,exchange_charge,38,32
Would I need to pay extra for currency exchanges?,exchange_charge,49,32
Are there any extras for exchanging currency?,exchange_charge,45,32
Will I get charged on a foreign currencies exchange?,exchange_charge,52,32
Fees for currency exchange,exchange_charge,26,32
"I travel a lot, can I get a bulk currency exchange discount?",exchange_charge,60,32
what is the cost for exchanging currencies?,exchange_charge,43,32
Do exchanges cost more?,exchange_charge,23,32
Do currency exchanges cost extra?,exchange_charge,33,32
Is there an additional cost to exchange currencies?,exchange_charge,51,32
"I've been to several different countries, can I exchange the cash with a discount for a large transaction?",exchange_charge,106,32
What do you charge for an exchange fee?,exchange_charge,39,32
I exchange currencies a lot.  Can I get a discount?,exchange_charge,51,32
Is there a charge for exchanging foreign currencies?,exchange_charge,52,32
What is the fee for accepting money from a foreign country?,exchange_charge,59,32
Is there a fee for currency exchange?,exchange_charge,37,32
How much do you charge for exchange rates?,exchange_charge,42,32
Will I have to pay extra to exchange money?,exchange_charge,43,32
"If I exchange foreign currency, are there any other charges?",exchange_charge,60,32
What is the cost for currency exchanges?,exchange_charge,40,32
Do yo charge a fee for exchanging foreign currencies?,exchange_charge,53,32
What is the exchange fee that is charged?,exchange_charge,41,32
How much does it cost to exchange my balance into a foreign currency?,exchange_charge,69,32
Are there discounts for frequent currency exchanges?,exchange_charge,52,32
What is the currency exchange fee?,exchange_charge,34,32
Do you offer a discount for those who perform frequent currency exchanges?,exchange_charge,74,32
What kind of charges should I expect to exchange currencies?,exchange_charge,60,32
What is your currency exchange fee?,exchange_charge,35,32
I have foreign currency i would like to change how much will it cost me?,exchange_charge,72,32
Is there a charge for exchanging foreign currency?,exchange_charge,50,32
"If I exchange currency frequently, can I get a discounted rate?",exchange_charge,63,32
Will there be a cost if I exchange currency?,exchange_charge,44,32
What fee will be charged for exchanges?,exchange_charge,39,32
Can I have a discount if I exchange currency often?,exchange_charge,51,32
Will you charge me for exchanging foreign currencies?,exchange_charge,53,32
What is the rate for exchange fees?,exchange_charge,35,32
What is the charge for exchanging currency?,exchange_charge,43,32
Is there a fee for exchanging currency?,exchange_charge,39,32
Does a discount apply if I exchange currencies frequently?,exchange_charge,58,32
How high is the exchange fee?,exchange_charge,29,32
"If I exchange currencies frequently, is there a discount?",exchange_charge,57,32
How much is the charge for a foreign currency exchange?,exchange_charge,55,32
How much will I be charged for exchanging foreign currency,exchange_charge,58,32
Will I be charged for exchanging foreign currencies?,exchange_charge,52,32
Is there a few for exchanging foreign currencies?,exchange_charge,49,32
Please tell me what the exchange fee is.,exchange_charge,40,32
Please provide currency exchange rates,exchange_charge,38,32
What are the charges if I exchange foreign currency?,exchange_charge,52,32
Do I get any sort of discount on volume for a lot fo currency exchanges?,exchange_charge,72,32
Any extra charges for exchanging currencies?,exchange_charge,44,32
Are currency exchanges free?,exchange_charge,28,32
Will there be any extra fees if I exchange currencies?,exchange_charge,54,32
Does it cost anything to do currency exchanges?,exchange_charge,47,32
Is it free to exchange currency?,exchange_charge,32,32
"If someone in a different country sends me money, do I have to pay a fee?",exchange_charge,73,32
how much is it to exchange currency,exchange_charge,35,32
Do I have to pay more for exchanges?,exchange_charge,36,32
Can I be charged for exchanging foreign currency?,exchange_charge,49,32
"Would you be able to offer me a discount, since I need to exchange currencies frequently?",exchange_charge,89,32
Is it possible to have a discount for exchanging currency frequently?,exchange_charge,69,32
What's the fee for exchange of foreign currencies?,exchange_charge,50,32
"My job requires me to do a lot of exchanging currency, and I was wondering about any possible discounts or lower prices.",exchange_charge,120,32
I wanted to know what discounts were offered for current exchanges as it is something that occurs frequently.,exchange_charge,109,32
Are there any fees when exchanging to foreign currencies?,exchange_charge,57,32
are there any exchange fees,exchange_charge,27,32
Is there an extra fee to exchange currencies?,exchange_charge,45,32
What is the fee for a foreign currency exchange?,exchange_charge,48,32
Do I need to pay more for exchanging currencies?,exchange_charge,48,32
where do i find out about exchange fees,exchange_charge,39,32
What exactly is the exchange fee?,exchange_charge,33,32
I need to exchange some foreign currency. What's the charge for doing that?,exchange_charge,75,32
Is there an additional charge to exchange currencies?,exchange_charge,53,32
Is there an extra charge to exchange different currencies?,exchange_charge,58,32
Is there a discount for multiple currency exchanges?,exchange_charge,52,32
Can you tell me about the exchange fee?,exchange_charge,39,32
Can you tell me what the exchange fee is?,exchange_charge,41,32
What commission do you take for currency exchage?,exchange_charge,49,32
What is the charge for using a Top up card in the US?,top_up_by_card_charge,53,57
What is the fee for topping up a US card?,top_up_by_card_charge,41,57
What fees are charged when I top up,top_up_by_card_charge,35,57
Is there a charge for topping up by card?,top_up_by_card_charge,41,57
Which US cards have top up charges?,top_up_by_card_charge,35,57
Will you charge me if I top up by card?,top_up_by_card_charge,39,57
how much does it cost to add money to my card,top_up_by_card_charge,45,57
How much are the fees for adding funds using an international card?,top_up_by_card_charge,67,57
Does it cost money to top up?,top_up_by_card_charge,29,57
should i add money via bank transfer instead,top_up_by_card_charge,44,57
Do I have to pay extra if I use an international card to top up my account?,top_up_by_card_charge,75,57
What are the charges for topping up US card?,top_up_by_card_charge,44,57
Do you charge if I use a European bank card for top up?,top_up_by_card_charge,55,57
"I need to top up, but I have to use an international card.  Is there a cost for that?",top_up_by_card_charge,85,57
how much does it cost to add money,top_up_by_card_charge,34,57
Will I be charged for topping up?,top_up_by_card_charge,33,57
Do you have any fees if I want to add money using an international card.,top_up_by_card_charge,72,57
"I am wanting to refill my card, is there a charge?",top_up_by_card_charge,50,57
Is there a fee to add money to an international card?,top_up_by_card_charge,53,57
Does it cost to add money to my card?,top_up_by_card_charge,37,57
Do I get charged for a top up from a European bank?,top_up_by_card_charge,51,57
Are their fee's for top ups?,top_up_by_card_charge,28,57
Does it cost to top up my card?,top_up_by_card_charge,31,57
how much is the fee for topping by card,top_up_by_card_charge,39,57
What is the fee if I use a European bank for a top up?,top_up_by_card_charge,54,57
Are there any charges for using a bank card to top up,top_up_by_card_charge,53,57
I was wondering if you will take any fees in exchange for top ups?,top_up_by_card_charge,66,57
Are there any charges for European bank card for top up?,top_up_by_card_charge,56,57
Are there still fees for european top-ups?,top_up_by_card_charge,42,57
How much are you going to charge me if I top up my US card?,top_up_by_card_charge,59,57
Will I be charged a fee to top up using a debit or credit card?,top_up_by_card_charge,63,57
If I top up using a European card is there a charge?,top_up_by_card_charge,52,57
Will I see fees from adding money with an international card?,top_up_by_card_charge,61,57
Do you charge extra for topping up with a debit or credit card?,top_up_by_card_charge,63,57
Is there a fee for european bank cards?,top_up_by_card_charge,39,57
What are the top up charges for all US cards?,top_up_by_card_charge,45,57
When I add money to my international card do you charge a fee to do so?,top_up_by_card_charge,71,57
Is there a top charge for US cards?,top_up_by_card_charge,35,57
Are there going to be fees from adding money with an international card?,top_up_by_card_charge,72,57
What is the charge for topping up a card?,top_up_by_card_charge,41,57
Does it cost anything to top up?,top_up_by_card_charge,32,57
Are there any charges for topping up a US-issued card?,top_up_by_card_charge,54,57
What fees to you have for top ups?,top_up_by_card_charge,34,57
Is there a fee to top up a US card using a debit or credit card?,top_up_by_card_charge,64,57
Do I get charged if I top up with my European bank card?,top_up_by_card_charge,56,57
How much is the charge to top up via credit card?,top_up_by_card_charge,49,57
Are you going to charge me to top up my card?,top_up_by_card_charge,45,57
What do you charge to top up US cards?,top_up_by_card_charge,38,57
Are there top up charges for US cards?,top_up_by_card_charge,38,57
How much does it cost to top up a US-issued card?,top_up_by_card_charge,49,57
Will you charge me for topping up with a European card?,top_up_by_card_charge,55,57
Do you charge a fee for adding money in USD?,top_up_by_card_charge,44,57
Are there charges for using a bank card to top up,top_up_by_card_charge,49,57
Are there fees for using an international card to top up?,top_up_by_card_charge,57,57
I topped off my card is that something you will charge me for?,top_up_by_card_charge,62,57
how should i add money to my card,top_up_by_card_charge,33,57
is it free to add money to my card,top_up_by_card_charge,34,57
Will I be charged any fees if I want to add money with an international card?,top_up_by_card_charge,77,57
Can I top up for free using a European card?,top_up_by_card_charge,44,57
Is topping up free?,top_up_by_card_charge,19,57
Is USD free to top up with a US card?,top_up_by_card_charge,37,57
how much do you charge to top up US cards?,top_up_by_card_charge,42,57
Is it free for top ups?,top_up_by_card_charge,23,57
what is the fee for topping up by card?,top_up_by_card_charge,39,57
Is there a charge to use a Top up card in the US?,top_up_by_card_charge,49,57
Will I get charged fees when I add money with an international card?,top_up_by_card_charge,68,57
Are there any charges for topping up my card?,top_up_by_card_charge,45,57
Is there a top-up fee if you add money in USD?,top_up_by_card_charge,46,57
Will I get charged for topping up with an international card?,top_up_by_card_charge,61,57
how much for topping up by card?,top_up_by_card_charge,32,57
Is there a fee for topping off a US card?,top_up_by_card_charge,41,57
Do you charge a fee for topping up a card?,top_up_by_card_charge,42,57
Do you have any card fees if I want to add money using an international card?,top_up_by_card_charge,77,57
What is the Top up rate charge for using a card in the US?,top_up_by_card_charge,58,57
Is there a fee for topping up a card?,top_up_by_card_charge,37,57
Will you charge me more if I use a European bank card for a top up?,top_up_by_card_charge,67,57
Is there a fee when I add money to my international card?,top_up_by_card_charge,57,57
Is there any fees for top ups?,top_up_by_card_charge,30,57
Can I get information on topping up?,top_up_by_card_charge,36,57
Is there a fee for topping up by charge card?,top_up_by_card_charge,45,57
Are there any charges for top ups?,top_up_by_card_charge,34,57
What are the top-up fees for my card?,top_up_by_card_charge,37,57
Would I be charged any fees if I added money to my account using an international card?,top_up_by_card_charge,87,57
Where can i top my card for free?,top_up_by_card_charge,33,57
What top up charges are there for US cards?,top_up_by_card_charge,43,57
Is there a charge for using an European bank card for top up?,top_up_by_card_charge,61,57
Will you charge an extra fee for top ups?,top_up_by_card_charge,41,57
What do I need to know about topping up?,top_up_by_card_charge,40,57
Will it cost extra to add money to an international card?,top_up_by_card_charge,57,57
What options do I have when topping up a US card?,top_up_by_card_charge,49,57
Is there a charge for top-ups?,top_up_by_card_charge,30,57
How much does it cost to us US cards?,top_up_by_card_charge,37,57
I am worried about fees for top up cards?,top_up_by_card_charge,41,57
Will I be charged a fee for topping up using a European card?,top_up_by_card_charge,61,57
I need to know what charges I will incur for using a European card for top up.,top_up_by_card_charge,78,57
"If I add money with an international card, are there any fees?",top_up_by_card_charge,62,57
can I be charged for topping up by card,top_up_by_card_charge,39,57
What fees are there for adding money using an international card,top_up_by_card_charge,64,57
What are the top up fees for using an European bank card?,top_up_by_card_charge,57,57
Are there fees for adding money with an International card?,top_up_by_card_charge,59,57
European bank card for top up will come with any extra fees?,top_up_by_card_charge,60,57
Are there any fees if I want to add money using an international card?,top_up_by_card_charge,70,57
"If I were to use a European bank card for a top up, will I incur a charge?",top_up_by_card_charge,74,57
Will you charge me more if I top up with an international card?,top_up_by_card_charge,63,57
Will I be charged for adding money using an international card?,top_up_by_card_charge,63,57
How much is it to use my US debit or credit card to top up?,top_up_by_card_charge,59,57
Will there be extra charges regarding to adding money into my international card?,top_up_by_card_charge,81,57
Will you assess me more fees if I top up with an international card?,top_up_by_card_charge,68,57
Is there a fee for adding funds with a credit card?,top_up_by_card_charge,51,57
Will there be any fees for top ups?,top_up_by_card_charge,35,57
"If US cards have a top up charge, what is it?",top_up_by_card_charge,45,57
What are the fees for using a European bank card?,top_up_by_card_charge,49,57
How much does top up fees cost?,top_up_by_card_charge,31,57
"I want to add money to my international card, so are there any fees charged to do this?",top_up_by_card_charge,87,57
Please help me with my card.  It won't activate.,activate_my_card,48,1
I tired but an unable to activate my card.,activate_my_card,42,1
I want to start using my card.,activate_my_card,30,1
How do I verify my new card?,activate_my_card,28,1
I tried activating my plug-in and it didn't piece of work,activate_my_card,57,1
How do i activate my card,activate_my_card,25,1
Can someone assist me with activating my card?,activate_my_card,46,1
My card needs to be activated.,activate_my_card,30,1
I was unable to activate my card.,activate_my_card,33,1
Is my card ready for use or does it need activated and if so how?,activate_my_card,65,1
Help me activate my new card.,activate_my_card,29,1
Do I need a photo ID to activate a my new card?,activate_my_card,47,1
"I just got my new card, how do I activate it?",activate_my_card,45,1
Can I have my card activated?,activate_my_card,29,1
i cant seem to activate card,activate_my_card,28,1
It won't let me activate my card.,activate_my_card,33,1
I tried activation my card and it didn't employment,activate_my_card,51,1
I want to use my card. How do I activate it?,activate_my_card,44,1
Activate my card,activate_my_card,16,1
Can I get some help activating my new card?,activate_my_card,43,1
Is my card activated?,activate_my_card,21,1
I would like to activate my card.,activate_my_card,33,1
Can I call to get my card activated?,activate_my_card,36,1
How can I activate my new card? I didn't recieve any information with it about how to do so.,activate_my_card,92,1
How do I activate my new card I just got?,activate_my_card,41,1
will you be able to activate my card,activate_my_card,36,1
Can I get some help to get me card activated?,activate_my_card,45,1
I want to activate my new card.,activate_my_card,31,1
What would II do if I wanted to activate my new card,activate_my_card,52,1
What needs to be done to activate and use a card?,activate_my_card,49,1
Can I activate my card?,activate_my_card,23,1
I need assistance activating my card?,activate_my_card,37,1
I need assistance with activating my new card.,activate_my_card,46,1
How do I get my card active?,activate_my_card,28,1
What do I have to do to activate my card?,activate_my_card,41,1
What is needed to activate my card?,activate_my_card,35,1
How can my new card be activated?,activate_my_card,33,1
Can you activate my card pls,activate_my_card,28,1
How do I turn on my new card?,activate_my_card,29,1
Please assist me in activating the card.,activate_my_card,40,1
Would you be so kind as to activate my card? Thanks,activate_my_card,51,1
I tried activating my card and it doesn't work how do I solve this problem?,activate_my_card,75,1
Can I activate my card with the app?,activate_my_card,36,1
"I want to start using my card, how do I activate it?",activate_my_card,52,1
What is the process to activate a card,activate_my_card,38,1
"Hi, would you please activate my card?",activate_my_card,38,1
What do I need for activation of my card?,activate_my_card,41,1
"How do I activate my card, so that I can start using it?",activate_my_card,56,1
I need my card activated.,activate_my_card,25,1
I would like to be assisted with the activation of my card.,activate_my_card,59,1
I just received my card and I'd like to activate it.,activate_my_card,52,1
can you assist me in activating my card?,activate_my_card,40,1
How do I activate my card to start using it?,activate_my_card,44,1
Instructions for activating card,activate_my_card,32,1
What do I need to do for the card activation?,activate_my_card,45,1
"I am unable to activate my card, it won't let me.",activate_my_card,49,1
When are you going to activate my card?,activate_my_card,39,1
I need to activate my card.,activate_my_card,27,1
How can I activate my new card?,activate_my_card,31,1
What do I do to activate?,activate_my_card,25,1
What steps do I have to take to activate my card?,activate_my_card,49,1
"My new card just arrived, how can I activate it?",activate_my_card,48,1
I am having trouble activating my card.,activate_my_card,39,1
My card is not able to be activated how do I get it to work?,activate_my_card,60,1
I'm not able to activate my card how do I fix this problem?,activate_my_card,59,1
I cannot activate my card.,activate_my_card,26,1
How can I activate the new card i got?,activate_my_card,38,1
how long should i wait ti activate my card,activate_my_card,42,1
How do I activate a card?,activate_my_card,25,1
What is the procedure for activating this card?,activate_my_card,47,1
My card needs to be activated asap,activate_my_card,34,1
What is the most efficient way to activate my new card?,activate_my_card,55,1
I couldn't complete card activation.,activate_my_card,36,1
Who do I call to activate my new card?,activate_my_card,38,1
"You can activate your card in a few seconds by going to account, hitting activate, and just following the directions.",activate_my_card,117,1
Tell me what I need to do to activate my card.,activate_my_card,46,1
What is the process for activating a new card.,activate_my_card,46,1
My card activation is failing.,activate_my_card,30,1
"I need to activate my card, how is that done?",activate_my_card,45,1
I would like to activate my card what do I need to do?,activate_my_card,54,1
I have my card now how do I activate it?,activate_my_card,40,1
How long does it take to activate my card?,activate_my_card,42,1
How do I activate my card so I can start using it?,activate_my_card,50,1
Explain the activation method for this card,activate_my_card,43,1
Can someone assist me with activating my new card?,activate_my_card,50,1
What is the process for activating my new card?,activate_my_card,47,1
I would like to have assistance with activating my card.,activate_my_card,56,1
Tell me how to renew my new card?,activate_my_card,33,1
My new card came in.  How do I activate?,activate_my_card,40,1
How do I active this card?,activate_my_card,26,1
what are the steps to activate my card?,activate_my_card,39,1
I have a new card and need to activate it,activate_my_card,41,1
I would like to get help from someone in your customer service department with assisting me with activating my card.,activate_my_card,116,1
What are the steps that I need to take to activate a new card?,activate_my_card,62,1
I tried activating my card and it didn't work,activate_my_card,45,1
I need my card to be activated right now.,activate_my_card,41,1
What information do I need to gather in order to activate my card?,activate_my_card,66,1
what do i need to have with me to activate card,activate_my_card,47,1
What am I going to need in order to activate my card?,activate_my_card,53,1
Show me how to activate my card,activate_my_card,31,1
I need more assistance with how to activate my card.,activate_my_card,52,1
Can you tell me how I go about activating a new card?,activate_my_card,53,1
My new card needs activating.,activate_my_card,29,1
Where do I activate my card?,activate_my_card,28,1
Do you know the process how to activate my card?,activate_my_card,48,1
How can i make my card active?,activate_my_card,30,1
Please help me with the activation of the new card.,activate_my_card,51,1
Can you help me activate my card,activate_my_card,32,1
My card activation attempt failed.,activate_my_card,34,1
"I just got a new card, and I want to know how to activate.",activate_my_card,58,1
Would it be possible to activate my card?,activate_my_card,41,1
Card activation steps,activate_my_card,21,1
What is the process for activating my card and using it?,activate_my_card,56,1
I have a new card and I need to activate it.,activate_my_card,44,1
Do I have to go somewhere to activate my card?,activate_my_card,46,1
What do I do to activate my new card?,activate_my_card,37,1
I just got a new card how do I get it to start working?,activate_my_card,55,1
I need assistance to activate the card on my account.,activate_my_card,53,1
I can't activate my card?,activate_my_card,25,1
"My new card is here, what's the process for activating it?",activate_my_card,58,1
Where can I activate my card?,activate_my_card,29,1
How can I switch on my new card?,activate_my_card,32,1
"With my new card, how may I activate it?",activate_my_card,40,1
Help me activate my card.,activate_my_card,25,1
"How long does it take to activate the card, as it does not look like its working?",activate_my_card,81,1
"You can do that in just a few seconds. Go to account, hit activate, and follow the directions from there.",activate_my_card,105,1
Card activation is not working. What do i do?,activate_my_card,45,1
What identification is required to activate my card?,activate_my_card,52,1
I need to do a card activation.,activate_my_card,31,1
"I want to activate my card, how do I do it?",activate_my_card,43,1
I want to activate the card.,activate_my_card,28,1
I am planning activating my card was it possible?,activate_my_card,49,1
The activation process for my card isn't working.,activate_my_card,49,1
Could you please tell me how to activate my new card?,activate_my_card,53,1
I need to actuate my card.,activate_my_card,26,1
I need info on activating my card?,activate_my_card,34,1
I would like my card activated.,activate_my_card,31,1
How can I make my card ready to use?,activate_my_card,36,1
Can I use my new card?,activate_my_card,22,1
What steps do I have to go through in order to activate my new card?,activate_my_card,68,1
I have a new card. How do I activate it?,activate_my_card,40,1
"The activation process did not work, please help?",activate_my_card,49,1
I just got my card and cannot get it to work.,activate_my_card,45,1
"Just received my replacement card, what steps do i need to take to activate it?",activate_my_card,79,1
"I want to use my card, how would I activate it?",activate_my_card,47,1
How do I activate my new card,activate_my_card,29,1
"What are the steps to activate the card, as it does not seem to work?",activate_my_card,69,1
I just got my new card.  How can I activate it?,activate_my_card,47,1
Please assist me with activation.,activate_my_card,33,1
Where do I go to activate my card?,activate_my_card,34,1
"If you to to account, hit activate, and follow the instructions, you can activate it in just a few seconds.",activate_my_card,107,1
Is my new card activated?,activate_my_card,25,1
Help my activate my card.,activate_my_card,25,1
i cannot seem to activate card,activate_my_card,30,1
What do I need to do in order to use my card I just got?,activate_my_card,56,1
"My new card has arrived, what's the activation procedure?",activate_my_card,57,1
How can my new card be renewed?,activate_my_card,31,1
What is the proper way to activate a card?,activate_my_card,42,1
How do I activate my card that just arrived?,activate_my_card,44,1
Why is there a charge when I took out money?,cash_withdrawal_charge,44,20
Why have I been charged a fee for cash withdrawal?,cash_withdrawal_charge,50,20
I made a cash withdrawl and there is a charge.  What is this?,cash_withdrawal_charge,61,20
I am inquiring about why there was an extra fee charged when I used an ATM.,cash_withdrawal_charge,75,20
Why am I being charged extra when I withdrew money?,cash_withdrawal_charge,51,20
Why am I charged to get money from the ATM?,cash_withdrawal_charge,43,20
I saw I was charged extra for money I withdrew?,cash_withdrawal_charge,47,20
Is there an extra fee for using an ATM?,cash_withdrawal_charge,39,20
Why did they take more money out then I withdrawed?,cash_withdrawal_charge,51,20
I withdrew cash and was charged,cash_withdrawal_charge,31,20
why has a cash withdrawal charged me?,cash_withdrawal_charge,37,20
I was charged for getting cash.,cash_withdrawal_charge,31,20
"Hello, I have a question concerning an unfamiliar fee that I notice on my account. I see that you guys charge for ATM withdrawal. Never notice this fee until now. Can you please explain?",cash_withdrawal_charge,186,20
Why am I charged a fee for withdrawing cash?,cash_withdrawal_charge,44,20
Why was there a fee for my cash withdrawal?,cash_withdrawal_charge,43,20
I don't understand why I was charged extra for withdrawing money?,cash_withdrawal_charge,65,20
I made a transaction at an atm and was charged extra for it.,cash_withdrawal_charge,60,20
"I was charged extra when I made a cash withdraw, why?",cash_withdrawal_charge,53,20
Why was I charged for cash withdrawal?,cash_withdrawal_charge,38,20
Why was there a fee on my cash withdrawal?,cash_withdrawal_charge,42,20
Why was I charged for a cash withdrawal at the ATM?,cash_withdrawal_charge,51,20
Since when do you charge to make a withdrawal? I've always done it for free. So how much is it now?,cash_withdrawal_charge,99,20
WHY IS THERE AN EXTRA FEE FOR USING THE ATM??!!!,cash_withdrawal_charge,48,20
Is the fee with my cash withdrawal a mistake?,cash_withdrawal_charge,45,20
Why did using an ATM cause me to have an extra fee charged?,cash_withdrawal_charge,59,20
"Why am I being charged for ATM cash withdrawals? The only reason I use it is because it's been free! Now you expect me to pay for them, and how much is that going to cost me?",cash_withdrawal_charge,174,20
Why was my account assessed a fee for an ATM transaction?,cash_withdrawal_charge,57,20
Why am I being charged for ATM fees?,cash_withdrawal_charge,36,20
Why have I been charged for pulling cash out of my own account?,cash_withdrawal_charge,63,20
Why was i charged for making a withdrawal? After i went grocery shopping i withdrew some money from my account and now there is another charge.,cash_withdrawal_charge,143,20
Do you charge for making a withdrawal? I took some money out of my account earlier and I was charged for this.,cash_withdrawal_charge,110,20
"So, I was just charged for my recent ATM withdrawal and any withdrawal prior to this has been free. What is the issue here?",cash_withdrawal_charge,123,20
Why was I charged an extra fee when using an ATM?,cash_withdrawal_charge,49,20
When I got cash I was charged an extra fee!  Explain!,cash_withdrawal_charge,53,20
"I am not supposed to be charged a cash withdrawal fee, but I was.",cash_withdrawal_charge,65,20
I have a question about fee for cash withdraw.,cash_withdrawal_charge,46,20
Could you explain your rules for ATM fees?,cash_withdrawal_charge,42,20
How do I avoid a fee to use an ATM?,cash_withdrawal_charge,35,20
How much can I withdrawal in one month without incurring fees?,cash_withdrawal_charge,62,20
Am I charged more for using the ATM?,cash_withdrawal_charge,36,20
"I just pulled money out of the ATM and was charged a fee, WHy?",cash_withdrawal_charge,62,20
Why was I charged for withdrawing cash?,cash_withdrawal_charge,39,20
"When I withdrew my money, why was there an extra charge?",cash_withdrawal_charge,56,20
I took out money and there is a fee.  Why?,cash_withdrawal_charge,42,20
Is there a cash withdrawal fee? Because I just got charged?,cash_withdrawal_charge,59,20
"Hello, I wanted to get some more information about ATM Withdraw Fee. I have been withdrawing money for years and notice this charge on my account. I always thought it was no fee since its you guys ATM company that I am withdrawing. Can you please explain?",cash_withdrawal_charge,255,20
How much money can I withdraw before fees? I noticed a fee on my card but I didn't think I had hit the limit of how much I could withdraw in a month.,cash_withdrawal_charge,149,20
"This is not right, I was told I could take out cash at the ATM for free?",cash_withdrawal_charge,72,20
How come I got to pay to get my money from the ATM?,cash_withdrawal_charge,51,20
"I just saw a charge for a cash withdrawal that I made! ATM withdrawals have always been free in the past, so why is there suddenly a charge? What is it going to cost me now?",cash_withdrawal_charge,173,20
"Why are you charging for cash withdrawals? I went to withdraw some money earlier today after getting my groceries, and it appears there is a fee that wasn't there before",cash_withdrawal_charge,169,20
What's up with the fee for getting cash?,cash_withdrawal_charge,40,20
"I was told that withdrawing cash from the ATM is free, but I'm charged a fee. Why is this?",cash_withdrawal_charge,90,20
Why are fees charged for cash withdrawals? I went to withdraw some money earlier today after shopping. There's a new fee that there.,cash_withdrawal_charge,132,20
"When I withdrew money from my account the other day, I noticed that there was a fee.  I didn't think that there were any fees for withdrawals...?  How much will I be charged?",cash_withdrawal_charge,174,20
I thought it was free to make a withdrawal. So how much does it cost now?,cash_withdrawal_charge,73,20
I just had a look at my statement. Why have I been changed for using the ATM?,cash_withdrawal_charge,77,20
Why are you charging me for ATM withdrawal? It has always been free before.,cash_withdrawal_charge,75,20
Is there a reason I was charged an extra fee for using the ATM?,cash_withdrawal_charge,63,20
There was an extra fee when I was at the ATM.  Why?,cash_withdrawal_charge,51,20
"I hate this ATM, it charged me an extra fee, Why did it charge?",cash_withdrawal_charge,63,20
Why is it I am charged an extra fee when I use the ATM?,cash_withdrawal_charge,55,20
What's up with the extra fee I got?,cash_withdrawal_charge,35,20
Tell me why there is a charge on my cash withdrawl.,cash_withdrawal_charge,51,20
Why was I charged for getting cash?,cash_withdrawal_charge,35,20
Why am I being charged to make cash withdrawals? I thought they were supposed to be free!,cash_withdrawal_charge,89,20
I should not have been charged a fee for cash withdrawal.,cash_withdrawal_charge,57,20
I got charged a fee that shouldn't be there from my cash,cash_withdrawal_charge,56,20
I was charged a fee for withdrawing cash.,cash_withdrawal_charge,41,20
"I want to get some cash from the ATM using my card but I dont want to be charged any fees. Ive taken some money out before with no fees, but recently Ive been getting charged. Why?",cash_withdrawal_charge,180,20
"I got this stupid fee after taking cash out, why?",cash_withdrawal_charge,49,20
"I was charged for a cash withdrawal, why?",cash_withdrawal_charge,41,20
I got cash and was charged a fee that shouldn't be there!,cash_withdrawal_charge,57,20
Please help!  There was an extra fee when I got cash.,cash_withdrawal_charge,53,20
Why have I all of a sudden been charged for my ATM withdrawal? I thought the withdrawals were free because this is the first time I've ever had this problem.,cash_withdrawal_charge,157,20
Can you tell me why I was charged to withdraw cash?,cash_withdrawal_charge,51,20
Why was I charged a fee when I withdrew money?,cash_withdrawal_charge,46,20
How come my cash withdrawal came with an unnecessary fee?!,cash_withdrawal_charge,58,20
A percentage fee was charged to my withdrawal.,cash_withdrawal_charge,46,20
Will I be charged for a cash withdrawal?,cash_withdrawal_charge,40,20
Explain the extra ATM fees.,cash_withdrawal_charge,27,20
"I just took some cash out of a cash machine in Heathrow airport because I wanted to buy some new sunglasses for my holiday but you've added a fee to the withdrawal, what is this?",cash_withdrawal_charge,178,20
The bank charged me fees for withdrawing cash!,cash_withdrawal_charge,46,20
Why am I charged a fee for getting cash?,cash_withdrawal_charge,40,20
I used an ATM and wanted to know why I was charged an extra fee.,cash_withdrawal_charge,64,20
Is there a fee for a cash withdrawal?,cash_withdrawal_charge,37,20
"I was charged a fee when withdrawing cash, can you explain why?",cash_withdrawal_charge,63,20
"I received a fee for obtaining cash, is this correct?",cash_withdrawal_charge,53,20
Today I noticed a charge for an ATM withdrawal on my account. Can you please fix this? It's supposed to be no charge.,cash_withdrawal_charge,117,20
Why are you charging fees on cash withdrawals? I went to withdraw some money earlier today after buying groceries. There's a fee that wasn't there before.,cash_withdrawal_charge,154,20
Is there a charge for cash withdrawals? I always thought it was free.,cash_withdrawal_charge,69,20
Tell me why there is an extra charge when I used an ATM?,cash_withdrawal_charge,56,20
Why did you charge me extra for withdrawing money?,cash_withdrawal_charge,50,20
Is there always a charge when withdrawing money?,cash_withdrawal_charge,48,20
I have a fee for cash withdrawal,cash_withdrawal_charge,32,20
Make me understand why I am charged an extra fee when I use the ATM.,cash_withdrawal_charge,68,20
Why am I being charge a fee when using an ATM?,cash_withdrawal_charge,46,20
I was under the impression ATM cash withdrawals were free. Why was I suddenly charged for my most recent ATM transaction?,cash_withdrawal_charge,121,20
I didn't realize that there were any fees for withdrawing money from my account--this has never happened to me before.  What exactly are the fees?,cash_withdrawal_charge,146,20
Are there ATM fees?,cash_withdrawal_charge,19,20
"Do you charge for cash withdrawals?  I want to get my hands on my own money and you appear to be charging me for the pleasure! Why is this, you'd never get this with my high street bank!",cash_withdrawal_charge,186,20
"Is there a fee when I get cash from an ATM? Is there a limit I can take out? If there is a fee, what is it?",cash_withdrawal_charge,107,20
Why was there a fee when I pulled cash?,cash_withdrawal_charge,39,20
"The ATM charged me an extra fee, Why?",cash_withdrawal_charge,37,20
Why am I being charged for withdrawing cash but haven't in the past?,cash_withdrawal_charge,68,20
Why did I get a fee for getting cash?,cash_withdrawal_charge,37,20
I have been charged a fee for getting cash,cash_withdrawal_charge,42,20
Why did I get charged when getting cash?,cash_withdrawal_charge,40,20
I made a cash withdrawal and was charged a fee incorrectly can you help with this?,cash_withdrawal_charge,82,20
I got charged fees for withdrawing cash!,cash_withdrawal_charge,40,20
Since when were there charges for taking out cash from my account? It's always been free for me to do this before.  How much are the charges going to be?,cash_withdrawal_charge,153,20
There was an unexpected fee for my cash withdrawal!,cash_withdrawal_charge,51,20
There was an extra fee on my account when I got cash.,cash_withdrawal_charge,53,20
"While getting cash, I was charged a fee.",cash_withdrawal_charge,40,20
Why did I get charged for a withdrawal?,cash_withdrawal_charge,39,20
How come I got charged extra for withdrawing cash?,cash_withdrawal_charge,50,20
Why am I being charged for getting cash?,cash_withdrawal_charge,40,20
Why do I see extra charges for withdrawing my money?,cash_withdrawal_charge,52,20
Anytime I've made an ATM withdrawal before it has always been free. I now say that I have been charged for my most recent ATM withdrawal. What's going on here?,cash_withdrawal_charge,159,20
What's going on? I was just recently charged for an ATM withdrawal. I've never seen this charge before and before it's always been free.,cash_withdrawal_charge,136,20
I saw a fee on my receipt from withdrawing money while shopping earlier.  Is there supposed to be a fee for this type of transaction?,cash_withdrawal_charge,133,20
Why was I charged an extra fee from the ATM?,cash_withdrawal_charge,44,20
"extra fees on a cash withdrawal, not cool.",cash_withdrawal_charge,42,20
Why am I being charged certain fees? I noticed a fee after I withdrew some money for groceries earlier today.,cash_withdrawal_charge,109,20
Have you started charging for cash withdrawals? I always thought it was free until I noticed this fee. How much is the fee?,cash_withdrawal_charge,123,20
Can you tell me why I was charged extra when I withdrew money?,cash_withdrawal_charge,62,20
"It seems I've suddenly been charged for my recent ATM cash withdrawal. What's up with that? I though withdrawals are free, you never charged me so far!",cash_withdrawal_charge,151,20
I believe i was charged for making a withdrawal after i went grocery shopping. Are you guys charging for this now?,cash_withdrawal_charge,114,20
Why was I charged when taking out money?,cash_withdrawal_charge,40,20
is there a charge on withdrawals?,cash_withdrawal_charge,33,20
Are there charges for cash withdrawals?,cash_withdrawal_charge,39,20
Do I get charged for withdrawals?,cash_withdrawal_charge,33,20
I was recently charged for withdrawing money from my bank ATM. How can that be possible when I haven't been charged for using it before?,cash_withdrawal_charge,136,20
Why did I get charged for withdrawing cash?,cash_withdrawal_charge,43,20
When did you start charging to make a withdrawal? How much is it now? I always thought it was free.,cash_withdrawal_charge,99,20
What was the extra charge for withdrawing money?,cash_withdrawal_charge,48,20
I was charged a fee with my cash withdrawal that I shouldn't have been charged.,cash_withdrawal_charge,79,20
Why is there a fee for cash withdrawal?,cash_withdrawal_charge,39,20
Why did using an ATM cause me to be charged an additional fee?,cash_withdrawal_charge,62,20
Why did I get a fee from the ATM?,cash_withdrawal_charge,33,20
to cash withdrawals charge me?,cash_withdrawal_charge,30,20
Why was I charged a fee on a cash withdrawal?,cash_withdrawal_charge,45,20
i withdraw cash from the ATM and was charged a fee,cash_withdrawal_charge,50,20
"Why did I get charged a fee, I thought it was free?",cash_withdrawal_charge,51,20
"I have never been charged for making an ATM cash withdrawal before, but I am now being charged a fee to withdraw cash. What happened?",cash_withdrawal_charge,133,20
I withdrew cash and was charged. Why?,cash_withdrawal_charge,37,20
Why do I have a charge for an ATM withdrawal? I thought these were free?,cash_withdrawal_charge,72,20
I got a strange fee when I used the ATM.,cash_withdrawal_charge,40,20
I used my card the other day to get cash from an ATM and was charged an extra fee. I don't understand why I am being charged a fee all of a sudden. I thought it was free to withdraw from an ATM?,cash_withdrawal_charge,194,20
Why was there a fee with my cash withdrawal?,cash_withdrawal_charge,44,20
what is this extra charge for a withdrawal?,cash_withdrawal_charge,43,20
Is there a charge for getting cash?,cash_withdrawal_charge,35,20
"Hello, I have noticed a problem on my recent withdrawal at the banks atm machine.  I made a transaction and upon receiving my funds from the machine, a fee was assessed to my withdrawal.  Are these types of transactions free of charge?",cash_withdrawal_charge,235,20
I have a strange transaction on my account which appears to pertain to a cash withdrawal I made outside Nandos in Leeds.  What is that for?  Is it fraud?,cash_withdrawal_charge,153,20
Why did you charge me for taking out cash?,cash_withdrawal_charge,42,20
"The past few times I've been to the ATM, I was charged a withdrawal fee. Have your policies changed regarding fees?",cash_withdrawal_charge,115,20
Why am i being charged for withdrawing cash funds?,cash_withdrawal_charge,50,20
What is your policy on withdrawing cash from an ATM? There is a fee on my account that wasn't there before I paid for my groceries.,cash_withdrawal_charge,131,20
What is the extra fee I was charged when using an ATM?,cash_withdrawal_charge,54,20
Why am I charged whenever I withdraw cash?,cash_withdrawal_charge,42,20
Why did you charge me extra when I withdrew cash?,cash_withdrawal_charge,49,20
I used an ATM and there was an extra charge.,cash_withdrawal_charge,44,20
"that fee should not be there, you charged my cash for an unnecessary thing.",cash_withdrawal_charge,75,20
Why was there an extra charge with the withdrawal of my money?,cash_withdrawal_charge,62,20
Why did you charge a fee when I withdrew from an ATM?,cash_withdrawal_charge,53,20
"Why is there now a charge for making cash withdrawals? I wanted some cash after I went to the grocery store, and there's a new fee!",cash_withdrawal_charge,131,20
Why am I being charged to withdrawal money?,cash_withdrawal_charge,43,20
Why was I charged a fee for my withdrawal?,cash_withdrawal_charge,42,20
Why did withdrawing money cost me extra?,cash_withdrawal_charge,40,20
Why was I charged a fee for withdrawing money off my card?,cash_withdrawal_charge,58,20
What is the fee for a cash withdrawal?,cash_withdrawal_charge,38,20
"I withdrew money and got a fee, please explain",cash_withdrawal_charge,46,20
I used my card to get cash then I was charged a fee that I shouldn't have been charged.,cash_withdrawal_charge,87,20
I noticed a different charge while I was taking my money out.,cash_withdrawal_charge,61,20
Why was I charged a fee for withdrawing money?,cash_withdrawal_charge,46,20
Do cash withdrawals cost anything?,cash_withdrawal_charge,34,20
Why is there a fee for getting cash?,cash_withdrawal_charge,36,20
Are there any express fees if i want my new card faster?,card_about_to_expire,56,10
Do I need to do something to get a new card once it expires?,card_about_to_expire,60,10
"I am overseas in China, can I get a replacement card?",card_about_to_expire,53,10
Can I get a new card with new expiration date in China?,card_about_to_expire,55,10
Are there restrictions on new cards in China?,card_about_to_expire,45,10
"Need a new card, mine is expiring.",card_about_to_expire,34,10
"I need a new card to replace an expired one. Will it cost anything, and how soon?",card_about_to_expire,81,10
My card expires next week. How do I get a new one?,card_about_to_expire,50,10
What is the cost and time frame of getting a new card?,card_about_to_expire,54,10
Is it possible to get a new card in China?,card_about_to_expire,42,10
Does it cost much or take long to get a new card? Mine is about to expire.,card_about_to_expire,74,10
Are there steps I need to take before my card expires?,card_about_to_expire,54,10
My card is about to expire.  How do I get a new card?,card_about_to_expire,53,10
Will I receive a new card when mine expires?,card_about_to_expire,44,10
My card is due to expire,card_about_to_expire,24,10
What do I do if my card expires soon?,card_about_to_expire,37,10
"If I am in China, can I still order a new card and if so, how?",card_about_to_expire,62,10
"In a month, my card will reach its expiration date, am I required to request the next card?",card_about_to_expire,91,10
What happens if my card expires?,card_about_to_expire,32,10
"My card's expiring a month from now, should I place an order for the new card?",card_about_to_expire,78,10
Will I be sent a new card before mine expires?,card_about_to_expire,46,10
The date my card expires is coming up,card_about_to_expire,37,10
How can I replace an expired card?,card_about_to_expire,34,10
How do I get a new card sent to China?,card_about_to_expire,38,10
After my card expires what should I do?,card_about_to_expire,39,10
My card is about to expire. What do I need to do to keep using my card?,card_about_to_expire,71,10
"My card will expire soon, do I need to order a new one?",card_about_to_expire,55,10
Where can I have a new bank card sent to China?,card_about_to_expire,47,10
I'm in China and need a new card. Please help.,card_about_to_expire,46,10
Tell me what I should do after my card expires.,card_about_to_expire,47,10
How do I know when my card will expire?,card_about_to_expire,39,10
What is the procedure for an expired card?,card_about_to_expire,42,10
How do I order a new card when my old one is ready to expire?,card_about_to_expire,61,10
What do I do if my card is about to expire?,card_about_to_expire,43,10
What happens after my card expires?,card_about_to_expire,35,10
Where can I order a card when I am in China?,card_about_to_expire,44,10
How do I replace a card that's going to expire?,card_about_to_expire,47,10
If my card becomes expired what can I do?,card_about_to_expire,41,10
What steps should I take before my card expires?,card_about_to_expire,48,10
I need a new card before it expires.,card_about_to_expire,36,10
"When will I get a new card when I order it, and how much will it cost.",card_about_to_expire,70,10
Can I wait for you to send me a new card when mine's about to expire?,card_about_to_expire,69,10
"When my card expires soon, how fast is the replacement card sent and what are the costs?",card_about_to_expire,88,10
How do I order a new card? The current one is about to expire.,card_about_to_expire,62,10
Can I order a new card to China?,card_about_to_expire,32,10
Is ordering a new card from China available?,card_about_to_expire,44,10
What to do if my card is about to expire?,card_about_to_expire,41,10
My card is about to expire.  Are there any costs with a replacement card?  How quick do you mail it to me?,card_about_to_expire,106,10
Is there a way to order a new card while in China?,card_about_to_expire,50,10
"The expiration date on my card is very soon, and I need to get a new one.  What are the price and delivery options for my replacement card?",card_about_to_expire,139,10
If my card is about to expire how long would it take to receive a new one and how much would that cost me?,card_about_to_expire,106,10
My card is about to expire.  How do I order another?,card_about_to_expire,52,10
"My card is expiring soon, How do I order a new card?",card_about_to_expire,52,10
I need to order a new card as my old one will expire soon. Can you tell me how to order a new one?,card_about_to_expire,98,10
When my card expires what is the cost of a replacement and how fast?,card_about_to_expire,68,10
I will need a new card because mine is almost expired.  How fast do I get a replacement and what is the cost?,card_about_to_expire,109,10
Do I need to order a new card if mine is expiring?,card_about_to_expire,50,10
"My card will expire next month, will I need to order a new one?",card_about_to_expire,63,10
Am I able to get this shipped to China?,card_about_to_expire,39,10
My card expires very soon.  What is the cost and delivery time to get a new one?,card_about_to_expire,80,10
"The expiration date for my card is coming up, how do I get a new card?",card_about_to_expire,70,10
Tell me how to replace my expired card.,card_about_to_expire,39,10
Can I order a new card by phone?,card_about_to_expire,32,10
My card is expiring soon.,card_about_to_expire,25,10
My card is about to expired what will happen?,card_about_to_expire,45,10
What should I do when my card reaches its expiry date?,card_about_to_expire,54,10
Please inform me how to get a new card as mine is about to expire.,card_about_to_expire,66,10
"My card expires soon, will you send me one automatically?",card_about_to_expire,57,10
want a new card what are the fees,card_about_to_expire,33,10
My card's expiration date is close.,card_about_to_expire,35,10
What will happen after my card expires?,card_about_to_expire,39,10
Can I get a new card in China?,card_about_to_expire,30,10
"My card is about to expire, what do I do?",card_about_to_expire,41,10
Can I order a new card with the app?,card_about_to_expire,36,10
How do I replace my card before it expires next month?,card_about_to_expire,54,10
My card is expiring so how fast can I get a new one and how much will it be?,card_about_to_expire,76,10
"I need a new card, my old card is expiring.",card_about_to_expire,43,10
How do I replace my card before it expires?,card_about_to_expire,43,10
What can I expect at card expiration?,card_about_to_expire,37,10
"If I order a new card, how much will it be and how long will it take me to get it?",card_about_to_expire,82,10
How can I get a card sent to China?,card_about_to_expire,35,10
What should I do once my card expires?,card_about_to_expire,38,10
How do I order a new card if my current one is about to expire?,card_about_to_expire,63,10
"I want to get a new card before my current one expires, how much will it cost me and how long will it take to get here.",card_about_to_expire,119,10
"My card is going to expire, what do I do?",card_about_to_expire,41,10
Do I need to order a new card before it expires?,card_about_to_expire,48,10
Does it cost anything to get a new card? Mine's about to expire and I'd also like to know how long it takes to get the new one.,card_about_to_expire,127,10
"My bank card has expired, how can I get a new physical card?",card_about_to_expire,60,10
how to get a new card in china,card_about_to_expire,30,10
How do I go about ordering a new bank card?,card_about_to_expire,43,10
"I have a card that expires in the coming month, do I have to specifically ask for the updated card?",card_about_to_expire,99,10
"If my card expires next month, will I need to order a new one?",card_about_to_expire,62,10
"The expiration of my card is near, how do I order a new card?",card_about_to_expire,61,10
What do I do after my card expires?,card_about_to_expire,35,10
Do I need to re-apply to order a new card when my old one's about to expire?,card_about_to_expire,76,10
I need to renew a card that's about to expire,card_about_to_expire,45,10
"If my card is going to expire this month, do I need to order a new one?",card_about_to_expire,71,10
"Soon my card will expire, how do I get a new one?",card_about_to_expire,49,10
Can I order a new card?  Mine is about to expire.,card_about_to_expire,49,10
My card is due to expire soon.,card_about_to_expire,30,10
Can I keep using my card after it expires?,card_about_to_expire,42,10
How do I replace my card?,card_about_to_expire,25,10
Are new cards available from China?,card_about_to_expire,35,10
My card is almost going to expire.,card_about_to_expire,34,10
I'm in China and really need a new card.,card_about_to_expire,40,10
"My card will expire soon, When do I need to order a new one?",card_about_to_expire,60,10
Does it cost anything and how long would it take to get a card if I need a new one? My card is about to expire.,card_about_to_expire,111,10
My card is about to expire. Do I have to go to a branch to order a new card?,card_about_to_expire,76,10
Will you send me a new card in China?,card_about_to_expire,37,10
What do I do about my expired card?,card_about_to_expire,35,10
Can I have a new card shipped to China?,card_about_to_expire,39,10
Am I able to have a card sent to China?,card_about_to_expire,39,10
"My card's expiration is approaching, how do I replace it.",card_about_to_expire,57,10
How do I get a new card when my old one expires?,card_about_to_expire,48,10
What happens when my card expires?,card_about_to_expire,34,10
What is the process when my card is due to expire?,card_about_to_expire,50,10
My card expires soon,card_about_to_expire,20,10
My card is almost expired.  How fast will I get a new one and what is the cost?,card_about_to_expire,79,10
What is the process to get a new card when your old one expires?,card_about_to_expire,64,10
Help me order a new card that's going to be expired soon.,card_about_to_expire,57,10
What do I do when I get close to the expiration date of my card?,card_about_to_expire,64,10
My card is about to expire.  Where do I get a new one.,card_about_to_expire,54,10
want to get a new card in china,card_about_to_expire,31,10
Can you give me info about what to do when my card expires?,card_about_to_expire,59,10
"My card has an expiration date, will you send a new one automatically?",card_about_to_expire,70,10
Can I get a new card even though I am in China?,card_about_to_expire,47,10
"My card is expiring, how do I get a new one?",card_about_to_expire,44,10
"I think my card is expiring, what happens then?",card_about_to_expire,47,10
How do I get a new expiration date?,card_about_to_expire,35,10
"Hi, I have an apple watch. How do I use it to top up my card?",apple_pay_or_google_pay,61,3
Can I use google pay to top up?,apple_pay_or_google_pay,31,3
why top up is not working even if I got my American Express in Apple Bay?,apple_pay_or_google_pay,73,3
Can I deposit money using Apple Pay?,apple_pay_or_google_pay,36,3
Can I use google pay for topping -up,apple_pay_or_google_pay,36,3
I do I top up from my Apple Watch?,apple_pay_or_google_pay,34,3
"I need to top up, can I use google pay?",apple_pay_or_google_pay,39,3
How do I go about topping up with Google Pay?,apple_pay_or_google_pay,45,3
google pay top up did not work,apple_pay_or_google_pay,30,3
Google play top up help?,apple_pay_or_google_pay,24,3
What currencies does google pay top up accept?,apple_pay_or_google_pay,46,3
Can I use my American Express card with Apple Pay?,apple_pay_or_google_pay,50,3
Why can't I get my top up to work in Apple Pay?,apple_pay_or_google_pay,47,3
Can I use my apple watch to top-up?,apple_pay_or_google_pay,35,3
Is top-up possible with Apple Pay?,apple_pay_or_google_pay,34,3
Why isn't my google top-up pay working?,apple_pay_or_google_pay,39,3
What do I do if my Google pay top up isn't working?,apple_pay_or_google_pay,51,3
Can I top up with Google Pay?,apple_pay_or_google_pay,29,3
Am I able to use Apple Pay?,apple_pay_or_google_pay,27,3
"I got my American Express in Apple Pay, why is top up not working in my country?",apple_pay_or_google_pay,80,3
Can I add funds directly from my Apple Watch?,apple_pay_or_google_pay,45,3
"Apple watch top up help, please?",apple_pay_or_google_pay,32,3
"I am having a slight problem with my American express in apple play, can you help me fix the problem with top up?",apple_pay_or_google_pay,113,3
"In regards to top-ups, can I do them via Google Pay?",apple_pay_or_google_pay,52,3
How do you Top Up on the apple watch?,apple_pay_or_google_pay,37,3
Am I able to top up with Apple Pay?,apple_pay_or_google_pay,35,3
Can I use top-up with Apple pay?,apple_pay_or_google_pay,32,3
"I want to top up from my Apple Watch, can I?",apple_pay_or_google_pay,44,3
Can I use the apple watch to make a top-up?,apple_pay_or_google_pay,43,3
"My American express works with my apple pay, why is top up not working?",apple_pay_or_google_pay,71,3
I would like to know if I can top up with Google Pay.,apple_pay_or_google_pay,53,3
Can I top-up via Apple Pay?,apple_pay_or_google_pay,27,3
Can I top up using my apple watch?,apple_pay_or_google_pay,34,3
Why is top up not working for my apple pay app,apple_pay_or_google_pay,46,3
Can I use Apple Pay to top-up?,apple_pay_or_google_pay,30,3
Why doesn't my Google pay top up work?,apple_pay_or_google_pay,38,3
How can I set up Google Pay on my device?,apple_pay_or_google_pay,41,3
Can you show me how to top up with Google play?,apple_pay_or_google_pay,47,3
I seem to be having trouble with my Google Pay Top. Can you please help?,apple_pay_or_google_pay,72,3
Does Google Pay offer a top up option?,apple_pay_or_google_pay,38,3
"I got my American Express in Apple Pay, why is top up not working on my device?",apple_pay_or_google_pay,79,3
How do I get Top Up to work in Apple Pay?,apple_pay_or_google_pay,41,3
is apple pay a top up service?,apple_pay_or_google_pay,30,3
How do I top up using my Apple Watch?,apple_pay_or_google_pay,37,3
I want to top up my account. Can I do it with Google Pay?,apple_pay_or_google_pay,57,3
Can I use my apple watch to top up?,apple_pay_or_google_pay,35,3
"I received my American Express in Apple Pay, is there a reason why top up is not functioning properly?",apple_pay_or_google_pay,102,3
Can I use my Apple Watch to pay for gas?,apple_pay_or_google_pay,40,3
I would like to use top-up with my Apple Pay.,apple_pay_or_google_pay,45,3
how do I get top up to work for my card,apple_pay_or_google_pay,39,3
My google top-up pay is not going through,apple_pay_or_google_pay,41,3
how do i set up my apple pay watch to connect to my account,apple_pay_or_google_pay,59,3
need help with google pay top up,apple_pay_or_google_pay,32,3
My Google pay top up isn't working.,apple_pay_or_google_pay,35,3
"Help me please, My Apple Pay American Express top up does not work.",apple_pay_or_google_pay,67,3
Are top-ups allowed using Apple Pay?,apple_pay_or_google_pay,36,3
Is topping up with Apple Pay possible?,apple_pay_or_google_pay,38,3
what can I do if I got my American Express in Apple Bay but top up is not working?,apple_pay_or_google_pay,82,3
Top up is not working even though I have my AMEX in apple pay.,apple_pay_or_google_pay,62,3
where do I top up my google pay?,apple_pay_or_google_pay,32,3
"Using Google Pay, can I top up?",apple_pay_or_google_pay,31,3
Why is top up not working if I use my American express with my apple pay?,apple_pay_or_google_pay,73,3
Unable to use my American Express with Apple Pay to top up my account,apple_pay_or_google_pay,69,3
Does my top up and apple pay work together?,apple_pay_or_google_pay,43,3
I can't use top up on Google Pay.,apple_pay_or_google_pay,33,3
"I have received my American express in apple play, looks like top up has an issue, please help?",apple_pay_or_google_pay,95,3
Why isn't my google pay top up working?,apple_pay_or_google_pay,39,3
Is it possible for me to top up with Google Pay?,apple_pay_or_google_pay,48,3
Can apple pay handle top up exchanges?,apple_pay_or_google_pay,38,3
Am I able to Top Up with Apply Pay?,apple_pay_or_google_pay,35,3
How do i top up my google pay?,apple_pay_or_google_pay,30,3
I want to top up with my Apple Watch.,apple_pay_or_google_pay,37,3
Could google pay and top up be together?,apple_pay_or_google_pay,40,3
I can't get google pay to work right.,apple_pay_or_google_pay,37,3
Does google play offer the service to Top up?,apple_pay_or_google_pay,45,3
Can I top-up my google pay?,apple_pay_or_google_pay,27,3
Can I use American express with apple pay? Why does it make my top up not work?,apple_pay_or_google_pay,79,3
Can I top up my account with Google Pay?,apple_pay_or_google_pay,40,3
I cannot get my google pay to work.,apple_pay_or_google_pay,35,3
Is there a way to top up using my Apple Watch?,apple_pay_or_google_pay,46,3
I can't get my Google Pay Top to work. Are there any issues on your end?,apple_pay_or_google_pay,72,3
can I top up an apple pay?,apple_pay_or_google_pay,26,3
Can you explain why my Google Pay Top isn't working?,apple_pay_or_google_pay,52,3
Am I able to do top-ups with Google Pay?,apple_pay_or_google_pay,40,3
What are the steps needed to top up with Apple Pay?,apple_pay_or_google_pay,51,3
"i received my American Express in Apple pay, is there a reason why top up is not working?",apple_pay_or_google_pay,89,3
Google Pay Top up isn't working,apple_pay_or_google_pay,31,3
Can you help me get Top Up to work in the Apple Pay function?,apple_pay_or_google_pay,61,3
Will be Apple Watch be able to let me top up?,apple_pay_or_google_pay,45,3
How can I top up with my apple watch?,apple_pay_or_google_pay,37,3
What services can I use to top up?,apple_pay_or_google_pay,34,3
Can an apple watch be used to tup-up?,apple_pay_or_google_pay,37,3
Can I use my Apple watch to fill my gas tank?,apple_pay_or_google_pay,45,3
Why isn't my Google Pay top up working for me? Did I do something wrong?,apple_pay_or_google_pay,72,3
What should I do to top up using my Apple Watch?,apple_pay_or_google_pay,48,3
my google pay seems to be acting up.,apple_pay_or_google_pay,36,3
"top up google pay, is it possible?",apple_pay_or_google_pay,34,3
is it possible to top-up with google pay.,apple_pay_or_google_pay,41,3
how do i setup my apple pay,apple_pay_or_google_pay,27,3
is there a way to do top up with apple pay,apple_pay_or_google_pay,42,3
top up for my american express card is not working,apple_pay_or_google_pay,50,3
How to activate Google Pay for top up?,apple_pay_or_google_pay,38,3
My Google pay top up isn't working. Help.,apple_pay_or_google_pay,41,3
I can't see my Google Pay top up. Is it not working correctly?,apple_pay_or_google_pay,62,3
How can I get my Google pay top up to work?,apple_pay_or_google_pay,43,3
Google pay top up not working.,apple_pay_or_google_pay,30,3
My Apple Pay top up with my American Express card is not working? Please tell me why,apple_pay_or_google_pay,84,3
Is it possible to top up with Google Pay?,apple_pay_or_google_pay,41,3
Can top ups be done from an apple watch.,apple_pay_or_google_pay,40,3
Can you assist on apple watch top ups?,apple_pay_or_google_pay,38,3
"i received my American Express in Apple pay, why is top up not working?",apple_pay_or_google_pay,71,3
How can I top up using google pay?,apple_pay_or_google_pay,34,3
"i have been trying to add money with apple pay but it wont work, why?",apple_pay_or_google_pay,69,3
Google Pay isn't working. What is wrong?,apple_pay_or_google_pay,40,3
Google Pay won't let me top up.,apple_pay_or_google_pay,31,3
"Apple pay is not accepting my American Express card, can you assist me with this problem?",apple_pay_or_google_pay,89,3
"I got my American Express in Apple Pay, why is top up not working correctly?",apple_pay_or_google_pay,76,3
"Can you please assist me in Apple Pay, in getting Top Up to work?",apple_pay_or_google_pay,65,3
Can I use google play as my primary app to Top up?,apple_pay_or_google_pay,50,3
Does Apple Watch support the topping-off of my account?,apple_pay_or_google_pay,55,3
I'm trying to use my Apple Watch to top up my google pay. Do I need a special app?,apple_pay_or_google_pay,82,3
Can I pay for my gas using my Apple watch?,apple_pay_or_google_pay,42,3
"Can Google Pay be used for top up, please help?",apple_pay_or_google_pay,47,3
How can I top up with Google play?,apple_pay_or_google_pay,34,3
How can I top up with Apple Pay?,apple_pay_or_google_pay,32,3
Is it possible to use my apple watch for topping up?,apple_pay_or_google_pay,52,3
What do you require for identity verification?,verify_my_identity,46,69
How can I prove I am me?,verify_my_identity,24,69
I need to verify my identity. How do I do that?,verify_my_identity,47,69
How do I verify my identity?,verify_my_identity,28,69
How do I verify my identity online,verify_my_identity,34,69
I'm not sure how to complete the identity checks process.,verify_my_identity,57,69
why must I prove ID,verify_my_identity,19,69
What am I going to need in order to verify my identity?,verify_my_identity,55,69
How do I prove I am who I am?,verify_my_identity,29,69
How and where can I find the identity checks?,verify_my_identity,45,69
What are the requirements to verify my identity?,verify_my_identity,48,69
What do I need to do to perform identity checks?,verify_my_identity,48,69
Show me how to verify my identity?,verify_my_identity,34,69
How recent do my documents need to be for verification?,verify_my_identity,55,69
Can you tell me what I need to do for the identity check process?,verify_my_identity,65,69
What documents are required for proof of identity?,verify_my_identity,50,69
What documents do I need to validate my identity?,verify_my_identity,49,69
Hi! What documents can I use to verify my identity?,verify_my_identity,51,69
what steps do you take to check identity,verify_my_identity,40,69
What will I need to verify my identity,verify_my_identity,38,69
How can I verify my identity?,verify_my_identity,29,69
What proof of identification is needed?,verify_my_identity,39,69
How do I perform identity checks?,verify_my_identity,33,69
What do I need for the identity verification?,verify_my_identity,45,69
Can you tell me what I need for identity validation?,verify_my_identity,52,69
What do you need for the identity verification,verify_my_identity,46,69
What documents do I need to get together to verify my identity?,verify_my_identity,63,69
How do I go through the identity checks?,verify_my_identity,40,69
What steps do I need to take for the identity checking process?,verify_my_identity,63,69
What are the steps to verify identity?,verify_my_identity,38,69
What is the identity verification process?,verify_my_identity,42,69
What are all of the different steps for identity checks?,verify_my_identity,56,69
Where do I go to fill out the identity form?,verify_my_identity,44,69
Please tell me how I verify my identity.,verify_my_identity,40,69
How can I prove who I am?,verify_my_identity,25,69
What works for identity verification?,verify_my_identity,37,69
What do I need in regards to identification?,verify_my_identity,44,69
Please tell me the steps to verify my identity.,verify_my_identity,47,69
What forms of ID do you need for identity verification?,verify_my_identity,55,69
Where can I verify my identity?,verify_my_identity,31,69
I'm not sure what I need to verify my identity.,verify_my_identity,47,69
Can you tell me what i need for the identity check?,verify_my_identity,51,69
What do you require to verify someone's identity?,verify_my_identity,49,69
What are the steps for identity checks?,verify_my_identity,39,69
How do I verify my ID?,verify_my_identity,22,69
If I don't have all my documents can they still verify my identity?,verify_my_identity,67,69
why do I have to show my ID,verify_my_identity,27,69
I don't know how to verify my identity.,verify_my_identity,39,69
Do I need any kind of proof for the identity check?,verify_my_identity,51,69
Can I get a full list of instructions for identity checks?,verify_my_identity,58,69
Let me know what the steps for the identity checks are,verify_my_identity,54,69
What do I need for the verification check?,verify_my_identity,42,69
Where do I go to verify my identity?,verify_my_identity,36,69
What needs to be provided for identity verification?,verify_my_identity,52,69
"I was told to verify my identity, how do I do that?",verify_my_identity,51,69
Can I use my social security card as a form of identity?,verify_my_identity,56,69
with what can I verify my identity?,verify_my_identity,35,69
what documentation do I need for the identity check?,verify_my_identity,52,69
How do I fill out the identity check?,verify_my_identity,37,69
What documentation do you accept for the identity check?,verify_my_identity,56,69
can i verify my identity i the app,verify_my_identity,34,69
What has to be done to verify my identity?,verify_my_identity,42,69
I have to verify my identity. What do I need to do?,verify_my_identity,51,69
What type of ID do you accept?,verify_my_identity,30,69
What do I need for the identity check?,verify_my_identity,38,69
"If I'm getting my identity verified, what all do I need?",verify_my_identity,56,69
Explain how to verify my identity?,verify_my_identity,34,69
What forms of ID work for verification?,verify_my_identity,39,69
What are the steps of verifying an identity?,verify_my_identity,44,69
Can I verify my identity?,verify_my_identity,25,69
Where can I go to find out how to verify my identity?,verify_my_identity,53,69
How do I validate my identity.,verify_my_identity,30,69
im worried about fraud how do you protect my account,verify_my_identity,52,69
What do you demand for identity verification?,verify_my_identity,45,69
"I'm trying to verify my identity but can't figure out how, what do I do?",verify_my_identity,72,69
What documentation is needed for the identity check?,verify_my_identity,52,69
Which documents do I need for this identity check?,verify_my_identity,50,69
What can I use to verify my identity?,verify_my_identity,37,69
What all is needed for the identity verification?,verify_my_identity,49,69
"For the identity check, do I need any kind of documentation?",verify_my_identity,60,69
What is needed for identity verification?,verify_my_identity,41,69
Tell me what the steps for the identity checks are,verify_my_identity,50,69
What are acceptable documents to prove my identity?,verify_my_identity,51,69
"For the identity verification, what do you need?",verify_my_identity,48,69
What documents do you need to verify my identity?,verify_my_identity,49,69
How do i change my identity?,verify_my_identity,28,69
Can I get information on the identity checks?,verify_my_identity,45,69
Where in the app do I go to verify my identity?,verify_my_identity,47,69
How can you assist on verifying my identity?,verify_my_identity,44,69
How do I go about verifying my identity?,verify_my_identity,40,69
why do I need to show ID,verify_my_identity,24,69
What do you require for identification verification?,verify_my_identity,52,69
What forms of ID should I use for verification?,verify_my_identity,47,69
What are the steps for the identity checks?,verify_my_identity,43,69
What ID do I need to verify my identity?,verify_my_identity,40,69
How do I complete the ID check?,verify_my_identity,31,69
How do you check my identity?,verify_my_identity,29,69
What documents do I need for the identity check?,verify_my_identity,48,69
What do I use to verify my identity?,verify_my_identity,36,69
What is needed for the identity verification?,verify_my_identity,45,69
"For the identity check, what kind of documents do I need to have?",verify_my_identity,65,69
What form of identification is accepted?,verify_my_identity,40,69
What is necessary for the identity verification?,verify_my_identity,48,69
what documents do i need to verify who i am,verify_my_identity,43,69
Which countries are you available in?,country_support,37,25
Where are you cards supported?,country_support,30,25
How do I get a card if I live in the US?,country_support,40,25
Please list the countries you support.,country_support,38,25
Are these cards available in europe?,country_support,36,25
If I live outside of the UK am I still eligible for a card?,country_support,59,25
Can I get a card in the EU?,country_support,27,25
Can I use my card in Austria?,country_support,29,25
Do you have to be in the UK to get a card?,country_support,42,25
Can I use this all over the world?,country_support,34,25
Can I get a card even though I live in the US,country_support,45,25
Do you provide cards to people not in the UK?,country_support,45,25
What countries are you located in?,country_support,34,25
Which countries does your service work in?,country_support,42,25
Which countries do you operate in,country_support,33,25
From what countries can I use an account?,country_support,41,25
Can the card be mailed to Europe?,country_support,33,25
Who gets support?,country_support,17,25
i live in portugal. do you operate here?,country_support,40,25
I live in the EU - can I get a card?,country_support,36,25
What countries do your accounts send and receive to?,country_support,52,25
How do I get a card in the EU?,country_support,30,25
How does a US resident go about acquiring a new card?,country_support,53,25
Can you tell me the countries you operate in?,country_support,45,25
As far as courtries go which ones are supported?,country_support,48,25
May I get one of your cards?  I live in the EU.,country_support,47,25
can i get a card if I live in the usa?,country_support,38,25
What countries do you operate in?,country_support,33,25
Where are you present globally?,country_support,31,25
What are the countries that you operate in?,country_support,43,25
Which countries are supported,country_support,29,25
Is this open to residents of all countries?,country_support,43,25
Is it possible to get one of your cards in the European Union?,country_support,62,25
Are you located in other countries?,country_support,35,25
"Although I am not located in the UK area, may i still receive a card?",country_support,69,25
can usa residents get a card?,country_support,29,25
What countries can I use my account in?,country_support,39,25
What countries are you available in?,country_support,36,25
Is it possible for a person who lives in the US to get a card?,country_support,62,25
Are your cards supported in the EU?,country_support,35,25
Are cards issued to people living in the US?,country_support,44,25
In which countries does your app work,country_support,37,25
Any chance of getting the card outside the UK?,country_support,46,25
Which countries do you work with?,country_support,33,25
I would like to know the countries you are offer services in?,country_support,61,25
Can I get a card in the US?,country_support,27,25
Can I get support?,country_support,18,25
I don't live in the UK. Can I still get a card?,country_support,47,25
Can you tell me what countries you offer support for?,country_support,53,25
Can I use it outside of Europe?,country_support,31,25
Can I apply for one of your cards if I live in the EU?,country_support,54,25
can i get a card if i live in the US?,country_support,37,25
What countries do your services support?,country_support,40,25
Are cards available to those outside of the UK?,country_support,47,25
Do you do business in the EU?,country_support,29,25
Is it possible to get a card outside the UK?,country_support,44,25
I live in Germany. Is that one of the countries you are in? What other countries are you in?,country_support,92,25
What are the countries you have offices in?,country_support,43,25
How do I sign up for a card if I'm in America?,country_support,46,25
Will my new card work outside of the EU?,country_support,40,25
Is it possible to get a card when i'm not in the UK?,country_support,52,25
Can I get a card if I don't reside in the UK?,country_support,45,25
"If I don't live in the UK, can I get a card?",country_support,44,25
can I use it in any country?,country_support,28,25
What countries are you issuing cards for?,country_support,41,25
Can I get a card? I live in the US.,country_support,35,25
I would like to get your card in EU. Is that possible?,country_support,54,25
Do you offer cards for those in other countries?,country_support,48,25
"I have my residency in the US, but I would love to get a card.",country_support,62,25
"I reside in the US, but I want a card.",country_support,38,25
are there any country restrictions?,country_support,35,25
How do I find out what countries you service and what countries you do not?,country_support,75,25
what countries can i use my card in,country_support,35,25
What countries can I use your services?,country_support,39,25
I live in the EU.  Can I order one of your cards?,country_support,49,25
Where can I get a card in the EU?,country_support,33,25
Can I get a card that works in other countries like Africa and Indonesia?,country_support,73,25
Are you available in my country?,country_support,32,25
How many countries do you work in?,country_support,34,25
Are you only able to get a card if you're in the UK?,country_support,52,25
Which countries do you support?,country_support,31,25
How do I know which countries you provide service in?,country_support,53,25
Please tell me how to get a card if I reside in the US.,country_support,55,25
What countries have access to this service.,country_support,43,25
"I live in America, but I would like a card.",country_support,43,25
Do you issue cards for someone living in the US?,country_support,48,25
Is this card available to Americans?,country_support,36,25
Can I get a card although I'm not in the UK,country_support,43,25
"If I don't live in the UK, can I still get a card?",country_support,50,25
Is there anywhere  In the  Eu  this card can not be delivered in,country_support,64,25
"I'm not in the UK, but can I still get a card?",country_support,46,25
In which countries can I get a card?,country_support,36,25
Can someone in the US have a card?,country_support,34,25
Can I have a card even if I am not living in the UK?,country_support,52,25
You operate in which countries?,country_support,31,25
i want to get a card but i live in the US,country_support,41,25
What are your supported countries?,country_support,34,25
where do you have locations at,country_support,30,25
Do you support countries other than mine?,country_support,41,25
Do you support all countries?,country_support,29,25
Can you tell me the countries you provide support for.,country_support,54,25
"I live in the EU, can I get one of your cards?",country_support,46,25
Can an American resident apply to get a card?,country_support,45,25
What countries can I use the card in?,country_support,37,25
I need a new card and I live in the United States.,country_support,50,25
Supported countries,country_support,19,25
What are the countries you support.,country_support,35,25
Which countries are you in?,country_support,27,25
Where in the European Union can I get a card?,country_support,45,25
I am in the EU. Can I get one of your cards?,country_support,44,25
I live in the UK. Can I get a card?,country_support,35,25
"I need to get a card, but I live in the US.",country_support,43,25
I am not in the UK can i get a card?,country_support,36,25
Which countries do you currently support?,country_support,41,25
Is it possible to get one the your cards in the EU?,country_support,51,25
"I want a card, but I'm not in the UK- can I get one still?",country_support,58,25
Are your cards available in the EU?,country_support,35,25
I'm in the EU. Can I get one of your cards?,country_support,43,25
Is this card available to United States Residents?,country_support,50,25
can I use it all over the world?,country_support,32,25
Do you work in Greece?,country_support,22,25
What countries do your accounts support?,country_support,40,25
I live in the US and I would like to get a card. How do I go about getting one?,country_support,79,25
I just moved to the US how do I get a card?,country_support,43,25
You provide support in what countries?,country_support,38,25
What countries are you supporting?,country_support,34,25
What countries are getting support?,country_support,35,25
Are cards available in the EU?,country_support,30,25
Which countries are represented?,country_support,32,25
