Top1,Top2,Top3
card_arrival,order_physical_card,lost_or_stolen_card
card_arrival,card_delivery_estimate,card_linking
card_arrival,card_delivery_estimate,order_physical_card
card_arrival,card_delivery_estimate,card_about_to_expire
card_arrival,card_delivery_estimate,card_about_to_expire
card_delivery_estimate,card_arrival,card_about_to_expire
card_arrival,card_delivery_estimate,card_linking
card_arrival,card_delivery_estimate,lost_or_stolen_card
card_arrival,card_delivery_estimate,card_linking
card_arrival,card_delivery_estimate,card_about_to_expire
card_arrival,card_delivery_estimate,card_linking
card_delivery_estimate,card_arrival,card_about_to_expire
card_arrival,card_delivery_estimate,card_about_to_expire
card_arrival,card_delivery_estimate,card_linking
card_arrival,card_delivery_estimate,card_about_to_expire
card_arrival,balance_not_updated_after_cheque_or_cash_deposit,card_delivery_estimate
card_arrival,card_delivery_estimate,reverted_card_payment?
card_arrival,card_delivery_estimate,lost_or_stolen_card
card_arrival,card_delivery_estimate,card_linking
card_arrival,card_delivery_estimate,card_linking
card_arrival,card_delivery_estimate,lost_or_stolen_card
card_arrival,card_linking,card_delivery_estimate
card_arrival,card_delivery_estimate,card_about_to_expire
card_arrival,card_delivery_estimate,lost_or_stolen_card
card_arrival,card_delivery_estimate,lost_or_stolen_card
card_arrival,card_delivery_estimate,card_linking
card_arrival,card_delivery_estimate,reverted_card_payment?
card_arrival,card_delivery_estimate,card_about_to_expire
card_arrival,card_delivery_estimate,lost_or_stolen_card
card_arrival,card_delivery_estimate,card_linking
card_arrival,card_delivery_estimate,card_about_to_expire
card_arrival,card_delivery_estimate,card_linking
card_arrival,card_delivery_estimate,card_about_to_expire
card_arrival,card_delivery_estimate,pending_card_payment
card_arrival,card_delivery_estimate,card_linking
card_arrival,card_delivery_estimate,card_linking
card_arrival,lost_or_stolen_card,card_linking
unable_to_verify_identity,why_verify_identity,card_arrival
card_arrival,card_delivery_estimate,card_linking
card_arrival,card_delivery_estimate,card_linking
card_linking,lost_or_stolen_phone,card_not_working
card_linking,activate_my_card,card_not_working
card_linking,activate_my_card,card_arrival
card_linking,activate_my_card,card_not_working
card_linking,activate_my_card,card_not_working
card_linking,card_arrival,lost_or_stolen_card
card_linking,activate_my_card,card_not_working
card_linking,order_physical_card,getting_spare_card
card_linking,activate_my_card,card_arrival
card_linking,activate_my_card,card_not_working
card_linking,activate_my_card,card_not_working
card_linking,activate_my_card,card_not_working
card_linking,activate_my_card,card_not_working
card_linking,activate_my_card,card_not_working
card_linking,activate_my_card,card_not_working
card_linking,card_arrival,lost_or_stolen_card
card_linking,activate_my_card,card_not_working
card_linking,activate_my_card,card_arrival
card_linking,compromised_card,lost_or_stolen_card
card_linking,activate_my_card,terminate_account
card_linking,card_arrival,activate_my_card
card_linking,activate_my_card,passcode_forgotten
card_linking,activate_my_card,card_not_working
card_linking,activate_my_card,card_not_working
card_linking,lost_or_stolen_card,card_arrival
card_linking,activate_my_card,card_not_working
card_arrival,card_linking,lost_or_stolen_card
card_linking,activate_my_card,card_not_working
card_linking,activate_my_card,card_not_working
card_linking,activate_my_card,card_not_working
card_linking,activate_my_card,card_not_working
card_linking,activate_my_card,card_not_working
card_linking,activate_my_card,lost_or_stolen_card
card_linking,activate_my_card,card_not_working
card_linking,activate_my_card,card_not_working
card_linking,lost_or_stolen_card,card_arrival
card_linking,activate_my_card,card_arrival
card_linking,activate_my_card,card_not_working
card_linking,activate_my_card,card_not_working
card_linking,getting_spare_card,activate_my_card
exchange_rate,wrong_exchange_rate_for_cash_withdrawal,card_payment_wrong_exchange_rate
exchange_rate,wrong_exchange_rate_for_cash_withdrawal,card_payment_wrong_exchange_rate
exchange_rate,wrong_exchange_rate_for_cash_withdrawal,card_payment_wrong_exchange_rate
exchange_rate,wrong_exchange_rate_for_cash_withdrawal,card_payment_wrong_exchange_rate
exchange_rate,wrong_exchange_rate_for_cash_withdrawal,card_payment_wrong_exchange_rate
exchange_rate,wrong_exchange_rate_for_cash_withdrawal,card_payment_wrong_exchange_rate
exchange_rate,card_payment_wrong_exchange_rate,wrong_exchange_rate_for_cash_withdrawal
exchange_rate,wrong_exchange_rate_for_cash_withdrawal,card_payment_wrong_exchange_rate
exchange_rate,wrong_exchange_rate_for_cash_withdrawal,card_payment_wrong_exchange_rate
exchange_rate,wrong_exchange_rate_for_cash_withdrawal,card_payment_wrong_exchange_rate
exchange_rate,wrong_exchange_rate_for_cash_withdrawal,card_payment_wrong_exchange_rate
exchange_rate,wrong_exchange_rate_for_cash_withdrawal,card_payment_wrong_exchange_rate
exchange_rate,wrong_exchange_rate_for_cash_withdrawal,card_payment_wrong_exchange_rate
exchange_via_app,exchange_charge,fiat_currency_support
exchange_rate,card_payment_wrong_exchange_rate,wrong_exchange_rate_for_cash_withdrawal
exchange_rate,wrong_exchange_rate_for_cash_withdrawal,card_payment_wrong_exchange_rate
exchange_rate,wrong_exchange_rate_for_cash_withdrawal,card_payment_wrong_exchange_rate
exchange_rate,wrong_exchange_rate_for_cash_withdrawal,card_payment_wrong_exchange_rate
exchange_rate,wrong_exchange_rate_for_cash_withdrawal,card_payment_wrong_exchange_rate
exchange_rate,wrong_exchange_rate_for_cash_withdrawal,card_payment_wrong_exchange_rate
exchange_rate,wrong_exchange_rate_for_cash_withdrawal,card_payment_wrong_exchange_rate
exchange_rate,wrong_exchange_rate_for_cash_withdrawal,card_payment_wrong_exchange_rate
exchange_rate,wrong_exchange_rate_for_cash_withdrawal,card_payment_wrong_exchange_rate
exchange_rate,wrong_exchange_rate_for_cash_withdrawal,card_payment_wrong_exchange_rate
exchange_rate,wrong_exchange_rate_for_cash_withdrawal,card_payment_wrong_exchange_rate
exchange_rate,wrong_exchange_rate_for_cash_withdrawal,card_payment_wrong_exchange_rate
exchange_rate,card_payment_wrong_exchange_rate,wrong_exchange_rate_for_cash_withdrawal
exchange_rate,wrong_exchange_rate_for_cash_withdrawal,card_payment_wrong_exchange_rate
exchange_rate,wrong_exchange_rate_for_cash_withdrawal,card_payment_wrong_exchange_rate
exchange_rate,wrong_exchange_rate_for_cash_withdrawal,card_payment_wrong_exchange_rate
exchange_rate,wrong_exchange_rate_for_cash_withdrawal,card_payment_wrong_exchange_rate
exchange_rate,wrong_exchange_rate_for_cash_withdrawal,card_payment_wrong_exchange_rate
exchange_rate,wrong_exchange_rate_for_cash_withdrawal,card_payment_wrong_exchange_rate
exchange_rate,wrong_exchange_rate_for_cash_withdrawal,card_payment_wrong_exchange_rate
exchange_rate,wrong_exchange_rate_for_cash_withdrawal,card_payment_wrong_exchange_rate
exchange_rate,card_payment_wrong_exchange_rate,wrong_exchange_rate_for_cash_withdrawal
exchange_rate,wrong_exchange_rate_for_cash_withdrawal,card_payment_wrong_exchange_rate
exchange_rate,wrong_exchange_rate_for_cash_withdrawal,card_payment_wrong_exchange_rate
exchange_rate,wrong_exchange_rate_for_cash_withdrawal,card_payment_wrong_exchange_rate
exchange_rate,wrong_exchange_rate_for_cash_withdrawal,card_payment_wrong_exchange_rate
card_payment_wrong_exchange_rate,wrong_exchange_rate_for_cash_withdrawal,transfer_fee_charged
card_payment_wrong_exchange_rate,wrong_exchange_rate_for_cash_withdrawal,transfer_fee_charged
card_payment_wrong_exchange_rate,wrong_exchange_rate_for_cash_withdrawal,exchange_rate
card_payment_wrong_exchange_rate,wrong_exchange_rate_for_cash_withdrawal,exchange_rate
card_payment_wrong_exchange_rate,wrong_exchange_rate_for_cash_withdrawal,exchange_rate
card_payment_wrong_exchange_rate,wrong_exchange_rate_for_cash_withdrawal,exchange_rate
card_payment_wrong_exchange_rate,wrong_exchange_rate_for_cash_withdrawal,exchange_rate
card_payment_wrong_exchange_rate,wrong_exchange_rate_for_cash_withdrawal,direct_debit_payment_not_recognised
card_payment_wrong_exchange_rate,wrong_exchange_rate_for_cash_withdrawal,transfer_fee_charged
card_payment_wrong_exchange_rate,wrong_exchange_rate_for_cash_withdrawal,transaction_charged_twice
card_payment_wrong_exchange_rate,wrong_exchange_rate_for_cash_withdrawal,exchange_rate
card_payment_wrong_exchange_rate,wrong_exchange_rate_for_cash_withdrawal,card_payment_not_recognised
card_payment_wrong_exchange_rate,wrong_exchange_rate_for_cash_withdrawal,exchange_rate
card_payment_wrong_exchange_rate,wrong_exchange_rate_for_cash_withdrawal,exchange_rate
card_payment_wrong_exchange_rate,wrong_exchange_rate_for_cash_withdrawal,exchange_rate
card_payment_wrong_exchange_rate,wrong_exchange_rate_for_cash_withdrawal,exchange_rate
card_payment_wrong_exchange_rate,wrong_exchange_rate_for_cash_withdrawal,transfer_fee_charged
card_payment_wrong_exchange_rate,wrong_exchange_rate_for_cash_withdrawal,reverted_card_payment?
card_payment_fee_charged,extra_charge_on_statement,transaction_charged_twice
card_payment_wrong_exchange_rate,wrong_exchange_rate_for_cash_withdrawal,direct_debit_payment_not_recognised
card_payment_wrong_exchange_rate,wrong_exchange_rate_for_cash_withdrawal,exchange_rate
card_payment_wrong_exchange_rate,wrong_exchange_rate_for_cash_withdrawal,exchange_charge
card_payment_wrong_exchange_rate,wrong_exchange_rate_for_cash_withdrawal,transaction_charged_twice
card_payment_wrong_exchange_rate,wrong_exchange_rate_for_cash_withdrawal,exchange_rate
card_payment_wrong_exchange_rate,wrong_exchange_rate_for_cash_withdrawal,direct_debit_payment_not_recognised
card_payment_wrong_exchange_rate,wrong_exchange_rate_for_cash_withdrawal,exchange_rate
card_payment_wrong_exchange_rate,wrong_exchange_rate_for_cash_withdrawal,exchange_rate
card_payment_wrong_exchange_rate,wrong_exchange_rate_for_cash_withdrawal,exchange_rate
card_payment_wrong_exchange_rate,wrong_exchange_rate_for_cash_withdrawal,transaction_charged_twice
card_payment_wrong_exchange_rate,wrong_exchange_rate_for_cash_withdrawal,exchange_rate
reverted_card_payment?,card_payment_not_recognised,card_payment_wrong_exchange_rate
card_payment_wrong_exchange_rate,wrong_exchange_rate_for_cash_withdrawal,exchange_rate
card_payment_wrong_exchange_rate,wrong_exchange_rate_for_cash_withdrawal,exchange_rate
card_payment_wrong_exchange_rate,wrong_exchange_rate_for_cash_withdrawal,transfer_fee_charged
card_payment_wrong_exchange_rate,wrong_exchange_rate_for_cash_withdrawal,exchange_rate
card_payment_wrong_exchange_rate,wrong_exchange_rate_for_cash_withdrawal,exchange_rate
exchange_rate,card_payment_wrong_exchange_rate,wrong_exchange_rate_for_cash_withdrawal
card_payment_wrong_exchange_rate,wrong_exchange_rate_for_cash_withdrawal,exchange_rate
card_payment_wrong_exchange_rate,wrong_exchange_rate_for_cash_withdrawal,transfer_fee_charged
card_payment_wrong_exchange_rate,wrong_exchange_rate_for_cash_withdrawal,exchange_rate
extra_charge_on_statement,transaction_charged_twice,wrong_amount_of_cash_received
extra_charge_on_statement,transaction_charged_twice,card_payment_fee_charged
extra_charge_on_statement,card_payment_fee_charged,transfer_fee_charged
extra_charge_on_statement,card_payment_fee_charged,transaction_charged_twice
extra_charge_on_statement,card_payment_fee_charged,card_payment_not_recognised
extra_charge_on_statement,request_refund,transfer_fee_charged
extra_charge_on_statement,transaction_charged_twice,transfer_fee_charged
extra_charge_on_statement,transaction_charged_twice,direct_debit_payment_not_recognised
extra_charge_on_statement,transaction_charged_twice,card_payment_fee_charged
extra_charge_on_statement,wrong_amount_of_cash_received,direct_debit_payment_not_recognised
extra_charge_on_statement,transaction_charged_twice,card_payment_fee_charged
extra_charge_on_statement,transaction_charged_twice,direct_debit_payment_not_recognised
extra_charge_on_statement,wrong_amount_of_cash_received,transfer_fee_charged
card_payment_fee_charged,transfer_fee_charged,extra_charge_on_statement
extra_charge_on_statement,transaction_charged_twice,direct_debit_payment_not_recognised
extra_charge_on_statement,transaction_charged_twice,card_payment_fee_charged
extra_charge_on_statement,transaction_charged_twice,transfer_fee_charged
extra_charge_on_statement,card_payment_fee_charged,transaction_charged_twice
extra_charge_on_statement,card_payment_fee_charged,transaction_charged_twice
extra_charge_on_statement,card_payment_fee_charged,transaction_charged_twice
extra_charge_on_statement,transfer_fee_charged,card_payment_fee_charged
extra_charge_on_statement,transaction_charged_twice,transfer_fee_charged
extra_charge_on_statement,transaction_charged_twice,transfer_fee_charged
extra_charge_on_statement,transaction_charged_twice,transfer_fee_charged
extra_charge_on_statement,transaction_charged_twice,card_payment_fee_charged
extra_charge_on_statement,card_payment_fee_charged,transaction_charged_twice
extra_charge_on_statement,card_payment_not_recognised,transaction_charged_twice
extra_charge_on_statement,card_payment_fee_charged,transaction_charged_twice
extra_charge_on_statement,transaction_charged_twice,transfer_fee_charged
card_payment_fee_charged,extra_charge_on_statement,card_payment_not_recognised
extra_charge_on_statement,transaction_charged_twice,card_payment_fee_charged
extra_charge_on_statement,transaction_charged_twice,transfer_fee_charged
extra_charge_on_statement,transaction_charged_twice,direct_debit_payment_not_recognised
extra_charge_on_statement,card_payment_fee_charged,transfer_fee_charged
extra_charge_on_statement,transaction_charged_twice,wrong_amount_of_cash_received
extra_charge_on_statement,transaction_charged_twice,transfer_fee_charged
wrong_amount_of_cash_received,extra_charge_on_statement,direct_debit_payment_not_recognised
extra_charge_on_statement,card_payment_fee_charged,transfer_fee_charged
extra_charge_on_statement,transaction_charged_twice,direct_debit_payment_not_recognised
extra_charge_on_statement,card_payment_fee_charged,transfer_fee_charged
pending_cash_withdrawal,cash_withdrawal_not_recognised,declined_cash_withdrawal
pending_cash_withdrawal,declined_cash_withdrawal,cash_withdrawal_not_recognised
pending_cash_withdrawal,cash_withdrawal_not_recognised,declined_cash_withdrawal
pending_cash_withdrawal,transfer_not_received_by_recipient,balance_not_updated_after_cheque_or_cash_deposit
pending_cash_withdrawal,declined_cash_withdrawal,cash_withdrawal_not_recognised
pending_cash_withdrawal,cash_withdrawal_not_recognised,declined_cash_withdrawal
pending_cash_withdrawal,declined_cash_withdrawal,cash_withdrawal_not_recognised
pending_cash_withdrawal,declined_cash_withdrawal,cash_withdrawal_not_recognised
pending_cash_withdrawal,declined_cash_withdrawal,cash_withdrawal_not_recognised
pending_cash_withdrawal,cash_withdrawal_not_recognised,declined_cash_withdrawal
pending_cash_withdrawal,declined_cash_withdrawal,cash_withdrawal_not_recognised
pending_cash_withdrawal,declined_cash_withdrawal,cash_withdrawal_not_recognised
pending_cash_withdrawal,declined_cash_withdrawal,cash_withdrawal_not_recognised
pending_cash_withdrawal,declined_cash_withdrawal,cash_withdrawal_not_recognised
pending_cash_withdrawal,cash_withdrawal_not_recognised,declined_cash_withdrawal
pending_cash_withdrawal,declined_cash_withdrawal,cash_withdrawal_not_recognised
pending_cash_withdrawal,balance_not_updated_after_cheque_or_cash_deposit,declined_cash_withdrawal
pending_cash_withdrawal,declined_cash_withdrawal,cash_withdrawal_not_recognised
pending_cash_withdrawal,declined_cash_withdrawal,cash_withdrawal_not_recognised
pending_cash_withdrawal,declined_cash_withdrawal,cash_withdrawal_not_recognised
pending_cash_withdrawal,cash_withdrawal_not_recognised,declined_cash_withdrawal
pending_cash_withdrawal,cash_withdrawal_not_recognised,declined_cash_withdrawal
pending_cash_withdrawal,cash_withdrawal_not_recognised,declined_cash_withdrawal
pending_cash_withdrawal,declined_cash_withdrawal,cash_withdrawal_not_recognised
pending_cash_withdrawal,cash_withdrawal_not_recognised,declined_cash_withdrawal
pending_cash_withdrawal,cash_withdrawal_not_recognised,declined_cash_withdrawal
pending_cash_withdrawal,cash_withdrawal_not_recognised,declined_cash_withdrawal
pending_cash_withdrawal,pending_card_payment,pending_transfer
pending_cash_withdrawal,cash_withdrawal_not_recognised,declined_cash_withdrawal
pending_cash_withdrawal,declined_cash_withdrawal,cash_withdrawal_not_recognised
pending_cash_withdrawal,declined_cash_withdrawal,cash_withdrawal_not_recognised
pending_cash_withdrawal,declined_cash_withdrawal,cash_withdrawal_not_recognised
top_up_failed,declined_card_payment,top_up_reverted
pending_cash_withdrawal,cash_withdrawal_not_recognised,declined_cash_withdrawal
pending_cash_withdrawal,declined_cash_withdrawal,cash_withdrawal_not_recognised
cash_withdrawal_not_recognised,pending_cash_withdrawal,declined_cash_withdrawal
cash_withdrawal_charge,declined_cash_withdrawal,cash_withdrawal_not_recognised
pending_cash_withdrawal,declined_cash_withdrawal,cash_withdrawal_not_recognised
pending_cash_withdrawal,declined_cash_withdrawal,cash_withdrawal_not_recognised
pending_cash_withdrawal,declined_cash_withdrawal,cash_withdrawal_not_recognised
fiat_currency_support,supported_cards_and_currencies,exchange_via_app
fiat_currency_support,exchange_via_app,supported_cards_and_currencies
fiat_currency_support,exchange_via_app,supported_cards_and_currencies
fiat_currency_support,exchange_via_app,supported_cards_and_currencies
fiat_currency_support,supported_cards_and_currencies,exchange_via_app
fiat_currency_support,exchange_via_app,supported_cards_and_currencies
reverted_card_payment?,pending_card_payment,transfer_not_received_by_recipient
fiat_currency_support,exchange_via_app,exchange_charge
fiat_currency_support,exchange_via_app,exchange_charge
fiat_currency_support,exchange_via_app,supported_cards_and_currencies
fiat_currency_support,exchange_via_app,exchange_charge
fiat_currency_support,exchange_via_app,supported_cards_and_currencies
fiat_currency_support,exchange_via_app,exchange_charge
fiat_currency_support,exchange_via_app,supported_cards_and_currencies
fiat_currency_support,exchange_via_app,supported_cards_and_currencies
fiat_currency_support,exchange_via_app,supported_cards_and_currencies
fiat_currency_support,exchange_via_app,supported_cards_and_currencies
fiat_currency_support,exchange_via_app,exchange_charge
fiat_currency_support,exchange_via_app,supported_cards_and_currencies
fiat_currency_support,exchange_via_app,supported_cards_and_currencies
fiat_currency_support,exchange_via_app,supported_cards_and_currencies
fiat_currency_support,exchange_via_app,exchange_charge
fiat_currency_support,exchange_via_app,exchange_charge
fiat_currency_support,exchange_via_app,supported_cards_and_currencies
exchange_via_app,fiat_currency_support,exchange_charge
fiat_currency_support,exchange_via_app,exchange_charge
fiat_currency_support,exchange_via_app,supported_cards_and_currencies
fiat_currency_support,exchange_via_app,supported_cards_and_currencies
exchange_via_app,exchange_charge,fiat_currency_support
fiat_currency_support,exchange_via_app,exchange_charge
fiat_currency_support,exchange_via_app,supported_cards_and_currencies
exchange_via_app,fiat_currency_support,exchange_charge
fiat_currency_support,exchange_via_app,supported_cards_and_currencies
fiat_currency_support,exchange_via_app,supported_cards_and_currencies
fiat_currency_support,exchange_via_app,supported_cards_and_currencies
fiat_currency_support,exchange_via_app,supported_cards_and_currencies
exchange_via_app,fiat_currency_support,exchange_charge
fiat_currency_support,exchange_via_app,exchange_charge
fiat_currency_support,exchange_via_app,exchange_charge
country_support,fiat_currency_support,exchange_via_app
card_arrival,card_delivery_estimate,order_physical_card
card_arrival,declined_card_payment,card_delivery_estimate
card_delivery_estimate,card_arrival,order_physical_card
card_delivery_estimate,transfer_timing,card_arrival
card_arrival,card_delivery_estimate,lost_or_stolen_card
card_arrival,card_delivery_estimate,order_physical_card
card_delivery_estimate,card_arrival,transfer_timing
card_delivery_estimate,transfer_timing,card_arrival
card_delivery_estimate,card_arrival,card_about_to_expire
card_arrival,card_delivery_estimate,lost_or_stolen_card
card_delivery_estimate,transfer_timing,card_arrival
card_delivery_estimate,card_arrival,transfer_timing
card_delivery_estimate,card_arrival,order_physical_card
card_delivery_estimate,supported_cards_and_currencies,exchange_charge
card_delivery_estimate,card_arrival,card_about_to_expire
card_delivery_estimate,card_arrival,card_about_to_expire
card_delivery_estimate,card_arrival,pending_card_payment
card_delivery_estimate,card_arrival,card_about_to_expire
card_delivery_estimate,card_arrival,order_physical_card
card_delivery_estimate,card_arrival,card_about_to_expire
card_delivery_estimate,card_arrival,transfer_timing
country_support,supported_cards_and_currencies,card_delivery_estimate
card_delivery_estimate,card_arrival,card_about_to_expire
card_delivery_estimate,transfer_timing,card_arrival
card_delivery_estimate,card_arrival,card_about_to_expire
card_arrival,card_delivery_estimate,card_about_to_expire
card_delivery_estimate,card_arrival,card_about_to_expire
card_delivery_estimate,transfer_timing,pending_transfer
card_arrival,card_delivery_estimate,card_about_to_expire
card_arrival,card_delivery_estimate,card_about_to_expire
card_delivery_estimate,card_arrival,card_about_to_expire
card_arrival,card_delivery_estimate,card_about_to_expire
card_arrival,card_delivery_estimate,card_about_to_expire
card_delivery_estimate,card_arrival,card_about_to_expire
card_delivery_estimate,card_arrival,reverted_card_payment?
card_delivery_estimate,card_arrival,transfer_timing
card_delivery_estimate,card_arrival,card_about_to_expire
card_delivery_estimate,card_arrival,card_about_to_expire
card_arrival,card_delivery_estimate,order_physical_card
card_delivery_estimate,card_arrival,card_about_to_expire
automatic_top_up,top_up_limits,verify_top_up
automatic_top_up,top_up_limits,verify_top_up
automatic_top_up,top_up_limits,top_up_failed
automatic_top_up,top_up_limits,verify_top_up
automatic_top_up,top_up_limits,verify_top_up
automatic_top_up,top_up_limits,verify_top_up
automatic_top_up,top_up_limits,verify_top_up
automatic_top_up,verify_top_up,top_up_limits
automatic_top_up,top_up_limits,verify_top_up
automatic_top_up,top_up_limits,verify_top_up
automatic_top_up,top_up_limits,verify_top_up
automatic_top_up,top_up_failed,top_up_reverted
automatic_top_up,top_up_limits,verify_top_up
transaction_charged_twice,card_payment_not_recognised,direct_debit_payment_not_recognised
automatic_top_up,top_up_limits,verify_top_up
automatic_top_up,top_up_limits,verify_top_up
automatic_top_up,top_up_limits,verify_top_up
automatic_top_up,top_up_limits,verify_top_up
automatic_top_up,top_up_limits,verify_top_up
declined_cash_withdrawal,cash_withdrawal_not_recognised,topping_up_by_card
automatic_top_up,top_up_limits,verify_top_up
automatic_top_up,top_up_limits,verify_top_up
automatic_top_up,top_up_limits,verify_top_up
automatic_top_up,top_up_limits,verify_top_up
automatic_top_up,top_up_limits,verify_top_up
transfer_into_account,transfer_timing,top_up_by_bank_transfer_charge
automatic_top_up,top_up_limits,verify_top_up
automatic_top_up,top_up_limits,verify_top_up
automatic_top_up,top_up_limits,verify_top_up
automatic_top_up,verify_top_up,top_up_limits
automatic_top_up,top_up_limits,verify_top_up
pending_top_up,topping_up_by_card,top_up_reverted
automatic_top_up,top_up_limits,verify_top_up
automatic_top_up,verify_top_up,top_up_limits
automatic_top_up,top_up_limits,verify_top_up
automatic_top_up,verify_top_up,top_up_limits
automatic_top_up,top_up_limits,verify_top_up
top_up_limits,topping_up_by_card,top_up_by_cash_or_cheque
automatic_top_up,top_up_limits,verify_top_up
automatic_top_up,verify_top_up,top_up_limits
card_not_working,declined_card_payment,compromised_card
card_not_working,declined_card_payment,activate_my_card
card_not_working,card_linking,activate_my_card
card_not_working,declined_card_payment,activate_my_card
card_not_working,declined_card_payment,compromised_card
card_not_working,declined_card_payment,activate_my_card
card_not_working,declined_card_payment,activate_my_card
compromised_card,cash_withdrawal_not_recognised,declined_cash_withdrawal
pin_blocked,activate_my_card,card_not_working
card_not_working,declined_card_payment,top_up_failed
card_not_working,activate_my_card,card_linking
card_not_working,declined_card_payment,compromised_card
card_not_working,declined_card_payment,activate_my_card
card_not_working,activate_my_card,declined_card_payment
card_not_working,lost_or_stolen_card,declined_card_payment
card_not_working,declined_card_payment,activate_my_card
card_not_working,declined_card_payment,activate_my_card
declined_card_payment,card_not_working,card_arrival
card_not_working,declined_card_payment,activate_my_card
card_not_working,declined_card_payment,card_arrival
card_not_working,declined_card_payment,activate_my_card
card_not_working,lost_or_stolen_card,declined_card_payment
card_not_working,compromised_card,lost_or_stolen_card
card_not_working,declined_card_payment,activate_my_card
card_not_working,lost_or_stolen_card,compromised_card
card_not_working,declined_card_payment,activate_my_card
card_not_working,activate_my_card,declined_card_payment
card_not_working,declined_card_payment,compromised_card
card_not_working,declined_card_payment,compromised_card
card_not_working,declined_card_payment,compromised_card
card_not_working,card_linking,card_arrival
card_not_working,declined_card_payment,activate_my_card
card_not_working,activate_my_card,declined_card_payment
card_not_working,declined_card_payment,compromised_card
card_not_working,declined_card_payment,activate_my_card
declined_card_payment,card_not_working,compromised_card
card_not_working,declined_card_payment,activate_my_card
card_not_working,declined_card_payment,card_arrival
card_not_working,declined_card_payment,activate_my_card
activate_my_card,card_linking,card_not_working
exchange_via_app,fiat_currency_support,exchange_charge
exchange_via_app,fiat_currency_support,exchange_charge
exchange_via_app,fiat_currency_support,exchange_charge
exchange_via_app,fiat_currency_support,supported_cards_and_currencies
exchange_via_app,fiat_currency_support,exchange_charge
exchange_via_app,fiat_currency_support,supported_cards_and_currencies
fiat_currency_support,exchange_via_app,exchange_charge
exchange_via_app,fiat_currency_support,exchange_charge
exchange_via_app,exchange_charge,fiat_currency_support
exchange_via_app,fiat_currency_support,supported_cards_and_currencies
fiat_currency_support,exchange_via_app,supported_cards_and_currencies
exchange_via_app,fiat_currency_support,exchange_charge
exchange_via_app,fiat_currency_support,exchange_charge
exchange_charge,exchange_via_app,fiat_currency_support
exchange_via_app,fiat_currency_support,exchange_charge
exchange_via_app,fiat_currency_support,exchange_charge
country_support,receiving_money,transfer_into_account
exchange_via_app,exchange_charge,fiat_currency_support
exchange_via_app,fiat_currency_support,exchange_charge
exchange_via_app,fiat_currency_support,supported_cards_and_currencies
exchange_via_app,exchange_charge,fiat_currency_support
exchange_via_app,fiat_currency_support,supported_cards_and_currencies
exchange_via_app,fiat_currency_support,exchange_charge
exchange_via_app,fiat_currency_support,supported_cards_and_currencies
exchange_via_app,exchange_charge,fiat_currency_support
exchange_via_app,fiat_currency_support,exchange_charge
exchange_via_app,fiat_currency_support,exchange_charge
exchange_via_app,fiat_currency_support,supported_cards_and_currencies
fiat_currency_support,exchange_via_app,exchange_charge
exchange_via_app,fiat_currency_support,exchange_charge
exchange_via_app,fiat_currency_support,exchange_charge
exchange_via_app,exchange_charge,fiat_currency_support
exchange_via_app,fiat_currency_support,exchange_charge
exchange_via_app,exchange_charge,fiat_currency_support
fiat_currency_support,exchange_via_app,exchange_charge
exchange_via_app,fiat_currency_support,supported_cards_and_currencies
exchange_via_app,exchange_charge,fiat_currency_support
exchange_via_app,fiat_currency_support,extra_charge_on_statement
exchange_via_app,fiat_currency_support,exchange_charge
exchange_via_app,fiat_currency_support,exchange_charge
lost_or_stolen_phone,lost_or_stolen_card,card_not_working
lost_or_stolen_card,card_arrival,card_linking
lost_or_stolen_card,compromised_card,card_linking
card_arrival,lost_or_stolen_card,card_linking
lost_or_stolen_card,card_linking,card_arrival
lost_or_stolen_card,card_linking,card_arrival
lost_or_stolen_card,card_linking,card_arrival
lost_or_stolen_card,card_arrival,card_linking
lost_or_stolen_card,compromised_card,card_arrival
lost_or_stolen_card,card_arrival,card_linking
lost_or_stolen_card,card_linking,card_arrival
lost_or_stolen_card,card_linking,card_arrival
lost_or_stolen_card,card_arrival,card_linking
why_verify_identity,edit_personal_details,transfer_not_received_by_recipient
lost_or_stolen_card,card_linking,card_not_working
lost_or_stolen_card,card_arrival,card_linking
lost_or_stolen_card,compromised_card,card_not_working
card_arrival,lost_or_stolen_card,card_linking
lost_or_stolen_card,card_linking,card_arrival
lost_or_stolen_card,card_linking,card_arrival
lost_or_stolen_card,compromised_card,card_arrival
compromised_card,lost_or_stolen_card,cash_withdrawal_not_recognised
lost_or_stolen_card,card_arrival,card_linking
lost_or_stolen_card,card_linking,compromised_card
lost_or_stolen_card,card_arrival,card_linking
lost_or_stolen_card,card_linking,card_arrival
lost_or_stolen_card,card_arrival,card_linking
lost_or_stolen_card,card_arrival,compromised_card
lost_or_stolen_card,card_linking,card_arrival
lost_or_stolen_card,compromised_card,card_not_working
lost_or_stolen_card,card_linking,card_arrival
lost_or_stolen_card,card_linking,card_arrival
lost_or_stolen_card,card_arrival,card_delivery_estimate
lost_or_stolen_card,compromised_card,lost_or_stolen_phone
lost_or_stolen_card,card_linking,card_arrival
lost_or_stolen_card,compromised_card,card_arrival
card_arrival,topping_up_by_card,supported_cards_and_currencies
card_arrival,card_linking,lost_or_stolen_card
lost_or_stolen_card,compromised_card,card_arrival
lost_or_stolen_card,compromised_card,card_arrival
age_limit,edit_personal_details,receiving_money
age_limit,receiving_money,edit_personal_details
age_limit,edit_personal_details,exchange_via_app
age_limit,receiving_money,edit_personal_details
age_limit,edit_personal_details,exchange_via_app
age_limit,edit_personal_details,receiving_money
age_limit,visa_or_mastercard,edit_personal_details
age_limit,receiving_money,edit_personal_details
age_limit,edit_personal_details,why_verify_identity
age_limit,edit_personal_details,receiving_money
age_limit,receiving_money,visa_or_mastercard
age_limit,card_about_to_expire,visa_or_mastercard
age_limit,beneficiary_not_allowed,edit_personal_details
age_limit,edit_personal_details,receiving_money
age_limit,edit_personal_details,card_about_to_expire
age_limit,receiving_money,edit_personal_details
age_limit,transfer_into_account,receiving_money
age_limit,edit_personal_details,receiving_money
age_limit,receiving_money,transfer_into_account
age_limit,beneficiary_not_allowed,exchange_via_app
age_limit,transfer_into_account,receiving_money
age_limit,receiving_money,edit_personal_details
age_limit,card_about_to_expire,receiving_money
age_limit,receiving_money,exchange_via_app
age_limit,edit_personal_details,receiving_money
age_limit,edit_personal_details,why_verify_identity
age_limit,edit_personal_details,exchange_via_app
age_limit,edit_personal_details,exchange_via_app
age_limit,edit_personal_details,exchange_via_app
age_limit,edit_personal_details,receiving_money
age_limit,edit_personal_details,why_verify_identity
age_limit,edit_personal_details,receiving_money
age_limit,receiving_money,visa_or_mastercard
age_limit,edit_personal_details,exchange_via_app
age_limit,edit_personal_details,receiving_money
age_limit,edit_personal_details,receiving_money
age_limit,edit_personal_details,receiving_money
age_limit,receiving_money,edit_personal_details
age_limit,receiving_money,edit_personal_details
age_limit,transfer_into_account,receiving_money
pin_blocked,get_physical_card,change_pin
get_physical_card,change_pin,pin_blocked
change_pin,get_physical_card,pin_blocked
pin_blocked,change_pin,get_physical_card
pin_blocked,change_pin,get_physical_card
pin_blocked,card_not_working,activate_my_card
pin_blocked,card_not_working,declined_card_payment
pin_blocked,change_pin,get_physical_card
pin_blocked,get_physical_card,change_pin
pin_blocked,get_physical_card,change_pin
pin_blocked,get_physical_card,change_pin
pin_blocked,get_physical_card,change_pin
pin_blocked,get_physical_card,change_pin
pin_blocked,get_physical_card,change_pin
pin_blocked,get_physical_card,change_pin
pin_blocked,change_pin,get_physical_card
pin_blocked,get_physical_card,change_pin
pin_blocked,change_pin,get_physical_card
pin_blocked,activate_my_card,card_not_working
pin_blocked,get_physical_card,change_pin
pin_blocked,change_pin,get_physical_card
pin_blocked,get_physical_card,change_pin
terminate_account,card_linking,lost_or_stolen_phone
pin_blocked,card_not_working,top_up_reverted
pin_blocked,get_physical_card,change_pin
pin_blocked,get_physical_card,change_pin
pin_blocked,get_physical_card,change_pin
pin_blocked,activate_my_card,get_physical_card
pin_blocked,get_physical_card,change_pin
pin_blocked,get_physical_card,change_pin
pin_blocked,get_physical_card,change_pin
change_pin,pin_blocked,get_physical_card
pin_blocked,change_pin,get_physical_card
pin_blocked,get_physical_card,change_pin
pin_blocked,get_physical_card,change_pin
card_not_working,lost_or_stolen_card,compromised_card
pin_blocked,get_physical_card,change_pin
pin_blocked,get_physical_card,change_pin
pin_blocked,get_physical_card,change_pin
pin_blocked,get_physical_card,change_pin
contactless_not_working,terminate_account,apple_pay_or_google_pay
card_not_working,activate_my_card,declined_card_payment
card_about_to_expire,card_arrival,card_linking
contactless_not_working,terminate_account,card_not_working
contactless_not_working,terminate_account,atm_support
contactless_not_working,terminate_account,declined_cash_withdrawal
contactless_not_working,terminate_account,atm_support
contactless_not_working,terminate_account,atm_support
contactless_not_working,terminate_account,why_verify_identity
contactless_not_working,card_not_working,terminate_account
contactless_not_working,terminate_account,card_not_working
contactless_not_working,terminate_account,atm_support
contactless_not_working,terminate_account,atm_support
contactless_not_working,terminate_account,declined_cash_withdrawal
contactless_not_working,terminate_account,atm_support
contactless_not_working,atm_support,terminate_account
contactless_not_working,terminate_account,atm_support
contactless_not_working,apple_pay_or_google_pay,atm_support
contactless_not_working,terminate_account,atm_support
contactless_not_working,terminate_account,atm_support
contactless_not_working,terminate_account,card_not_working
contactless_not_working,terminate_account,atm_support
contactless_not_working,terminate_account,atm_support
declined_card_payment,reverted_card_payment?,card_not_working
contactless_not_working,atm_support,card_not_working
contactless_not_working,atm_support,terminate_account
getting_spare_card,card_about_to_expire,order_physical_card
contactless_not_working,terminate_account,card_not_working
contactless_not_working,terminate_account,why_verify_identity
contactless_not_working,atm_support,terminate_account
contactless_not_working,terminate_account,declined_cash_withdrawal
contactless_not_working,atm_support,terminate_account
contactless_not_working,atm_support,terminate_account
contactless_not_working,atm_support,terminate_account
contactless_not_working,atm_support,verify_top_up
contactless_not_working,apple_pay_or_google_pay,atm_support
contactless_not_working,apple_pay_or_google_pay,terminate_account
contactless_not_working,terminate_account,atm_support
contactless_not_working,terminate_account,atm_support
pending_card_payment,reverted_card_payment?,request_refund
top_up_by_bank_transfer_charge,transfer_fee_charged,transfer_into_account
top_up_by_bank_transfer_charge,transfer_fee_charged,transfer_into_account
transfer_fee_charged,top_up_by_bank_transfer_charge,extra_charge_on_statement
top_up_by_card_charge,top_up_by_bank_transfer_charge,top_up_by_cash_or_cheque
top_up_by_bank_transfer_charge,transfer_into_account,exchange_via_app
top_up_by_bank_transfer_charge,transfer_fee_charged,transfer_into_account
terminate_account,apple_pay_or_google_pay,supported_cards_and_currencies
top_up_by_bank_transfer_charge,transfer_into_account,transfer_fee_charged
transfer_fee_charged,top_up_by_bank_transfer_charge,cash_withdrawal_charge
top_up_by_bank_transfer_charge,transfer_timing,transfer_into_account
top_up_by_bank_transfer_charge,cash_withdrawal_charge,top_up_by_card_charge
top_up_by_bank_transfer_charge,cash_withdrawal_charge,transfer_fee_charged
top_up_by_bank_transfer_charge,transfer_fee_charged,transfer_into_account
top_up_by_bank_transfer_charge,top_up_by_card_charge,cash_withdrawal_charge
transfer_fee_charged,top_up_by_bank_transfer_charge,extra_charge_on_statement
top_up_by_bank_transfer_charge,transfer_fee_charged,top_up_by_card_charge
top_up_by_bank_transfer_charge,top_up_by_card_charge,top_up_by_cash_or_cheque
top_up_by_bank_transfer_charge,transfer_fee_charged,receiving_money
top_up_by_card_charge,top_up_by_bank_transfer_charge,supported_cards_and_currencies
top_up_by_bank_transfer_charge,transfer_fee_charged,transfer_into_account
top_up_by_bank_transfer_charge,top_up_by_card_charge,transfer_fee_charged
top_up_by_bank_transfer_charge,transfer_fee_charged,cash_withdrawal_charge
top_up_by_bank_transfer_charge,transfer_fee_charged,cash_withdrawal_charge
top_up_by_bank_transfer_charge,transfer_fee_charged,top_up_by_card_charge
top_up_by_bank_transfer_charge,transfer_fee_charged,top_up_by_card_charge
top_up_by_bank_transfer_charge,transfer_fee_charged,top_up_by_card_charge
top_up_by_bank_transfer_charge,transfer_fee_charged,transfer_into_account
top_up_by_bank_transfer_charge,transfer_fee_charged,top_up_by_card_charge
top_up_by_bank_transfer_charge,transfer_fee_charged,top_up_by_card_charge
transfer_fee_charged,top_up_by_bank_transfer_charge,extra_charge_on_statement
top_up_by_bank_transfer_charge,transfer_into_account,transfer_fee_charged
top_up_by_bank_transfer_charge,transfer_fee_charged,top_up_by_card_charge
transfer_timing,balance_not_updated_after_bank_transfer,transfer_into_account
top_up_by_bank_transfer_charge,transfer_fee_charged,transfer_into_account
top_up_by_bank_transfer_charge,transfer_fee_charged,cash_withdrawal_charge
top_up_by_bank_transfer_charge,transfer_fee_charged,top_up_by_card_charge
transfer_fee_charged,top_up_by_bank_transfer_charge,transfer_into_account
cash_withdrawal_charge,top_up_by_bank_transfer_charge,top_up_by_card_charge
top_up_by_bank_transfer_charge,transfer_fee_charged,transfer_into_account
top_up_by_bank_transfer_charge,transfer_into_account,transfer_timing
pending_top_up,pending_card_payment,pending_cash_withdrawal
pending_top_up,top_up_reverted,top_up_failed
pending_top_up,top_up_reverted,pending_card_payment
pending_top_up,top_up_reverted,top_up_failed
pending_top_up,top_up_reverted,top_up_failed
pending_top_up,top_up_reverted,pending_card_payment
pending_top_up,top_up_reverted,top_up_failed
pending_top_up,top_up_reverted,top_up_failed
pending_top_up,top_up_reverted,top_up_failed
pending_top_up,top_up_reverted,verify_top_up
top_up_reverted,top_up_failed,pending_top_up
pending_top_up,top_up_reverted,top_up_failed
pending_top_up,top_up_reverted,top_up_failed
pending_top_up,top_up_reverted,top_up_failed
pending_top_up,top_up_reverted,pending_card_payment
pending_top_up,pending_card_payment,top_up_reverted
pending_top_up,top_up_reverted,top_up_failed
pending_top_up,top_up_reverted,top_up_failed
pending_top_up,top_up_reverted,top_up_failed
pending_top_up,top_up_reverted,pending_card_payment
pending_top_up,top_up_reverted,top_up_failed
top_up_failed,pending_top_up,top_up_reverted
top_up_reverted,top_up_failed,pending_top_up
pending_top_up,top_up_reverted,pending_card_payment
pending_top_up,top_up_reverted,top_up_failed
pending_top_up,top_up_reverted,top_up_failed
top_up_reverted,top_up_failed,pending_top_up
pending_top_up,top_up_reverted,top_up_failed
pending_top_up,top_up_reverted,top_up_failed
pending_top_up,top_up_reverted,pending_card_payment
pending_top_up,top_up_reverted,top_up_failed
pending_top_up,top_up_reverted,top_up_failed
pending_top_up,top_up_reverted,top_up_failed
topping_up_by_card,pending_top_up,top_up_by_cash_or_cheque
pending_top_up,top_up_reverted,top_up_failed
pending_top_up,top_up_reverted,pending_card_payment
pending_top_up,top_up_reverted,top_up_failed
pending_top_up,top_up_reverted,top_up_failed
pending_top_up,top_up_reverted,top_up_failed
pending_top_up,top_up_reverted,pending_card_payment
cancel_transfer,transfer_not_received_by_recipient,beneficiary_not_allowed
transfer_fee_charged,card_payment_fee_charged,request_refund
cancel_transfer,transfer_not_received_by_recipient,request_refund
cancel_transfer,failed_transfer,beneficiary_not_allowed
cancel_transfer,failed_transfer,transfer_not_received_by_recipient
cancel_transfer,failed_transfer,beneficiary_not_allowed
cancel_transfer,failed_transfer,transfer_not_received_by_recipient
cancel_transfer,transfer_not_received_by_recipient,failed_transfer
cancel_transfer,transfer_not_received_by_recipient,failed_transfer
cancel_transfer,failed_transfer,beneficiary_not_allowed
cancel_transfer,failed_transfer,transfer_not_received_by_recipient
cancel_transfer,failed_transfer,beneficiary_not_allowed
cancel_transfer,failed_transfer,transfer_not_received_by_recipient
cancel_transfer,transfer_not_received_by_recipient,request_refund
cancel_transfer,reverted_card_payment?,transfer_not_received_by_recipient
cancel_transfer,failed_transfer,beneficiary_not_allowed
cancel_transfer,transfer_not_received_by_recipient,beneficiary_not_allowed
cancel_transfer,transfer_not_received_by_recipient,beneficiary_not_allowed
cancel_transfer,failed_transfer,beneficiary_not_allowed
cancel_transfer,transfer_not_received_by_recipient,pending_transfer
cancel_transfer,transfer_fee_charged,beneficiary_not_allowed
cancel_transfer,failed_transfer,beneficiary_not_allowed
cancel_transfer,failed_transfer,beneficiary_not_allowed
cancel_transfer,failed_transfer,declined_transfer
cancel_transfer,failed_transfer,beneficiary_not_allowed
cancel_transfer,beneficiary_not_allowed,transfer_not_received_by_recipient
cancel_transfer,failed_transfer,transfer_not_received_by_recipient
edit_personal_details,card_linking,card_arrival
cancel_transfer,transfer_not_received_by_recipient,failed_transfer
cancel_transfer,transfer_not_received_by_recipient,failed_transfer
cancel_transfer,transfer_not_received_by_recipient,failed_transfer
cancel_transfer,failed_transfer,beneficiary_not_allowed
cancel_transfer,failed_transfer,transfer_not_received_by_recipient
cancel_transfer,transfer_not_received_by_recipient,reverted_card_payment?
cancel_transfer,failed_transfer,transfer_not_received_by_recipient
cancel_transfer,failed_transfer,transfer_not_received_by_recipient
cancel_transfer,transfer_not_received_by_recipient,failed_transfer
transfer_not_received_by_recipient,cancel_transfer,pending_transfer
card_payment_not_recognised,reverted_card_payment?,direct_debit_payment_not_recognised
cancel_transfer,failed_transfer,beneficiary_not_allowed
top_up_limits,automatic_top_up,topping_up_by_card
top_up_by_card_charge,top_up_limits,supported_cards_and_currencies
top_up_limits,automatic_top_up,topping_up_by_card
top_up_limits,automatic_top_up,topping_up_by_card
top_up_by_cash_or_cheque,top_up_limits,topping_up_by_card
top_up_limits,automatic_top_up,verify_top_up
top_up_limits,automatic_top_up,topping_up_by_card
top_up_limits,automatic_top_up,verify_top_up
top_up_limits,automatic_top_up,verify_top_up
top_up_limits,automatic_top_up,topping_up_by_card
top_up_limits,automatic_top_up,verify_top_up
top_up_limits,automatic_top_up,verify_top_up
top_up_limits,automatic_top_up,verify_top_up
disposable_card_limits,getting_spare_card,order_physical_card
top_up_limits,automatic_top_up,verify_top_up
top_up_limits,automatic_top_up,verify_top_up
top_up_limits,automatic_top_up,verify_top_up
top_up_limits,automatic_top_up,verify_top_up
top_up_limits,automatic_top_up,verify_top_up
top_up_limits,automatic_top_up,topping_up_by_card
top_up_limits,automatic_top_up,verify_top_up
top_up_limits,automatic_top_up,topping_up_by_card
top_up_limits,automatic_top_up,verify_top_up
top_up_limits,automatic_top_up,verify_top_up
top_up_limits,automatic_top_up,verify_top_up
top_up_limits,automatic_top_up,verify_top_up
top_up_limits,automatic_top_up,verify_top_up
top_up_limits,automatic_top_up,verify_top_up
top_up_limits,automatic_top_up,verify_top_up
top_up_limits,automatic_top_up,topping_up_by_card
top_up_limits,automatic_top_up,topping_up_by_card
top_up_limits,automatic_top_up,topping_up_by_card
top_up_limits,automatic_top_up,verify_top_up
top_up_limits,automatic_top_up,topping_up_by_card
top_up_limits,automatic_top_up,verify_top_up
top_up_limits,automatic_top_up,topping_up_by_card
top_up_limits,automatic_top_up,verify_top_up
top_up_limits,automatic_top_up,topping_up_by_card
top_up_limits,automatic_top_up,topping_up_by_card
top_up_limits,automatic_top_up,verify_top_up
wrong_amount_of_cash_received,cash_withdrawal_not_recognised,declined_cash_withdrawal
wrong_amount_of_cash_received,cash_withdrawal_not_recognised,declined_cash_withdrawal
wrong_amount_of_cash_received,wrong_exchange_rate_for_cash_withdrawal,declined_cash_withdrawal
cash_withdrawal_not_recognised,declined_cash_withdrawal,pending_cash_withdrawal
wrong_amount_of_cash_received,wrong_exchange_rate_for_cash_withdrawal,cash_withdrawal_not_recognised
wrong_amount_of_cash_received,wrong_exchange_rate_for_cash_withdrawal,cash_withdrawal_not_recognised
wrong_amount_of_cash_received,cash_withdrawal_not_recognised,declined_cash_withdrawal
wrong_amount_of_cash_received,cash_withdrawal_not_recognised,wrong_exchange_rate_for_cash_withdrawal
wrong_amount_of_cash_received,wrong_exchange_rate_for_cash_withdrawal,transfer_fee_charged
wrong_amount_of_cash_received,cash_withdrawal_not_recognised,wrong_exchange_rate_for_cash_withdrawal
wrong_amount_of_cash_received,cash_withdrawal_not_recognised,declined_cash_withdrawal
wrong_amount_of_cash_received,cash_withdrawal_not_recognised,declined_cash_withdrawal
wrong_amount_of_cash_received,wrong_exchange_rate_for_cash_withdrawal,transfer_fee_charged
cash_withdrawal_not_recognised,pending_cash_withdrawal,declined_cash_withdrawal
wrong_amount_of_cash_received,cash_withdrawal_not_recognised,declined_cash_withdrawal
declined_cash_withdrawal,cash_withdrawal_not_recognised,pending_cash_withdrawal
wrong_amount_of_cash_received,Refund_not_showing_up,extra_charge_on_statement
wrong_amount_of_cash_received,cash_withdrawal_not_recognised,wrong_exchange_rate_for_cash_withdrawal
wrong_amount_of_cash_received,cash_withdrawal_not_recognised,wrong_exchange_rate_for_cash_withdrawal
wrong_amount_of_cash_received,Refund_not_showing_up,cash_withdrawal_not_recognised
wrong_amount_of_cash_received,cash_withdrawal_not_recognised,wrong_exchange_rate_for_cash_withdrawal
wrong_amount_of_cash_received,cash_withdrawal_not_recognised,Refund_not_showing_up
wrong_amount_of_cash_received,extra_charge_on_statement,transfer_fee_charged
wrong_amount_of_cash_received,cash_withdrawal_not_recognised,declined_cash_withdrawal
wrong_amount_of_cash_received,cash_withdrawal_not_recognised,declined_cash_withdrawal
wrong_amount_of_cash_received,cash_withdrawal_not_recognised,wrong_exchange_rate_for_cash_withdrawal
wrong_amount_of_cash_received,Refund_not_showing_up,transfer_fee_charged
wrong_amount_of_cash_received,Refund_not_showing_up,cash_withdrawal_not_recognised
wrong_amount_of_cash_received,cash_withdrawal_not_recognised,wrong_exchange_rate_for_cash_withdrawal
wrong_amount_of_cash_received,declined_cash_withdrawal,wrong_exchange_rate_for_cash_withdrawal
wrong_amount_of_cash_received,cash_withdrawal_not_recognised,wrong_exchange_rate_for_cash_withdrawal
wrong_amount_of_cash_received,cash_withdrawal_not_recognised,balance_not_updated_after_cheque_or_cash_deposit
wrong_amount_of_cash_received,cash_withdrawal_not_recognised,wrong_exchange_rate_for_cash_withdrawal
wrong_amount_of_cash_received,cash_withdrawal_not_recognised,Refund_not_showing_up
wrong_amount_of_cash_received,cash_withdrawal_not_recognised,balance_not_updated_after_cheque_or_cash_deposit
wrong_amount_of_cash_received,declined_cash_withdrawal,cash_withdrawal_not_recognised
wrong_amount_of_cash_received,transfer_fee_charged,extra_charge_on_statement
wrong_amount_of_cash_received,wrong_exchange_rate_for_cash_withdrawal,cash_withdrawal_not_recognised
cash_withdrawal_not_recognised,declined_cash_withdrawal,wrong_amount_of_cash_received
declined_cash_withdrawal,cash_withdrawal_not_recognised,pending_cash_withdrawal
card_payment_fee_charged,getting_spare_card,cash_withdrawal_charge
card_payment_fee_charged,cash_withdrawal_charge,transfer_fee_charged
card_payment_fee_charged,cash_withdrawal_charge,transfer_fee_charged
transaction_charged_twice,card_payment_fee_charged,card_payment_not_recognised
card_payment_fee_charged,transfer_fee_charged,extra_charge_on_statement
card_payment_fee_charged,transfer_fee_charged,cash_withdrawal_charge
card_payment_fee_charged,card_payment_not_recognised,declined_card_payment
card_payment_fee_charged,transfer_fee_charged,extra_charge_on_statement
card_payment_fee_charged,extra_charge_on_statement,transaction_charged_twice
card_payment_fee_charged,cash_withdrawal_charge,transfer_fee_charged
card_payment_fee_charged,declined_card_payment,cash_withdrawal_charge
card_payment_fee_charged,getting_spare_card,order_physical_card
extra_charge_on_statement,card_payment_not_recognised,transaction_charged_twice
card_payment_fee_charged,card_payment_not_recognised,top_up_by_card_charge
card_payment_fee_charged,top_up_by_card_charge,getting_spare_card
card_payment_fee_charged,declined_card_payment,cash_withdrawal_charge
card_payment_fee_charged,cash_withdrawal_charge,transfer_fee_charged
card_payment_fee_charged,cash_withdrawal_charge,top_up_by_card_charge
card_payment_fee_charged,card_payment_not_recognised,transfer_fee_charged
card_payment_fee_charged,cash_withdrawal_charge,transfer_fee_charged
card_payment_fee_charged,top_up_by_card_charge,cash_withdrawal_charge
card_payment_fee_charged,cash_withdrawal_charge,transfer_fee_charged
card_payment_fee_charged,cash_withdrawal_charge,top_up_by_card_charge
card_payment_fee_charged,cash_withdrawal_charge,transfer_fee_charged
card_payment_fee_charged,extra_charge_on_statement,top_up_by_card_charge
card_payment_fee_charged,top_up_by_card_charge,cash_withdrawal_charge
card_payment_fee_charged,top_up_by_card_charge,cash_withdrawal_charge
card_payment_fee_charged,cash_withdrawal_charge,transfer_fee_charged
card_payment_fee_charged,transfer_fee_charged,cash_withdrawal_charge
card_payment_fee_charged,transaction_charged_twice,extra_charge_on_statement
card_payment_fee_charged,top_up_by_card_charge,card_acceptance
card_payment_fee_charged,cash_withdrawal_charge,getting_spare_card
card_payment_fee_charged,order_physical_card,top_up_by_card_charge
card_payment_fee_charged,card_payment_not_recognised,transfer_fee_charged
card_payment_fee_charged,cash_withdrawal_charge,transfer_fee_charged
card_payment_fee_charged,extra_charge_on_statement,transfer_fee_charged
card_payment_fee_charged,getting_spare_card,top_up_by_card_charge
card_payment_fee_charged,cash_withdrawal_charge,transfer_fee_charged
card_payment_fee_charged,cash_withdrawal_charge,transfer_fee_charged
card_payment_fee_charged,card_payment_not_recognised,extra_charge_on_statement
transfer_not_received_by_recipient,balance_not_updated_after_bank_transfer,pending_transfer
transfer_not_received_by_recipient,balance_not_updated_after_bank_transfer,pending_transfer
transfer_not_received_by_recipient,pending_transfer,balance_not_updated_after_bank_transfer
transfer_not_received_by_recipient,balance_not_updated_after_bank_transfer,pending_transfer
transfer_not_received_by_recipient,balance_not_updated_after_bank_transfer,beneficiary_not_allowed
transfer_not_received_by_recipient,transfer_timing,pending_transfer
transfer_not_received_by_recipient,balance_not_updated_after_bank_transfer,pending_transfer
transfer_not_received_by_recipient,balance_not_updated_after_bank_transfer,pending_transfer
transfer_not_received_by_recipient,balance_not_updated_after_bank_transfer,pending_transfer
transfer_timing,balance_not_updated_after_bank_transfer,pending_transfer
transfer_not_received_by_recipient,balance_not_updated_after_bank_transfer,transfer_timing
transfer_not_received_by_recipient,balance_not_updated_after_bank_transfer,pending_transfer
failed_transfer,cancel_transfer,declined_transfer
transfer_not_received_by_recipient,balance_not_updated_after_bank_transfer,balance_not_updated_after_cheque_or_cash_deposit
transfer_not_received_by_recipient,balance_not_updated_after_bank_transfer,pending_transfer
transfer_not_received_by_recipient,balance_not_updated_after_bank_transfer,pending_transfer
transfer_not_received_by_recipient,balance_not_updated_after_bank_transfer,cancel_transfer
failed_transfer,beneficiary_not_allowed,declined_transfer
transfer_not_received_by_recipient,reverted_card_payment?,balance_not_updated_after_bank_transfer
transfer_not_received_by_recipient,balance_not_updated_after_bank_transfer,balance_not_updated_after_cheque_or_cash_deposit
transfer_not_received_by_recipient,balance_not_updated_after_bank_transfer,pending_transfer
transfer_not_received_by_recipient,balance_not_updated_after_bank_transfer,pending_transfer
transfer_not_received_by_recipient,balance_not_updated_after_bank_transfer,pending_transfer
transfer_not_received_by_recipient,balance_not_updated_after_bank_transfer,beneficiary_not_allowed
transfer_not_received_by_recipient,balance_not_updated_after_bank_transfer,cancel_transfer
transfer_not_received_by_recipient,balance_not_updated_after_bank_transfer,cancel_transfer
transfer_not_received_by_recipient,pending_transfer,cancel_transfer
transfer_not_received_by_recipient,pending_transfer,cancel_transfer
transfer_not_received_by_recipient,pending_transfer,balance_not_updated_after_bank_transfer
transfer_not_received_by_recipient,pending_transfer,balance_not_updated_after_bank_transfer
transfer_not_received_by_recipient,beneficiary_not_allowed,balance_not_updated_after_bank_transfer
transfer_not_received_by_recipient,balance_not_updated_after_cheque_or_cash_deposit,balance_not_updated_after_bank_transfer
transfer_not_received_by_recipient,balance_not_updated_after_bank_transfer,balance_not_updated_after_cheque_or_cash_deposit
transfer_timing,balance_not_updated_after_bank_transfer,pending_transfer
transfer_not_received_by_recipient,balance_not_updated_after_bank_transfer,pending_transfer
transfer_not_received_by_recipient,balance_not_updated_after_bank_transfer,pending_transfer
transfer_not_received_by_recipient,balance_not_updated_after_bank_transfer,pending_transfer
transfer_not_received_by_recipient,balance_not_updated_after_bank_transfer,balance_not_updated_after_cheque_or_cash_deposit
transfer_not_received_by_recipient,pending_transfer,cancel_transfer
transfer_not_received_by_recipient,balance_not_updated_after_bank_transfer,balance_not_updated_after_cheque_or_cash_deposit
supported_cards_and_currencies,fiat_currency_support,exchange_via_app
topping_up_by_card,top_up_limits,automatic_top_up
supported_cards_and_currencies,getting_spare_card,order_physical_card
supported_cards_and_currencies,fiat_currency_support,exchange_via_app
supported_cards_and_currencies,top_up_by_card_charge,fiat_currency_support
supported_cards_and_currencies,fiat_currency_support,exchange_via_app
supported_cards_and_currencies,country_support,order_physical_card
supported_cards_and_currencies,getting_spare_card,order_physical_card
supported_cards_and_currencies,fiat_currency_support,exchange_via_app
supported_cards_and_currencies,fiat_currency_support,exchange_via_app
supported_cards_and_currencies,fiat_currency_support,exchange_via_app
supported_cards_and_currencies,country_support,order_physical_card
supported_cards_and_currencies,fiat_currency_support,exchange_via_app
getting_spare_card,order_physical_card,card_acceptance
supported_cards_and_currencies,top_up_by_card_charge,top_up_by_cash_or_cheque
supported_cards_and_currencies,top_up_by_card_charge,topping_up_by_card
supported_cards_and_currencies,visa_or_mastercard,order_physical_card
supported_cards_and_currencies,fiat_currency_support,exchange_via_app
supported_cards_and_currencies,fiat_currency_support,exchange_via_app
supported_cards_and_currencies,fiat_currency_support,exchange_via_app
supported_cards_and_currencies,fiat_currency_support,exchange_via_app
fiat_currency_support,exchange_via_app,supported_cards_and_currencies
supported_cards_and_currencies,top_up_by_card_charge,country_support
supported_cards_and_currencies,fiat_currency_support,exchange_via_app
supported_cards_and_currencies,getting_spare_card,visa_or_mastercard
supported_cards_and_currencies,fiat_currency_support,exchange_via_app
supported_cards_and_currencies,fiat_currency_support,exchange_via_app
supported_cards_and_currencies,top_up_by_card_charge,top_up_by_cash_or_cheque
supported_cards_and_currencies,top_up_by_card_charge,order_physical_card
supported_cards_and_currencies,country_support,getting_spare_card
supported_cards_and_currencies,fiat_currency_support,exchange_via_app
supported_cards_and_currencies,top_up_by_card_charge,order_physical_card
fiat_currency_support,exchange_via_app,supported_cards_and_currencies
supported_cards_and_currencies,fiat_currency_support,exchange_via_app
supported_cards_and_currencies,fiat_currency_support,exchange_via_app
supported_cards_and_currencies,fiat_currency_support,getting_spare_card
supported_cards_and_currencies,fiat_currency_support,exchange_via_app
supported_cards_and_currencies,fiat_currency_support,exchange_via_app
supported_cards_and_currencies,top_up_by_card_charge,order_physical_card
supported_cards_and_currencies,fiat_currency_support,exchange_via_app
getting_virtual_card,get_disposable_virtual_card,virtual_card_not_working
getting_virtual_card,get_disposable_virtual_card,virtual_card_not_working
getting_virtual_card,get_disposable_virtual_card,virtual_card_not_working
getting_virtual_card,get_disposable_virtual_card,virtual_card_not_working
getting_virtual_card,get_disposable_virtual_card,order_physical_card
getting_virtual_card,get_disposable_virtual_card,virtual_card_not_working
getting_virtual_card,get_disposable_virtual_card,virtual_card_not_working
getting_virtual_card,get_disposable_virtual_card,virtual_card_not_working
getting_virtual_card,get_disposable_virtual_card,virtual_card_not_working
getting_virtual_card,get_disposable_virtual_card,virtual_card_not_working
getting_virtual_card,get_disposable_virtual_card,virtual_card_not_working
getting_virtual_card,virtual_card_not_working,get_disposable_virtual_card
getting_virtual_card,get_disposable_virtual_card,virtual_card_not_working
getting_virtual_card,get_disposable_virtual_card,virtual_card_not_working
getting_virtual_card,get_disposable_virtual_card,virtual_card_not_working
getting_virtual_card,get_disposable_virtual_card,virtual_card_not_working
getting_virtual_card,get_disposable_virtual_card,virtual_card_not_working
getting_virtual_card,get_disposable_virtual_card,virtual_card_not_working
getting_virtual_card,get_disposable_virtual_card,virtual_card_not_working
getting_virtual_card,get_disposable_virtual_card,virtual_card_not_working
getting_virtual_card,get_disposable_virtual_card,virtual_card_not_working
getting_virtual_card,get_disposable_virtual_card,virtual_card_not_working
getting_virtual_card,get_disposable_virtual_card,virtual_card_not_working
getting_virtual_card,get_disposable_virtual_card,virtual_card_not_working
getting_virtual_card,get_disposable_virtual_card,virtual_card_not_working
card_linking,card_arrival,order_physical_card
getting_virtual_card,get_disposable_virtual_card,virtual_card_not_working
getting_virtual_card,get_disposable_virtual_card,virtual_card_not_working
getting_virtual_card,get_disposable_virtual_card,virtual_card_not_working
getting_virtual_card,virtual_card_not_working,get_disposable_virtual_card
getting_virtual_card,get_disposable_virtual_card,virtual_card_not_working
getting_virtual_card,get_disposable_virtual_card,virtual_card_not_working
getting_virtual_card,get_disposable_virtual_card,virtual_card_not_working
getting_virtual_card,get_disposable_virtual_card,virtual_card_not_working
getting_virtual_card,get_disposable_virtual_card,virtual_card_not_working
getting_virtual_card,get_disposable_virtual_card,virtual_card_not_working
getting_virtual_card,get_disposable_virtual_card,virtual_card_not_working
getting_virtual_card,get_disposable_virtual_card,virtual_card_not_working
getting_virtual_card,get_disposable_virtual_card,virtual_card_not_working
getting_virtual_card,get_disposable_virtual_card,virtual_card_not_working
country_support,order_physical_card,supported_cards_and_currencies
order_physical_card,card_acceptance,supported_cards_and_currencies
country_support,supported_cards_and_currencies,order_physical_card
visa_or_mastercard,supported_cards_and_currencies,top_up_by_card_charge
order_physical_card,card_acceptance,card_not_working
order_physical_card,card_acceptance,card_not_working
card_acceptance,order_physical_card,card_payment_fee_charged
direct_debit_payment_not_recognised,compromised_card,card_payment_not_recognised
order_physical_card,card_acceptance,supported_cards_and_currencies
declined_card_payment,card_not_working,card_acceptance
order_physical_card,card_acceptance,card_not_working
order_physical_card,card_acceptance,declined_card_payment
order_physical_card,card_acceptance,compromised_card
order_physical_card,card_acceptance,declined_card_payment
order_physical_card,card_acceptance,card_payment_fee_charged
card_not_working,order_physical_card,card_acceptance
card_acceptance,order_physical_card,card_payment_fee_charged
order_physical_card,card_acceptance,card_not_working
order_physical_card,card_acceptance,supported_cards_and_currencies
country_support,supported_cards_and_currencies,transfer_timing
supported_cards_and_currencies,topping_up_by_card,order_physical_card
card_not_working,compromised_card,declined_card_payment
order_physical_card,card_acceptance,card_linking
order_physical_card,card_not_working,card_acceptance
card_acceptance,order_physical_card,card_not_working
order_physical_card,card_acceptance,country_support
card_acceptance,order_physical_card,declined_card_payment
supported_cards_and_currencies,order_physical_card,card_payment_fee_charged
card_not_working,activate_my_card,card_linking
card_linking,order_physical_card,card_arrival
order_physical_card,card_acceptance,card_linking
card_acceptance,card_payment_fee_charged,order_physical_card
order_physical_card,card_acceptance,getting_spare_card
order_physical_card,card_acceptance,supported_cards_and_currencies
card_acceptance,order_physical_card,card_linking
order_physical_card,card_acceptance,getting_spare_card
order_physical_card,supported_cards_and_currencies,card_acceptance
card_linking,card_not_working,activate_my_card
card_payment_fee_charged,order_physical_card,card_acceptance
card_acceptance,order_physical_card,supported_cards_and_currencies
request_refund,Refund_not_showing_up,top_up_reverted
top_up_reverted,top_up_failed,pending_top_up
top_up_reverted,pending_top_up,top_up_failed
pending_top_up,top_up_reverted,top_up_failed
transaction_charged_twice,wrong_amount_of_cash_received,transfer_fee_charged
top_up_reverted,pending_top_up,top_up_failed
top_up_failed,top_up_reverted,pending_top_up
top_up_reverted,top_up_failed,pending_top_up
top_up_failed,top_up_reverted,pending_top_up
top_up_reverted,top_up_failed,pending_top_up
balance_not_updated_after_cheque_or_cash_deposit,declined_cash_withdrawal,wrong_amount_of_cash_received
top_up_reverted,pending_top_up,top_up_failed
top_up_reverted,top_up_failed,pending_top_up
top_up_reverted,top_up_failed,pending_top_up
top_up_reverted,top_up_failed,pending_top_up
top_up_reverted,top_up_failed,pending_top_up
top_up_reverted,top_up_failed,pending_top_up
top_up_reverted,top_up_failed,pending_top_up
top_up_reverted,top_up_failed,pending_top_up
top_up_reverted,pending_top_up,top_up_failed
top_up_reverted,top_up_failed,pending_top_up
top_up_reverted,top_up_failed,pending_top_up
top_up_reverted,pending_top_up,top_up_failed
top_up_reverted,top_up_failed,pending_top_up
top_up_reverted,top_up_failed,pending_top_up
top_up_reverted,top_up_failed,beneficiary_not_allowed
top_up_reverted,top_up_failed,pending_top_up
top_up_reverted,top_up_failed,pending_top_up
top_up_reverted,top_up_failed,pending_top_up
top_up_reverted,top_up_failed,pending_top_up
top_up_reverted,pending_top_up,top_up_failed
top_up_reverted,top_up_failed,pending_top_up
top_up_reverted,top_up_failed,pending_top_up
top_up_reverted,top_up_failed,pending_top_up
top_up_reverted,top_up_failed,pending_top_up
top_up_reverted,pending_top_up,top_up_failed
top_up_reverted,top_up_failed,pending_top_up
top_up_reverted,top_up_failed,pending_top_up
top_up_failed,top_up_reverted,pending_top_up
top_up_reverted,top_up_failed,pending_top_up
balance_not_updated_after_cheque_or_cash_deposit,pending_cash_withdrawal,transfer_not_received_by_recipient
balance_not_updated_after_cheque_or_cash_deposit,top_up_by_cash_or_cheque,transfer_not_received_by_recipient
balance_not_updated_after_cheque_or_cash_deposit,top_up_by_cash_or_cheque,declined_cash_withdrawal
balance_not_updated_after_cheque_or_cash_deposit,transfer_not_received_by_recipient,pending_cash_withdrawal
balance_not_updated_after_cheque_or_cash_deposit,pending_cash_withdrawal,transfer_not_received_by_recipient
balance_not_updated_after_cheque_or_cash_deposit,top_up_by_cash_or_cheque,pending_cash_withdrawal
balance_not_updated_after_cheque_or_cash_deposit,top_up_by_cash_or_cheque,pending_cash_withdrawal
balance_not_updated_after_cheque_or_cash_deposit,pending_cash_withdrawal,transfer_not_received_by_recipient
balance_not_updated_after_cheque_or_cash_deposit,pending_cash_withdrawal,transfer_not_received_by_recipient
balance_not_updated_after_cheque_or_cash_deposit,top_up_by_cash_or_cheque,pending_cash_withdrawal
balance_not_updated_after_cheque_or_cash_deposit,pending_cash_withdrawal,transfer_not_received_by_recipient
balance_not_updated_after_cheque_or_cash_deposit,top_up_by_cash_or_cheque,pending_cash_withdrawal
balance_not_updated_after_cheque_or_cash_deposit,pending_cash_withdrawal,pending_card_payment
balance_not_updated_after_cheque_or_cash_deposit,pending_cash_withdrawal,cash_withdrawal_not_recognised
cash_withdrawal_not_recognised,reverted_card_payment?,card_payment_not_recognised
balance_not_updated_after_cheque_or_cash_deposit,transfer_not_received_by_recipient,balance_not_updated_after_bank_transfer
balance_not_updated_after_cheque_or_cash_deposit,top_up_by_cash_or_cheque,declined_cash_withdrawal
balance_not_updated_after_cheque_or_cash_deposit,balance_not_updated_after_bank_transfer,transfer_not_received_by_recipient
balance_not_updated_after_cheque_or_cash_deposit,pending_cash_withdrawal,transfer_not_received_by_recipient
balance_not_updated_after_cheque_or_cash_deposit,top_up_by_cash_or_cheque,pending_cash_withdrawal
balance_not_updated_after_cheque_or_cash_deposit,top_up_by_cash_or_cheque,transfer_not_received_by_recipient
balance_not_updated_after_cheque_or_cash_deposit,cash_withdrawal_not_recognised,transfer_not_received_by_recipient
balance_not_updated_after_cheque_or_cash_deposit,transfer_not_received_by_recipient,pending_cash_withdrawal
balance_not_updated_after_cheque_or_cash_deposit,transfer_not_received_by_recipient,balance_not_updated_after_bank_transfer
balance_not_updated_after_cheque_or_cash_deposit,pending_cash_withdrawal,transfer_not_received_by_recipient
balance_not_updated_after_cheque_or_cash_deposit,top_up_by_cash_or_cheque,balance_not_updated_after_bank_transfer
balance_not_updated_after_cheque_or_cash_deposit,balance_not_updated_after_bank_transfer,transfer_not_received_by_recipient
declined_cash_withdrawal,balance_not_updated_after_cheque_or_cash_deposit,cash_withdrawal_not_recognised
balance_not_updated_after_cheque_or_cash_deposit,cash_withdrawal_not_recognised,pending_cash_withdrawal
balance_not_updated_after_cheque_or_cash_deposit,pending_cash_withdrawal,transfer_not_received_by_recipient
balance_not_updated_after_cheque_or_cash_deposit,balance_not_updated_after_bank_transfer,transfer_not_received_by_recipient
balance_not_updated_after_cheque_or_cash_deposit,pending_cash_withdrawal,transfer_not_received_by_recipient
balance_not_updated_after_cheque_or_cash_deposit,transfer_not_received_by_recipient,top_up_by_cash_or_cheque
balance_not_updated_after_cheque_or_cash_deposit,top_up_by_cash_or_cheque,pending_cash_withdrawal
balance_not_updated_after_cheque_or_cash_deposit,top_up_by_cash_or_cheque,pending_cash_withdrawal
balance_not_updated_after_cheque_or_cash_deposit,cash_withdrawal_not_recognised,pending_cash_withdrawal
balance_not_updated_after_cheque_or_cash_deposit,pending_cash_withdrawal,transfer_not_received_by_recipient
balance_not_updated_after_cheque_or_cash_deposit,pending_cash_withdrawal,transfer_not_received_by_recipient
balance_not_updated_after_cheque_or_cash_deposit,pending_cash_withdrawal,declined_cash_withdrawal
balance_not_updated_after_cheque_or_cash_deposit,transfer_not_received_by_recipient,pending_cash_withdrawal
card_payment_not_recognised,transaction_charged_twice,direct_debit_payment_not_recognised
card_payment_not_recognised,direct_debit_payment_not_recognised,transaction_charged_twice
card_payment_not_recognised,direct_debit_payment_not_recognised,reverted_card_payment?
card_payment_not_recognised,direct_debit_payment_not_recognised,transaction_charged_twice
card_payment_not_recognised,direct_debit_payment_not_recognised,transaction_charged_twice
card_payment_not_recognised,declined_card_payment,reverted_card_payment?
card_payment_not_recognised,direct_debit_payment_not_recognised,declined_card_payment
card_payment_not_recognised,declined_card_payment,reverted_card_payment?
card_payment_not_recognised,direct_debit_payment_not_recognised,cancel_transfer
card_payment_not_recognised,reverted_card_payment?,declined_card_payment
reverted_card_payment?,card_payment_not_recognised,pending_card_payment
card_payment_not_recognised,direct_debit_payment_not_recognised,compromised_card
card_payment_not_recognised,compromised_card,direct_debit_payment_not_recognised
card_payment_not_recognised,direct_debit_payment_not_recognised,reverted_card_payment?
card_payment_not_recognised,direct_debit_payment_not_recognised,reverted_card_payment?
card_payment_not_recognised,transaction_charged_twice,direct_debit_payment_not_recognised
card_payment_not_recognised,compromised_card,transaction_charged_twice
card_payment_not_recognised,direct_debit_payment_not_recognised,transaction_charged_twice
card_payment_not_recognised,reverted_card_payment?,declined_card_payment
card_payment_not_recognised,direct_debit_payment_not_recognised,transaction_charged_twice
card_payment_not_recognised,reverted_card_payment?,declined_card_payment
card_payment_not_recognised,transaction_charged_twice,direct_debit_payment_not_recognised
card_payment_not_recognised,reverted_card_payment?,direct_debit_payment_not_recognised
compromised_card,card_not_working,declined_card_payment
reverted_card_payment?,card_payment_not_recognised,cancel_transfer
card_payment_not_recognised,reverted_card_payment?,direct_debit_payment_not_recognised
card_payment_not_recognised,reverted_card_payment?,declined_card_payment
card_payment_not_recognised,direct_debit_payment_not_recognised,cancel_transfer
card_payment_not_recognised,direct_debit_payment_not_recognised,transaction_charged_twice
card_payment_not_recognised,direct_debit_payment_not_recognised,transaction_charged_twice
card_payment_not_recognised,direct_debit_payment_not_recognised,transaction_charged_twice
card_payment_not_recognised,direct_debit_payment_not_recognised,reverted_card_payment?
card_payment_not_recognised,compromised_card,reverted_card_payment?
card_payment_not_recognised,direct_debit_payment_not_recognised,transaction_charged_twice
card_payment_not_recognised,card_payment_fee_charged,reverted_card_payment?
card_payment_not_recognised,direct_debit_payment_not_recognised,transaction_charged_twice
card_payment_not_recognised,direct_debit_payment_not_recognised,Refund_not_showing_up
card_payment_not_recognised,transaction_charged_twice,extra_charge_on_statement
card_payment_not_recognised,direct_debit_payment_not_recognised,reverted_card_payment?
card_payment_not_recognised,direct_debit_payment_not_recognised,transaction_charged_twice
edit_personal_details,why_verify_identity,terminate_account
edit_personal_details,why_verify_identity,passcode_forgotten
edit_personal_details,why_verify_identity,terminate_account
edit_personal_details,terminate_account,why_verify_identity
edit_personal_details,age_limit,why_verify_identity
edit_personal_details,why_verify_identity,unable_to_verify_identity
edit_personal_details,age_limit,why_verify_identity
edit_personal_details,why_verify_identity,age_limit
edit_personal_details,why_verify_identity,terminate_account
edit_personal_details,terminate_account,why_verify_identity
edit_personal_details,why_verify_identity,verify_my_identity
edit_personal_details,passcode_forgotten,why_verify_identity
edit_personal_details,why_verify_identity,verify_my_identity
edit_personal_details,why_verify_identity,terminate_account
edit_personal_details,why_verify_identity,unable_to_verify_identity
edit_personal_details,why_verify_identity,age_limit
edit_personal_details,why_verify_identity,age_limit
edit_personal_details,why_verify_identity,unable_to_verify_identity
edit_personal_details,why_verify_identity,terminate_account
edit_personal_details,why_verify_identity,card_payment_not_recognised
edit_personal_details,why_verify_identity,verify_my_identity
edit_personal_details,why_verify_identity,passcode_forgotten
edit_personal_details,terminate_account,age_limit
edit_personal_details,terminate_account,card_linking
edit_personal_details,why_verify_identity,age_limit
edit_personal_details,why_verify_identity,unable_to_verify_identity
edit_personal_details,age_limit,why_verify_identity
edit_personal_details,why_verify_identity,age_limit
edit_personal_details,why_verify_identity,verify_my_identity
edit_personal_details,why_verify_identity,passcode_forgotten
edit_personal_details,age_limit,why_verify_identity
edit_personal_details,why_verify_identity,card_payment_not_recognised
edit_personal_details,why_verify_identity,terminate_account
edit_personal_details,why_verify_identity,unable_to_verify_identity
edit_personal_details,why_verify_identity,verify_my_identity
edit_personal_details,transfer_not_received_by_recipient,balance_not_updated_after_bank_transfer
edit_personal_details,why_verify_identity,verify_my_identity
edit_personal_details,why_verify_identity,verify_my_identity
edit_personal_details,why_verify_identity,age_limit
edit_personal_details,why_verify_identity,passcode_forgotten
why_verify_identity,verify_my_identity,unable_to_verify_identity
why_verify_identity,verify_my_identity,unable_to_verify_identity
why_verify_identity,verify_my_identity,unable_to_verify_identity
why_verify_identity,verify_my_identity,unable_to_verify_identity
verify_my_identity,why_verify_identity,unable_to_verify_identity
verify_my_identity,why_verify_identity,unable_to_verify_identity
verify_my_identity,why_verify_identity,unable_to_verify_identity
why_verify_identity,verify_my_identity,unable_to_verify_identity
why_verify_identity,verify_my_identity,unable_to_verify_identity
verify_my_identity,why_verify_identity,unable_to_verify_identity
why_verify_identity,verify_my_identity,unable_to_verify_identity
why_verify_identity,verify_my_identity,unable_to_verify_identity
why_verify_identity,verify_my_identity,unable_to_verify_identity
why_verify_identity,verify_my_identity,unable_to_verify_identity
verify_my_identity,why_verify_identity,unable_to_verify_identity
why_verify_identity,unable_to_verify_identity,verify_my_identity
verify_my_identity,why_verify_identity,unable_to_verify_identity
why_verify_identity,verify_my_identity,unable_to_verify_identity
why_verify_identity,verify_my_identity,unable_to_verify_identity
why_verify_identity,verify_my_identity,unable_to_verify_identity
why_verify_identity,verify_my_identity,unable_to_verify_identity
why_verify_identity,verify_my_identity,unable_to_verify_identity
why_verify_identity,verify_my_identity,unable_to_verify_identity
verify_my_identity,why_verify_identity,unable_to_verify_identity
why_verify_identity,unable_to_verify_identity,verify_my_identity
why_verify_identity,verify_my_identity,unable_to_verify_identity
unable_to_verify_identity,why_verify_identity,verify_my_identity
unable_to_verify_identity,why_verify_identity,verify_my_identity
why_verify_identity,unable_to_verify_identity,verify_my_identity
why_verify_identity,verify_my_identity,unable_to_verify_identity
why_verify_identity,verify_my_identity,unable_to_verify_identity
verify_my_identity,why_verify_identity,unable_to_verify_identity
verify_my_identity,why_verify_identity,unable_to_verify_identity
verify_my_identity,why_verify_identity,unable_to_verify_identity
why_verify_identity,verify_my_identity,unable_to_verify_identity
why_verify_identity,verify_my_identity,unable_to_verify_identity
why_verify_identity,verify_my_identity,unable_to_verify_identity
verify_my_identity,why_verify_identity,unable_to_verify_identity
why_verify_identity,edit_personal_details,unable_to_verify_identity
why_verify_identity,unable_to_verify_identity,verify_my_identity
why_verify_identity,unable_to_verify_identity,verify_my_identity
unable_to_verify_identity,why_verify_identity,verify_my_identity
unable_to_verify_identity,why_verify_identity,verify_my_identity
unable_to_verify_identity,why_verify_identity,verify_my_identity
unable_to_verify_identity,why_verify_identity,verify_my_identity
why_verify_identity,unable_to_verify_identity,verify_my_identity
unable_to_verify_identity,why_verify_identity,lost_or_stolen_phone
unable_to_verify_identity,why_verify_identity,verify_my_identity
unable_to_verify_identity,why_verify_identity,verify_my_identity
unable_to_verify_identity,why_verify_identity,verify_my_identity
unable_to_verify_identity,why_verify_identity,verify_my_identity
unable_to_verify_identity,why_verify_identity,verify_my_identity
unable_to_verify_identity,why_verify_identity,verify_my_identity
unable_to_verify_identity,why_verify_identity,lost_or_stolen_phone
unable_to_verify_identity,why_verify_identity,verify_my_identity
terminate_account,lost_or_stolen_phone,card_linking
unable_to_verify_identity,why_verify_identity,verify_my_identity
unable_to_verify_identity,why_verify_identity,verify_my_identity
unable_to_verify_identity,why_verify_identity,verify_my_identity
unable_to_verify_identity,lost_or_stolen_phone,why_verify_identity
unable_to_verify_identity,why_verify_identity,verify_my_identity
unable_to_verify_identity,why_verify_identity,lost_or_stolen_phone
why_verify_identity,verify_my_identity,unable_to_verify_identity
unable_to_verify_identity,why_verify_identity,verify_my_identity
unable_to_verify_identity,why_verify_identity,verify_my_identity
unable_to_verify_identity,why_verify_identity,verify_my_identity
unable_to_verify_identity,why_verify_identity,verify_my_identity
why_verify_identity,unable_to_verify_identity,verify_my_identity
unable_to_verify_identity,why_verify_identity,verify_my_identity
unable_to_verify_identity,why_verify_identity,verify_my_identity
unable_to_verify_identity,why_verify_identity,verify_my_identity
unable_to_verify_identity,why_verify_identity,verify_my_identity
unable_to_verify_identity,why_verify_identity,verify_my_identity
unable_to_verify_identity,why_verify_identity,lost_or_stolen_phone
unable_to_verify_identity,why_verify_identity,verify_my_identity
why_verify_identity,verify_my_identity,unable_to_verify_identity
lost_or_stolen_phone,passcode_forgotten,unable_to_verify_identity
why_verify_identity,verify_my_identity,unable_to_verify_identity
unable_to_verify_identity,why_verify_identity,verify_my_identity
why_verify_identity,verify_my_identity,unable_to_verify_identity
get_physical_card,pin_blocked,change_pin
get_physical_card,change_pin,pin_blocked
get_physical_card,pin_blocked,change_pin
get_physical_card,change_pin,pin_blocked
get_physical_card,pin_blocked,change_pin
get_physical_card,change_pin,pin_blocked
get_physical_card,change_pin,pin_blocked
get_physical_card,change_pin,pin_blocked
get_physical_card,change_pin,pin_blocked
get_physical_card,change_pin,pin_blocked
get_physical_card,change_pin,pin_blocked
get_physical_card,change_pin,pin_blocked
get_physical_card,change_pin,pin_blocked
get_physical_card,change_pin,pin_blocked
get_physical_card,change_pin,pin_blocked
get_physical_card,change_pin,pin_blocked
get_physical_card,change_pin,pin_blocked
get_physical_card,change_pin,pin_blocked
get_physical_card,pin_blocked,change_pin
get_physical_card,change_pin,pin_blocked
get_physical_card,change_pin,pin_blocked
get_physical_card,change_pin,pin_blocked
get_physical_card,change_pin,pin_blocked
get_physical_card,change_pin,pin_blocked
get_physical_card,change_pin,pin_blocked
get_physical_card,change_pin,pin_blocked
get_physical_card,pin_blocked,change_pin
get_physical_card,change_pin,pin_blocked
get_physical_card,change_pin,pin_blocked
get_physical_card,change_pin,pin_blocked
get_physical_card,change_pin,pin_blocked
get_physical_card,change_pin,pin_blocked
get_physical_card,change_pin,pin_blocked
get_physical_card,change_pin,pin_blocked
get_physical_card,change_pin,pin_blocked
get_physical_card,change_pin,pin_blocked
get_physical_card,pin_blocked,change_pin
get_physical_card,change_pin,pin_blocked
get_physical_card,change_pin,pin_blocked
get_physical_card,change_pin,pin_blocked
visa_or_mastercard,supported_cards_and_currencies,country_support
visa_or_mastercard,supported_cards_and_currencies,country_support
visa_or_mastercard,supported_cards_and_currencies,country_support
visa_or_mastercard,supported_cards_and_currencies,country_support
visa_or_mastercard,supported_cards_and_currencies,country_support
visa_or_mastercard,supported_cards_and_currencies,country_support
visa_or_mastercard,supported_cards_and_currencies,country_support
visa_or_mastercard,country_support,exchange_charge
visa_or_mastercard,supported_cards_and_currencies,country_support
visa_or_mastercard,supported_cards_and_currencies,country_support
visa_or_mastercard,supported_cards_and_currencies,exchange_charge
visa_or_mastercard,supported_cards_and_currencies,country_support
visa_or_mastercard,supported_cards_and_currencies,country_support
visa_or_mastercard,supported_cards_and_currencies,exchange_charge
visa_or_mastercard,supported_cards_and_currencies,exchange_charge
visa_or_mastercard,supported_cards_and_currencies,country_support
card_payment_fee_charged,card_payment_not_recognised,declined_card_payment
order_physical_card,getting_spare_card,supported_cards_and_currencies
visa_or_mastercard,country_support,supported_cards_and_currencies
order_physical_card,getting_spare_card,visa_or_mastercard
visa_or_mastercard,supported_cards_and_currencies,country_support
visa_or_mastercard,supported_cards_and_currencies,country_support
visa_or_mastercard,supported_cards_and_currencies,country_support
visa_or_mastercard,supported_cards_and_currencies,country_support
visa_or_mastercard,supported_cards_and_currencies,country_support
visa_or_mastercard,country_support,supported_cards_and_currencies
visa_or_mastercard,supported_cards_and_currencies,country_support
visa_or_mastercard,supported_cards_and_currencies,country_support
visa_or_mastercard,supported_cards_and_currencies,exchange_via_app
visa_or_mastercard,country_support,supported_cards_and_currencies
visa_or_mastercard,supported_cards_and_currencies,country_support
visa_or_mastercard,supported_cards_and_currencies,country_support
visa_or_mastercard,supported_cards_and_currencies,country_support
visa_or_mastercard,country_support,supported_cards_and_currencies
visa_or_mastercard,country_support,supported_cards_and_currencies
supported_cards_and_currencies,top_up_by_card_charge,card_payment_fee_charged
visa_or_mastercard,supported_cards_and_currencies,country_support
visa_or_mastercard,supported_cards_and_currencies,country_support
visa_or_mastercard,supported_cards_and_currencies,country_support
visa_or_mastercard,country_support,exchange_via_app
topping_up_by_card,supported_cards_and_currencies,top_up_by_cash_or_cheque
cash_withdrawal_not_recognised,verify_source_of_funds,wrong_amount_of_cash_received
topping_up_by_card,top_up_limits,supported_cards_and_currencies
topping_up_by_card,top_up_by_cash_or_cheque,transfer_into_account
topping_up_by_card,top_up_reverted,top_up_failed
age_limit,edit_personal_details,topping_up_by_card
topping_up_by_card,automatic_top_up,top_up_limits
top_up_reverted,topping_up_by_card,top_up_failed
topping_up_by_card,supported_cards_and_currencies,top_up_by_cash_or_cheque
topping_up_by_card,top_up_by_cash_or_cheque,top_up_reverted
transfer_not_received_by_recipient,balance_not_updated_after_bank_transfer,failed_transfer
card_payment_fee_charged,transfer_fee_charged,extra_charge_on_statement
top_up_limits,topping_up_by_card,automatic_top_up
top_up_reverted,failed_transfer,cancel_transfer
topping_up_by_card,top_up_limits,automatic_top_up
topping_up_by_card,supported_cards_and_currencies,top_up_by_cash_or_cheque
topping_up_by_card,top_up_by_cash_or_cheque,top_up_limits
top_up_reverted,pending_top_up,topping_up_by_card
top_up_reverted,pending_top_up,top_up_failed
topping_up_by_card,top_up_by_cash_or_cheque,top_up_limits
transfer_into_account,receiving_money,topping_up_by_card
topping_up_by_card,top_up_reverted,top_up_by_cash_or_cheque
topping_up_by_card,top_up_reverted,top_up_failed
topping_up_by_card,top_up_reverted,top_up_by_cash_or_cheque
topping_up_by_card,top_up_reverted,top_up_failed
topping_up_by_card,top_up_failed,top_up_by_cash_or_cheque
top_up_by_cash_or_cheque,topping_up_by_card,transfer_into_account
top_up_failed,top_up_reverted,pending_top_up
topping_up_by_card,top_up_by_cash_or_cheque,transfer_into_account
topping_up_by_card,supported_cards_and_currencies,top_up_by_cash_or_cheque
topping_up_by_card,top_up_by_cash_or_cheque,top_up_limits
top_up_reverted,top_up_failed,pending_top_up
topping_up_by_card,top_up_by_cash_or_cheque,supported_cards_and_currencies
topping_up_by_card,top_up_by_cash_or_cheque,top_up_limits
topping_up_by_card,top_up_by_cash_or_cheque,top_up_limits
topping_up_by_card,top_up_limits,top_up_by_cash_or_cheque
top_up_reverted,topping_up_by_card,top_up_failed
topping_up_by_card,top_up_reverted,top_up_by_cash_or_cheque
top_up_reverted,top_up_failed,pending_top_up
topping_up_by_card,top_up_limits,top_up_by_cash_or_cheque
disposable_card_limits,get_disposable_virtual_card,getting_spare_card
disposable_card_limits,get_disposable_virtual_card,getting_spare_card
disposable_card_limits,get_disposable_virtual_card,automatic_top_up
disposable_card_limits,get_disposable_virtual_card,getting_spare_card
disposable_card_limits,get_disposable_virtual_card,getting_spare_card
disposable_card_limits,get_disposable_virtual_card,automatic_top_up
disposable_card_limits,get_disposable_virtual_card,getting_spare_card
getting_virtual_card,get_disposable_virtual_card,disposable_card_limits
disposable_card_limits,get_disposable_virtual_card,getting_spare_card
disposable_card_limits,get_disposable_virtual_card,getting_spare_card
disposable_card_limits,get_disposable_virtual_card,getting_spare_card
disposable_card_limits,get_disposable_virtual_card,automatic_top_up
disposable_card_limits,get_disposable_virtual_card,getting_spare_card
disposable_card_limits,get_disposable_virtual_card,getting_spare_card
disposable_card_limits,get_disposable_virtual_card,automatic_top_up
getting_spare_card,disposable_card_limits,order_physical_card
disposable_card_limits,get_disposable_virtual_card,automatic_top_up
disposable_card_limits,get_disposable_virtual_card,automatic_top_up
disposable_card_limits,get_disposable_virtual_card,automatic_top_up
disposable_card_limits,get_disposable_virtual_card,getting_spare_card
disposable_card_limits,get_disposable_virtual_card,automatic_top_up
getting_spare_card,order_physical_card,disposable_card_limits
disposable_card_limits,get_disposable_virtual_card,getting_spare_card
disposable_card_limits,get_disposable_virtual_card,getting_spare_card
disposable_card_limits,get_disposable_virtual_card,automatic_top_up
disposable_card_limits,get_disposable_virtual_card,automatic_top_up
disposable_card_limits,get_disposable_virtual_card,getting_virtual_card
get_disposable_virtual_card,disposable_card_limits,getting_virtual_card
disposable_card_limits,get_disposable_virtual_card,getting_spare_card
get_disposable_virtual_card,disposable_card_limits,virtual_card_not_working
disposable_card_limits,get_disposable_virtual_card,getting_spare_card
getting_virtual_card,get_disposable_virtual_card,virtual_card_not_working
disposable_card_limits,get_disposable_virtual_card,automatic_top_up
disposable_card_limits,get_disposable_virtual_card,automatic_top_up
get_disposable_virtual_card,disposable_card_limits,getting_virtual_card
disposable_card_limits,get_disposable_virtual_card,automatic_top_up
disposable_card_limits,get_disposable_virtual_card,automatic_top_up
disposable_card_limits,get_disposable_virtual_card,automatic_top_up
disposable_card_limits,get_disposable_virtual_card,automatic_top_up
get_disposable_virtual_card,disposable_card_limits,virtual_card_not_working
compromised_card,card_not_working,card_payment_not_recognised
edit_personal_details,compromised_card,why_verify_identity
compromised_card,card_payment_not_recognised,card_not_working
compromised_card,card_not_working,declined_card_payment
card_not_working,card_linking,lost_or_stolen_card
terminate_account,lost_or_stolen_phone,edit_personal_details
compromised_card,card_payment_not_recognised,direct_debit_payment_not_recognised
compromised_card,card_payment_not_recognised,declined_card_payment
terminate_account,edit_personal_details,compromised_card
compromised_card,card_payment_not_recognised,card_not_working
compromised_card,card_payment_not_recognised,direct_debit_payment_not_recognised
compromised_card,card_not_working,declined_card_payment
compromised_card,transaction_charged_twice,direct_debit_payment_not_recognised
why_verify_identity,unable_to_verify_identity,verify_my_identity
compromised_card,card_payment_not_recognised,transaction_charged_twice
compromised_card,card_payment_not_recognised,card_not_working
direct_debit_payment_not_recognised,transaction_charged_twice,card_payment_not_recognised
compromised_card,card_payment_not_recognised,transaction_charged_twice
compromised_card,lost_or_stolen_card,card_arrival
card_payment_not_recognised,transaction_charged_twice,compromised_card
compromised_card,card_payment_not_recognised,direct_debit_payment_not_recognised
card_linking,activate_my_card,card_not_working
card_not_working,compromised_card,lost_or_stolen_card
compromised_card,card_not_working,card_payment_not_recognised
compromised_card,card_not_working,card_payment_not_recognised
terminate_account,edit_personal_details,cancel_transfer
compromised_card,card_not_working,card_payment_not_recognised
compromised_card,card_not_working,lost_or_stolen_card
compromised_card,card_payment_not_recognised,card_not_working
compromised_card,card_not_working,lost_or_stolen_card
compromised_card,card_payment_not_recognised,card_not_working
card_arrival,card_linking,lost_or_stolen_card
compromised_card,card_payment_not_recognised,card_not_working
card_arrival,compromised_card,passcode_forgotten
compromised_card,card_not_working,lost_or_stolen_card
compromised_card,card_not_working,lost_or_stolen_card
compromised_card,edit_personal_details,passcode_forgotten
compromised_card,card_not_working,lost_or_stolen_card
compromised_card,card_not_working,lost_or_stolen_card
compromised_card,card_not_working,lost_or_stolen_card
atm_support,card_swallowed,declined_cash_withdrawal
atm_support,card_swallowed,declined_cash_withdrawal
atm_support,declined_cash_withdrawal,card_swallowed
atm_support,declined_cash_withdrawal,card_swallowed
atm_support,declined_cash_withdrawal,card_swallowed
atm_support,declined_cash_withdrawal,card_swallowed
atm_support,card_swallowed,declined_cash_withdrawal
atm_support,declined_cash_withdrawal,card_swallowed
atm_support,declined_cash_withdrawal,card_swallowed
atm_support,declined_cash_withdrawal,card_swallowed
atm_support,declined_cash_withdrawal,card_swallowed
atm_support,declined_cash_withdrawal,card_swallowed
atm_support,declined_cash_withdrawal,card_swallowed
atm_support,declined_cash_withdrawal,card_swallowed
atm_support,declined_cash_withdrawal,wrong_exchange_rate_for_cash_withdrawal
atm_support,declined_cash_withdrawal,card_swallowed
atm_support,declined_cash_withdrawal,cash_withdrawal_not_recognised
atm_support,card_swallowed,declined_cash_withdrawal
atm_support,declined_cash_withdrawal,card_swallowed
atm_support,declined_cash_withdrawal,card_swallowed
atm_support,top_up_by_cash_or_cheque,supported_cards_and_currencies
atm_support,card_swallowed,declined_cash_withdrawal
atm_support,declined_cash_withdrawal,pending_cash_withdrawal
atm_support,declined_cash_withdrawal,pending_cash_withdrawal
atm_support,declined_cash_withdrawal,verify_source_of_funds
atm_support,declined_cash_withdrawal,card_swallowed
atm_support,declined_cash_withdrawal,card_swallowed
atm_support,card_swallowed,declined_cash_withdrawal
atm_support,declined_cash_withdrawal,wrong_exchange_rate_for_cash_withdrawal
atm_support,declined_cash_withdrawal,wrong_exchange_rate_for_cash_withdrawal
declined_cash_withdrawal,pending_cash_withdrawal,cash_withdrawal_not_recognised
atm_support,card_swallowed,declined_cash_withdrawal
atm_support,declined_cash_withdrawal,card_swallowed
atm_support,declined_cash_withdrawal,card_swallowed
atm_support,declined_cash_withdrawal,card_swallowed
atm_support,declined_cash_withdrawal,card_swallowed
atm_support,declined_cash_withdrawal,card_swallowed
atm_support,declined_cash_withdrawal,card_swallowed
declined_cash_withdrawal,atm_support,cash_withdrawal_not_recognised
declined_cash_withdrawal,atm_support,cash_withdrawal_charge
direct_debit_payment_not_recognised,card_payment_not_recognised,Refund_not_showing_up
direct_debit_payment_not_recognised,card_payment_not_recognised,wrong_amount_of_cash_received
direct_debit_payment_not_recognised,card_payment_not_recognised,transaction_charged_twice
direct_debit_payment_not_recognised,card_payment_not_recognised,wrong_amount_of_cash_received
extra_charge_on_statement,card_payment_not_recognised,transaction_charged_twice
card_payment_not_recognised,transaction_charged_twice,direct_debit_payment_not_recognised
cash_withdrawal_not_recognised,wrong_amount_of_cash_received,verify_source_of_funds
direct_debit_payment_not_recognised,card_payment_not_recognised,Refund_not_showing_up
direct_debit_payment_not_recognised,card_payment_not_recognised,wrong_amount_of_cash_received
direct_debit_payment_not_recognised,transaction_charged_twice,wrong_amount_of_cash_received
direct_debit_payment_not_recognised,card_payment_not_recognised,Refund_not_showing_up
direct_debit_payment_not_recognised,transaction_charged_twice,card_payment_not_recognised
direct_debit_payment_not_recognised,card_payment_not_recognised,transaction_charged_twice
direct_debit_payment_not_recognised,card_payment_not_recognised,transfer_not_received_by_recipient
direct_debit_payment_not_recognised,Refund_not_showing_up,card_payment_not_recognised
direct_debit_payment_not_recognised,card_payment_not_recognised,Refund_not_showing_up
balance_not_updated_after_cheque_or_cash_deposit,cash_withdrawal_not_recognised,direct_debit_payment_not_recognised
direct_debit_payment_not_recognised,card_payment_not_recognised,wrong_amount_of_cash_received
card_payment_not_recognised,direct_debit_payment_not_recognised,cancel_transfer
direct_debit_payment_not_recognised,card_payment_not_recognised,reverted_card_payment?
direct_debit_payment_not_recognised,card_payment_not_recognised,wrong_amount_of_cash_received
card_payment_not_recognised,reverted_card_payment?,direct_debit_payment_not_recognised
direct_debit_payment_not_recognised,card_payment_not_recognised,wrong_amount_of_cash_received
direct_debit_payment_not_recognised,card_payment_not_recognised,wrong_amount_of_cash_received
direct_debit_payment_not_recognised,card_payment_not_recognised,transaction_charged_twice
direct_debit_payment_not_recognised,card_payment_not_recognised,transaction_charged_twice
direct_debit_payment_not_recognised,card_payment_not_recognised,Refund_not_showing_up
direct_debit_payment_not_recognised,card_payment_not_recognised,transaction_charged_twice
direct_debit_payment_not_recognised,wrong_amount_of_cash_received,Refund_not_showing_up
direct_debit_payment_not_recognised,card_payment_not_recognised,wrong_amount_of_cash_received
direct_debit_payment_not_recognised,card_payment_not_recognised,transaction_charged_twice
direct_debit_payment_not_recognised,card_payment_not_recognised,Refund_not_showing_up
direct_debit_payment_not_recognised,card_payment_not_recognised,cancel_transfer
direct_debit_payment_not_recognised,card_payment_not_recognised,Refund_not_showing_up
direct_debit_payment_not_recognised,card_payment_not_recognised,Refund_not_showing_up
direct_debit_payment_not_recognised,wrong_amount_of_cash_received,Refund_not_showing_up
cash_withdrawal_not_recognised,wrong_amount_of_cash_received,verify_source_of_funds
transaction_charged_twice,card_payment_fee_charged,card_payment_not_recognised
direct_debit_payment_not_recognised,card_payment_not_recognised,wrong_exchange_rate_for_cash_withdrawal
direct_debit_payment_not_recognised,card_payment_not_recognised,reverted_card_payment?
passcode_forgotten,verify_top_up,cancel_transfer
passcode_forgotten,verify_top_up,edit_personal_details
passcode_forgotten,verify_top_up,edit_personal_details
passcode_forgotten,verify_top_up,cancel_transfer
passcode_forgotten,cancel_transfer,edit_personal_details
passcode_forgotten,verify_top_up,cancel_transfer
passcode_forgotten,verify_top_up,cancel_transfer
passcode_forgotten,verify_top_up,cancel_transfer
passcode_forgotten,verify_top_up,cancel_transfer
passcode_forgotten,verify_top_up,edit_personal_details
passcode_forgotten,verify_top_up,edit_personal_details
passcode_forgotten,verify_top_up,edit_personal_details
passcode_forgotten,verify_top_up,edit_personal_details
passcode_forgotten,verify_top_up,edit_personal_details
passcode_forgotten,verify_top_up,cancel_transfer
passcode_forgotten,verify_top_up,edit_personal_details
passcode_forgotten,verify_top_up,edit_personal_details
passcode_forgotten,verify_top_up,edit_personal_details
passcode_forgotten,verify_top_up,edit_personal_details
passcode_forgotten,verify_top_up,edit_personal_details
passcode_forgotten,verify_top_up,cancel_transfer
passcode_forgotten,verify_top_up,cancel_transfer
passcode_forgotten,verify_top_up,edit_personal_details
passcode_forgotten,verify_top_up,edit_personal_details
passcode_forgotten,verify_top_up,edit_personal_details
passcode_forgotten,cancel_transfer,verify_top_up
passcode_forgotten,verify_top_up,cancel_transfer
passcode_forgotten,verify_top_up,cancel_transfer
passcode_forgotten,cancel_transfer,verify_top_up
passcode_forgotten,verify_top_up,edit_personal_details
passcode_forgotten,verify_top_up,cancel_transfer
passcode_forgotten,verify_top_up,cancel_transfer
passcode_forgotten,verify_top_up,edit_personal_details
passcode_forgotten,verify_top_up,cancel_transfer
passcode_forgotten,verify_top_up,cancel_transfer
passcode_forgotten,verify_top_up,edit_personal_details
passcode_forgotten,verify_top_up,edit_personal_details
passcode_forgotten,verify_top_up,edit_personal_details
passcode_forgotten,verify_top_up,cancel_transfer
passcode_forgotten,verify_top_up,edit_personal_details
get_physical_card,pin_blocked,change_pin
cash_withdrawal_not_recognised,declined_cash_withdrawal,pending_cash_withdrawal
declined_cash_withdrawal,atm_support,card_swallowed
declined_cash_withdrawal,cash_withdrawal_not_recognised,atm_support
declined_cash_withdrawal,pending_cash_withdrawal,cash_withdrawal_not_recognised
declined_cash_withdrawal,pending_cash_withdrawal,atm_support
declined_cash_withdrawal,cash_withdrawal_not_recognised,pending_cash_withdrawal
declined_cash_withdrawal,wrong_amount_of_cash_received,cash_withdrawal_not_recognised
declined_cash_withdrawal,cash_withdrawal_not_recognised,pending_cash_withdrawal
declined_cash_withdrawal,cash_withdrawal_not_recognised,pending_cash_withdrawal
declined_cash_withdrawal,pending_cash_withdrawal,cash_withdrawal_not_recognised
declined_cash_withdrawal,cash_withdrawal_not_recognised,pending_cash_withdrawal
declined_cash_withdrawal,cash_withdrawal_not_recognised,pending_cash_withdrawal
declined_cash_withdrawal,pending_cash_withdrawal,cash_withdrawal_not_recognised
declined_cash_withdrawal,atm_support,cash_withdrawal_not_recognised
declined_cash_withdrawal,cash_withdrawal_not_recognised,pending_cash_withdrawal
declined_cash_withdrawal,cash_withdrawal_not_recognised,pending_cash_withdrawal
declined_cash_withdrawal,pending_cash_withdrawal,cash_withdrawal_not_recognised
declined_cash_withdrawal,atm_support,card_swallowed
declined_cash_withdrawal,cash_withdrawal_not_recognised,pending_cash_withdrawal
declined_cash_withdrawal,pending_cash_withdrawal,cash_withdrawal_not_recognised
declined_cash_withdrawal,cash_withdrawal_not_recognised,pending_cash_withdrawal
declined_cash_withdrawal,cash_withdrawal_not_recognised,pending_cash_withdrawal
declined_cash_withdrawal,atm_support,pending_cash_withdrawal
declined_cash_withdrawal,atm_support,pending_cash_withdrawal
declined_cash_withdrawal,cash_withdrawal_not_recognised,pending_cash_withdrawal
declined_cash_withdrawal,cash_withdrawal_not_recognised,wrong_amount_of_cash_received
declined_cash_withdrawal,cash_withdrawal_not_recognised,pending_cash_withdrawal
declined_cash_withdrawal,cash_withdrawal_not_recognised,pending_cash_withdrawal
declined_cash_withdrawal,wrong_amount_of_cash_received,cash_withdrawal_not_recognised
declined_cash_withdrawal,cash_withdrawal_not_recognised,pending_cash_withdrawal
declined_cash_withdrawal,cash_withdrawal_not_recognised,pending_cash_withdrawal
declined_cash_withdrawal,cash_withdrawal_not_recognised,pending_cash_withdrawal
declined_cash_withdrawal,cash_withdrawal_not_recognised,pending_cash_withdrawal
declined_cash_withdrawal,wrong_amount_of_cash_received,cash_withdrawal_not_recognised
declined_cash_withdrawal,cash_withdrawal_charge,atm_support
declined_cash_withdrawal,cash_withdrawal_not_recognised,pending_cash_withdrawal
declined_cash_withdrawal,pending_cash_withdrawal,cash_withdrawal_not_recognised
declined_cash_withdrawal,pending_cash_withdrawal,cash_withdrawal_not_recognised
declined_cash_withdrawal,wrong_amount_of_cash_received,cash_withdrawal_not_recognised
reverted_card_payment?,pending_card_payment,declined_card_payment
pending_card_payment,reverted_card_payment?,pending_transfer
pending_card_payment,reverted_card_payment?,pending_transfer
pending_card_payment,reverted_card_payment?,card_payment_not_recognised
pending_card_payment,reverted_card_payment?,pending_transfer
pending_card_payment,reverted_card_payment?,declined_card_payment
pending_card_payment,reverted_card_payment?,pending_transfer
pending_card_payment,reverted_card_payment?,pending_transfer
pending_card_payment,pending_transfer,reverted_card_payment?
pending_card_payment,reverted_card_payment?,pending_transfer
pending_card_payment,reverted_card_payment?,declined_card_payment
pending_card_payment,reverted_card_payment?,card_payment_not_recognised
pending_card_payment,reverted_card_payment?,pending_transfer
pending_card_payment,reverted_card_payment?,pending_transfer
pending_card_payment,reverted_card_payment?,declined_card_payment
pending_card_payment,pending_transfer,pending_top_up
pending_card_payment,reverted_card_payment?,pending_transfer
pending_card_payment,pending_transfer,pending_cash_withdrawal
pending_card_payment,pending_transfer,pending_cash_withdrawal
pending_card_payment,reverted_card_payment?,pending_transfer
pending_card_payment,reverted_card_payment?,pending_transfer
pending_card_payment,pending_transfer,reverted_card_payment?
card_arrival,card_delivery_estimate,pending_card_payment
pending_card_payment,pending_transfer,pending_top_up
pending_card_payment,reverted_card_payment?,pending_transfer
pending_card_payment,reverted_card_payment?,transfer_not_received_by_recipient
transaction_charged_twice,extra_charge_on_statement,card_payment_not_recognised
pending_card_payment,reverted_card_payment?,card_payment_not_recognised
pending_card_payment,reverted_card_payment?,pending_transfer
pending_card_payment,reverted_card_payment?,pending_transfer
pending_card_payment,pending_transfer,reverted_card_payment?
pending_card_payment,card_arrival,pending_top_up
pending_card_payment,reverted_card_payment?,card_delivery_estimate
pending_card_payment,pending_transfer,reverted_card_payment?
pending_card_payment,reverted_card_payment?,card_payment_not_recognised
pending_card_payment,reverted_card_payment?,card_payment_not_recognised
pending_card_payment,pending_transfer,pending_cash_withdrawal
pending_card_payment,pending_transfer,reverted_card_payment?
pending_card_payment,pending_transfer,pending_cash_withdrawal
pending_card_payment,reverted_card_payment?,pending_transfer
lost_or_stolen_phone,lost_or_stolen_card,declined_card_payment
lost_or_stolen_phone,lost_or_stolen_card,unable_to_verify_identity
lost_or_stolen_phone,unable_to_verify_identity,card_linking
lost_or_stolen_phone,lost_or_stolen_card,card_linking
lost_or_stolen_phone,terminate_account,card_linking
lost_or_stolen_phone,card_arrival,unable_to_verify_identity
lost_or_stolen_phone,unable_to_verify_identity,lost_or_stolen_card
lost_or_stolen_phone,unable_to_verify_identity,lost_or_stolen_card
lost_or_stolen_phone,lost_or_stolen_card,unable_to_verify_identity
lost_or_stolen_phone,lost_or_stolen_card,unable_to_verify_identity
lost_or_stolen_phone,unable_to_verify_identity,card_linking
lost_or_stolen_phone,unable_to_verify_identity,top_up_reverted
lost_or_stolen_phone,unable_to_verify_identity,card_linking
lost_or_stolen_phone,card_linking,terminate_account
lost_or_stolen_phone,unable_to_verify_identity,card_linking
lost_or_stolen_phone,card_arrival,card_linking
lost_or_stolen_phone,unable_to_verify_identity,card_linking
lost_or_stolen_phone,terminate_account,card_linking
lost_or_stolen_phone,terminate_account,edit_personal_details
lost_or_stolen_phone,unable_to_verify_identity,terminate_account
lost_or_stolen_phone,transfer_not_received_by_recipient,declined_card_payment
lost_or_stolen_phone,unable_to_verify_identity,lost_or_stolen_card
lost_or_stolen_phone,unable_to_verify_identity,transfer_not_received_by_recipient
lost_or_stolen_phone,unable_to_verify_identity,edit_personal_details
lost_or_stolen_phone,card_linking,card_not_working
lost_or_stolen_phone,unable_to_verify_identity,card_linking
lost_or_stolen_phone,card_linking,unable_to_verify_identity
lost_or_stolen_phone,unable_to_verify_identity,card_linking
lost_or_stolen_phone,card_linking,terminate_account
lost_or_stolen_phone,unable_to_verify_identity,lost_or_stolen_card
lost_or_stolen_phone,card_linking,unable_to_verify_identity
lost_or_stolen_phone,unable_to_verify_identity,lost_or_stolen_card
lost_or_stolen_card,compromised_card,order_physical_card
lost_or_stolen_phone,unable_to_verify_identity,card_linking
lost_or_stolen_phone,unable_to_verify_identity,lost_or_stolen_card
lost_or_stolen_phone,lost_or_stolen_card,unable_to_verify_identity
lost_or_stolen_phone,card_arrival,lost_or_stolen_card
lost_or_stolen_phone,card_linking,unable_to_verify_identity
lost_or_stolen_phone,card_linking,unable_to_verify_identity
lost_or_stolen_phone,card_linking,card_not_working
request_refund,Refund_not_showing_up,direct_debit_payment_not_recognised
request_refund,Refund_not_showing_up,transfer_fee_charged
request_refund,Refund_not_showing_up,transfer_fee_charged
request_refund,Refund_not_showing_up,transfer_fee_charged
request_refund,Refund_not_showing_up,wrong_amount_of_cash_received
request_refund,Refund_not_showing_up,direct_debit_payment_not_recognised
request_refund,Refund_not_showing_up,transfer_fee_charged
request_refund,Refund_not_showing_up,transfer_fee_charged
request_refund,Refund_not_showing_up,transfer_fee_charged
card_payment_fee_charged,extra_charge_on_statement,transfer_fee_charged
Refund_not_showing_up,request_refund,wrong_amount_of_cash_received
request_refund,Refund_not_showing_up,reverted_card_payment?
Refund_not_showing_up,request_refund,reverted_card_payment?
request_refund,Refund_not_showing_up,transfer_fee_charged
request_refund,Refund_not_showing_up,reverted_card_payment?
Refund_not_showing_up,request_refund,reverted_card_payment?
request_refund,Refund_not_showing_up,transfer_fee_charged
request_refund,Refund_not_showing_up,transfer_fee_charged
request_refund,Refund_not_showing_up,reverted_card_payment?
request_refund,Refund_not_showing_up,transfer_fee_charged
request_refund,Refund_not_showing_up,reverted_card_payment?
request_refund,Refund_not_showing_up,reverted_card_payment?
request_refund,Refund_not_showing_up,reverted_card_payment?
request_refund,Refund_not_showing_up,reverted_card_payment?
request_refund,Refund_not_showing_up,direct_debit_payment_not_recognised
request_refund,Refund_not_showing_up,transfer_fee_charged
request_refund,Refund_not_showing_up,reverted_card_payment?
request_refund,Refund_not_showing_up,reverted_card_payment?
request_refund,Refund_not_showing_up,transfer_fee_charged
cancel_transfer,reverted_card_payment?,transaction_charged_twice
request_refund,Refund_not_showing_up,reverted_card_payment?
request_refund,Refund_not_showing_up,transfer_fee_charged
Refund_not_showing_up,request_refund,reverted_card_payment?
request_refund,Refund_not_showing_up,transfer_fee_charged
reverted_card_payment?,request_refund,pending_card_payment
request_refund,Refund_not_showing_up,wrong_amount_of_cash_received
request_refund,Refund_not_showing_up,reverted_card_payment?
request_refund,Refund_not_showing_up,transfer_fee_charged
request_refund,Refund_not_showing_up,reverted_card_payment?
request_refund,Refund_not_showing_up,reverted_card_payment?
declined_transfer,failed_transfer,beneficiary_not_allowed
declined_card_payment,top_up_failed,card_not_working
failed_transfer,declined_transfer,beneficiary_not_allowed
declined_transfer,failed_transfer,beneficiary_not_allowed
declined_transfer,failed_transfer,beneficiary_not_allowed
declined_transfer,failed_transfer,beneficiary_not_allowed
declined_card_payment,transaction_charged_twice,card_not_working
declined_transfer,failed_transfer,beneficiary_not_allowed
declined_transfer,failed_transfer,beneficiary_not_allowed
declined_transfer,failed_transfer,beneficiary_not_allowed
transaction_charged_twice,declined_card_payment,card_not_working
declined_transfer,failed_transfer,beneficiary_not_allowed
declined_transfer,failed_transfer,beneficiary_not_allowed
declined_transfer,failed_transfer,beneficiary_not_allowed
transfer_into_account,transfer_timing,top_up_by_bank_transfer_charge
declined_transfer,failed_transfer,beneficiary_not_allowed
failed_transfer,beneficiary_not_allowed,declined_transfer
beneficiary_not_allowed,cancel_transfer,transfer_not_received_by_recipient
declined_transfer,failed_transfer,beneficiary_not_allowed
declined_card_payment,card_not_working,declined_transfer
declined_transfer,failed_transfer,beneficiary_not_allowed
declined_transfer,failed_transfer,beneficiary_not_allowed
declined_transfer,failed_transfer,beneficiary_not_allowed
declined_transfer,failed_transfer,beneficiary_not_allowed
declined_transfer,failed_transfer,beneficiary_not_allowed
declined_transfer,failed_transfer,beneficiary_not_allowed
declined_transfer,failed_transfer,beneficiary_not_allowed
declined_transfer,failed_transfer,beneficiary_not_allowed
declined_transfer,failed_transfer,beneficiary_not_allowed
declined_transfer,failed_transfer,beneficiary_not_allowed
declined_transfer,failed_transfer,beneficiary_not_allowed
declined_cash_withdrawal,top_up_failed,declined_card_payment
beneficiary_not_allowed,balance_not_updated_after_bank_transfer,transfer_into_account
declined_transfer,failed_transfer,beneficiary_not_allowed
declined_transfer,failed_transfer,declined_card_payment
declined_transfer,failed_transfer,declined_card_payment
declined_card_payment,card_not_working,compromised_card
declined_transfer,beneficiary_not_allowed,failed_transfer
declined_card_payment,top_up_failed,card_not_working
declined_transfer,failed_transfer,beneficiary_not_allowed
Refund_not_showing_up,request_refund,wrong_amount_of_cash_received
Refund_not_showing_up,request_refund,wrong_amount_of_cash_received
Refund_not_showing_up,request_refund,wrong_amount_of_cash_received
request_refund,Refund_not_showing_up,reverted_card_payment?
Refund_not_showing_up,request_refund,wrong_amount_of_cash_received
Refund_not_showing_up,request_refund,wrong_amount_of_cash_received
Refund_not_showing_up,request_refund,wrong_amount_of_cash_received
Refund_not_showing_up,request_refund,wrong_amount_of_cash_received
Refund_not_showing_up,request_refund,direct_debit_payment_not_recognised
Refund_not_showing_up,request_refund,wrong_amount_of_cash_received
Refund_not_showing_up,request_refund,wrong_amount_of_cash_received
Refund_not_showing_up,request_refund,wrong_amount_of_cash_received
Refund_not_showing_up,request_refund,wrong_amount_of_cash_received
Refund_not_showing_up,request_refund,wrong_amount_of_cash_received
Refund_not_showing_up,request_refund,reverted_card_payment?
Refund_not_showing_up,transfer_not_received_by_recipient,request_refund
Refund_not_showing_up,request_refund,wrong_amount_of_cash_received
Refund_not_showing_up,request_refund,wrong_amount_of_cash_received
Refund_not_showing_up,request_refund,wrong_amount_of_cash_received
Refund_not_showing_up,request_refund,wrong_amount_of_cash_received
Refund_not_showing_up,request_refund,direct_debit_payment_not_recognised
Refund_not_showing_up,request_refund,wrong_amount_of_cash_received
Refund_not_showing_up,request_refund,wrong_amount_of_cash_received
Refund_not_showing_up,request_refund,wrong_amount_of_cash_received
Refund_not_showing_up,request_refund,wrong_amount_of_cash_received
Refund_not_showing_up,request_refund,wrong_amount_of_cash_received
Refund_not_showing_up,request_refund,wrong_amount_of_cash_received
Refund_not_showing_up,request_refund,wrong_amount_of_cash_received
Refund_not_showing_up,request_refund,wrong_amount_of_cash_received
Refund_not_showing_up,request_refund,wrong_amount_of_cash_received
Refund_not_showing_up,request_refund,wrong_amount_of_cash_received
Refund_not_showing_up,request_refund,wrong_amount_of_cash_received
reverted_card_payment?,Refund_not_showing_up,transfer_not_received_by_recipient
Refund_not_showing_up,request_refund,wrong_amount_of_cash_received
Refund_not_showing_up,request_refund,wrong_amount_of_cash_received
Refund_not_showing_up,request_refund,wrong_amount_of_cash_received
Refund_not_showing_up,request_refund,reverted_card_payment?
Refund_not_showing_up,request_refund,wrong_amount_of_cash_received
Refund_not_showing_up,request_refund,wrong_amount_of_cash_received
Refund_not_showing_up,request_refund,wrong_amount_of_cash_received
declined_card_payment,card_not_working,top_up_failed
declined_card_payment,card_not_working,reverted_card_payment?
declined_card_payment,reverted_card_payment?,card_not_working
declined_card_payment,card_not_working,reverted_card_payment?
declined_card_payment,reverted_card_payment?,card_payment_not_recognised
declined_card_payment,card_not_working,reverted_card_payment?
declined_card_payment,reverted_card_payment?,declined_transfer
declined_card_payment,card_not_working,reverted_card_payment?
declined_card_payment,card_not_working,declined_cash_withdrawal
declined_card_payment,reverted_card_payment?,card_not_working
declined_card_payment,declined_transfer,reverted_card_payment?
declined_card_payment,declined_transfer,card_not_working
declined_card_payment,reverted_card_payment?,declined_transfer
declined_card_payment,reverted_card_payment?,pending_card_payment
declined_card_payment,reverted_card_payment?,card_not_working
pending_card_payment,declined_card_payment,reverted_card_payment?
declined_card_payment,reverted_card_payment?,card_payment_not_recognised
declined_card_payment,reverted_card_payment?,card_not_working
declined_card_payment,reverted_card_payment?,declined_transfer
declined_card_payment,reverted_card_payment?,declined_transfer
declined_card_payment,reverted_card_payment?,card_payment_not_recognised
declined_card_payment,reverted_card_payment?,card_not_working
direct_debit_payment_not_recognised,declined_cash_withdrawal,declined_card_payment
declined_card_payment,card_not_working,top_up_failed
declined_card_payment,reverted_card_payment?,card_not_working
declined_card_payment,reverted_card_payment?,card_not_working
declined_card_payment,card_not_working,compromised_card
declined_card_payment,card_not_working,declined_cash_withdrawal
declined_card_payment,reverted_card_payment?,declined_transfer
declined_card_payment,reverted_card_payment?,card_not_working
declined_card_payment,reverted_card_payment?,declined_transfer
declined_card_payment,reverted_card_payment?,card_payment_not_recognised
declined_card_payment,reverted_card_payment?,card_not_working
declined_card_payment,reverted_card_payment?,card_not_working
declined_card_payment,reverted_card_payment?,pending_card_payment
card_not_working,declined_card_payment,compromised_card
declined_card_payment,reverted_card_payment?,card_not_working
declined_card_payment,card_not_working,declined_transfer
reverted_card_payment?,declined_card_payment,card_payment_not_recognised
declined_card_payment,reverted_card_payment?,declined_transfer
pending_transfer,transfer_not_received_by_recipient,balance_not_updated_after_bank_transfer
pending_transfer,transfer_timing,balance_not_updated_after_bank_transfer
pending_transfer,transfer_not_received_by_recipient,balance_not_updated_after_bank_transfer
pending_transfer,transfer_not_received_by_recipient,balance_not_updated_after_bank_transfer
pending_transfer,transfer_not_received_by_recipient,transfer_timing
pending_transfer,transfer_not_received_by_recipient,pending_card_payment
pending_transfer,transfer_timing,transfer_not_received_by_recipient
pending_transfer,transfer_not_received_by_recipient,pending_card_payment
pending_transfer,pending_card_payment,transfer_not_received_by_recipient
pending_transfer,transfer_not_received_by_recipient,balance_not_updated_after_bank_transfer
pending_transfer,transfer_not_received_by_recipient,pending_card_payment
transfer_timing,balance_not_updated_after_bank_transfer,pending_transfer
pending_transfer,transfer_not_received_by_recipient,pending_card_payment
pending_transfer,transfer_not_received_by_recipient,transfer_timing
pending_transfer,transfer_not_received_by_recipient,balance_not_updated_after_bank_transfer
balance_not_updated_after_bank_transfer,transfer_not_received_by_recipient,pending_transfer
pending_transfer,transfer_not_received_by_recipient,transfer_timing
transfer_timing,balance_not_updated_after_bank_transfer,pending_transfer
pending_transfer,transfer_not_received_by_recipient,balance_not_updated_after_bank_transfer
pending_transfer,transfer_timing,transfer_not_received_by_recipient
pending_transfer,transfer_not_received_by_recipient,balance_not_updated_after_bank_transfer
pending_transfer,transfer_not_received_by_recipient,balance_not_updated_after_bank_transfer
pending_transfer,transfer_not_received_by_recipient,transfer_timing
pending_transfer,transfer_not_received_by_recipient,balance_not_updated_after_bank_transfer
pending_transfer,transfer_timing,balance_not_updated_after_bank_transfer
pending_transfer,transfer_not_received_by_recipient,balance_not_updated_after_bank_transfer
pending_card_payment,reverted_card_payment?,pending_transfer
balance_not_updated_after_bank_transfer,transfer_not_received_by_recipient,beneficiary_not_allowed
pending_transfer,balance_not_updated_after_bank_transfer,transfer_timing
pending_transfer,pending_card_payment,transfer_not_received_by_recipient
pending_transfer,transfer_not_received_by_recipient,pending_card_payment
transfer_timing,balance_not_updated_after_bank_transfer,pending_transfer
pending_transfer,transfer_timing,transfer_not_received_by_recipient
pending_transfer,transfer_not_received_by_recipient,balance_not_updated_after_bank_transfer
balance_not_updated_after_bank_transfer,transfer_not_received_by_recipient,pending_transfer
pending_transfer,transfer_not_received_by_recipient,transfer_fee_charged
pending_transfer,transfer_not_received_by_recipient,balance_not_updated_after_bank_transfer
pending_transfer,transfer_not_received_by_recipient,balance_not_updated_after_bank_transfer
pending_transfer,transfer_not_received_by_recipient,balance_not_updated_after_bank_transfer
pending_transfer,transfer_timing,balance_not_updated_after_bank_transfer
terminate_account,edit_personal_details,transfer_into_account
terminate_account,age_limit,card_about_to_expire
terminate_account,edit_personal_details,cancel_transfer
terminate_account,card_linking,edit_personal_details
terminate_account,card_about_to_expire,edit_personal_details
terminate_account,cancel_transfer,cash_withdrawal_not_recognised
terminate_account,edit_personal_details,cancel_transfer
terminate_account,edit_personal_details,card_linking
terminate_account,card_linking,cancel_transfer
terminate_account,card_linking,edit_personal_details
terminate_account,cancel_transfer,edit_personal_details
terminate_account,edit_personal_details,card_linking
terminate_account,card_linking,card_about_to_expire
terminate_account,card_linking,edit_personal_details
terminate_account,card_linking,cancel_transfer
terminate_account,card_linking,cancel_transfer
terminate_account,cancel_transfer,edit_personal_details
terminate_account,cancel_transfer,edit_personal_details
terminate_account,cancel_transfer,edit_personal_details
terminate_account,transfer_into_account,edit_personal_details
terminate_account,card_linking,edit_personal_details
terminate_account,edit_personal_details,card_linking
terminate_account,edit_personal_details,cancel_transfer
terminate_account,cancel_transfer,edit_personal_details
terminate_account,edit_personal_details,cancel_transfer
terminate_account,card_about_to_expire,edit_personal_details
terminate_account,edit_personal_details,cancel_transfer
terminate_account,edit_personal_details,card_linking
terminate_account,card_linking,cancel_transfer
terminate_account,edit_personal_details,cancel_transfer
terminate_account,card_linking,lost_or_stolen_phone
terminate_account,card_linking,edit_personal_details
terminate_account,card_linking,edit_personal_details
terminate_account,card_linking,card_about_to_expire
terminate_account,transfer_into_account,edit_personal_details
terminate_account,card_linking,edit_personal_details
terminate_account,card_linking,cancel_transfer
terminate_account,card_linking,edit_personal_details
terminate_account,card_linking,card_about_to_expire
terminate_account,cancel_transfer,edit_personal_details
card_swallowed,declined_cash_withdrawal,atm_support
card_arrival,card_linking,lost_or_stolen_card
declined_card_payment,cash_withdrawal_not_recognised,card_not_working
card_not_working,card_swallowed,lost_or_stolen_card
card_swallowed,declined_cash_withdrawal,atm_support
card_swallowed,declined_cash_withdrawal,atm_support
card_swallowed,declined_cash_withdrawal,atm_support
card_swallowed,declined_cash_withdrawal,atm_support
card_swallowed,declined_cash_withdrawal,wrong_amount_of_cash_received
card_swallowed,declined_cash_withdrawal,atm_support
declined_cash_withdrawal,card_swallowed,atm_support
card_arrival,card_delivery_estimate,lost_or_stolen_card
card_swallowed,declined_cash_withdrawal,atm_support
card_swallowed,declined_cash_withdrawal,atm_support
declined_cash_withdrawal,card_swallowed,pending_cash_withdrawal
card_swallowed,declined_cash_withdrawal,atm_support
card_swallowed,declined_cash_withdrawal,atm_support
declined_cash_withdrawal,card_swallowed,atm_support
card_swallowed,declined_cash_withdrawal,atm_support
declined_cash_withdrawal,card_swallowed,atm_support
card_swallowed,atm_support,declined_cash_withdrawal
card_swallowed,declined_cash_withdrawal,wrong_amount_of_cash_received
declined_cash_withdrawal,card_swallowed,atm_support
card_swallowed,declined_cash_withdrawal,atm_support
declined_cash_withdrawal,card_swallowed,atm_support
card_swallowed,declined_cash_withdrawal,atm_support
card_swallowed,declined_cash_withdrawal,atm_support
card_not_working,card_linking,lost_or_stolen_card
card_swallowed,declined_cash_withdrawal,atm_support
card_swallowed,declined_cash_withdrawal,atm_support
declined_cash_withdrawal,cash_withdrawal_not_recognised,balance_not_updated_after_cheque_or_cash_deposit
card_swallowed,declined_cash_withdrawal,atm_support
card_swallowed,declined_cash_withdrawal,atm_support
declined_card_payment,declined_cash_withdrawal,card_not_working
declined_cash_withdrawal,card_swallowed,pending_cash_withdrawal
declined_cash_withdrawal,card_swallowed,cash_withdrawal_not_recognised
declined_cash_withdrawal,card_swallowed,atm_support
card_swallowed,declined_cash_withdrawal,atm_support
cash_withdrawal_not_recognised,declined_cash_withdrawal,pending_cash_withdrawal
card_swallowed,declined_cash_withdrawal,atm_support
transaction_charged_twice,card_payment_not_recognised,extra_charge_on_statement
transaction_charged_twice,pending_card_payment,cancel_transfer
transaction_charged_twice,extra_charge_on_statement,transfer_fee_charged
transaction_charged_twice,extra_charge_on_statement,card_payment_not_recognised
transaction_charged_twice,card_payment_not_recognised,extra_charge_on_statement
transaction_charged_twice,card_payment_not_recognised,extra_charge_on_statement
transaction_charged_twice,extra_charge_on_statement,card_payment_not_recognised
transaction_charged_twice,card_payment_not_recognised,extra_charge_on_statement
transaction_charged_twice,extra_charge_on_statement,transfer_fee_charged
transaction_charged_twice,extra_charge_on_statement,card_payment_not_recognised
transaction_charged_twice,card_payment_not_recognised,extra_charge_on_statement
transaction_charged_twice,extra_charge_on_statement,card_payment_not_recognised
transaction_charged_twice,card_payment_not_recognised,extra_charge_on_statement
transaction_charged_twice,extra_charge_on_statement,card_payment_not_recognised
transaction_charged_twice,card_payment_not_recognised,extra_charge_on_statement
transaction_charged_twice,extra_charge_on_statement,card_payment_not_recognised
transaction_charged_twice,card_payment_not_recognised,transfer_fee_charged
transaction_charged_twice,card_payment_not_recognised,extra_charge_on_statement
transaction_charged_twice,extra_charge_on_statement,card_payment_not_recognised
transaction_charged_twice,card_payment_not_recognised,extra_charge_on_statement
transaction_charged_twice,card_payment_not_recognised,extra_charge_on_statement
transaction_charged_twice,extra_charge_on_statement,transfer_fee_charged
transaction_charged_twice,card_payment_not_recognised,extra_charge_on_statement
transaction_charged_twice,card_payment_not_recognised,direct_debit_payment_not_recognised
transaction_charged_twice,extra_charge_on_statement,transfer_fee_charged
transaction_charged_twice,cancel_transfer,card_payment_not_recognised
transaction_charged_twice,extra_charge_on_statement,card_payment_not_recognised
transaction_charged_twice,card_payment_not_recognised,extra_charge_on_statement
transaction_charged_twice,card_payment_not_recognised,extra_charge_on_statement
transaction_charged_twice,extra_charge_on_statement,transfer_fee_charged
transaction_charged_twice,card_payment_not_recognised,extra_charge_on_statement
transaction_charged_twice,card_payment_not_recognised,extra_charge_on_statement
transaction_charged_twice,card_payment_not_recognised,extra_charge_on_statement
transaction_charged_twice,card_payment_not_recognised,direct_debit_payment_not_recognised
transaction_charged_twice,card_payment_not_recognised,direct_debit_payment_not_recognised
transaction_charged_twice,card_payment_not_recognised,extra_charge_on_statement
transaction_charged_twice,card_payment_not_recognised,direct_debit_payment_not_recognised
transaction_charged_twice,card_payment_not_recognised,direct_debit_payment_not_recognised
transaction_charged_twice,card_payment_not_recognised,extra_charge_on_statement
transaction_charged_twice,extra_charge_on_statement,transfer_fee_charged
verify_source_of_funds,declined_cash_withdrawal,top_up_by_cash_or_cheque
verify_source_of_funds,declined_cash_withdrawal,top_up_by_cash_or_cheque
verify_source_of_funds,top_up_by_cash_or_cheque,transfer_into_account
verify_source_of_funds,transfer_into_account,top_up_by_cash_or_cheque
verify_source_of_funds,transfer_into_account,receiving_money
verify_source_of_funds,declined_cash_withdrawal,transfer_into_account
verify_source_of_funds,declined_cash_withdrawal,transfer_into_account
verify_source_of_funds,transfer_into_account,receiving_money
verify_source_of_funds,declined_cash_withdrawal,cash_withdrawal_not_recognised
verify_source_of_funds,top_up_by_cash_or_cheque,declined_cash_withdrawal
verify_source_of_funds,declined_cash_withdrawal,transfer_into_account
verify_source_of_funds,declined_cash_withdrawal,transfer_into_account
verify_source_of_funds,transfer_into_account,declined_cash_withdrawal
verify_source_of_funds,declined_cash_withdrawal,transfer_into_account
verify_source_of_funds,declined_cash_withdrawal,top_up_by_cash_or_cheque
verify_source_of_funds,declined_cash_withdrawal,transfer_into_account
verify_source_of_funds,transfer_into_account,declined_cash_withdrawal
verify_source_of_funds,declined_cash_withdrawal,top_up_by_cash_or_cheque
verify_source_of_funds,declined_cash_withdrawal,transfer_into_account
verify_source_of_funds,transfer_into_account,top_up_by_cash_or_cheque
verify_source_of_funds,transfer_into_account,receiving_money
verify_source_of_funds,top_up_by_cash_or_cheque,declined_cash_withdrawal
verify_source_of_funds,transfer_into_account,receiving_money
verify_source_of_funds,declined_cash_withdrawal,transfer_into_account
verify_source_of_funds,transfer_into_account,declined_cash_withdrawal
verify_source_of_funds,declined_cash_withdrawal,cash_withdrawal_not_recognised
verify_source_of_funds,transfer_into_account,declined_cash_withdrawal
verify_source_of_funds,transfer_into_account,declined_cash_withdrawal
verify_source_of_funds,transfer_into_account,receiving_money
verify_source_of_funds,declined_cash_withdrawal,cash_withdrawal_not_recognised
verify_source_of_funds,transfer_into_account,top_up_by_cash_or_cheque
verify_source_of_funds,declined_cash_withdrawal,top_up_by_cash_or_cheque
verify_source_of_funds,transfer_into_account,top_up_by_cash_or_cheque
verify_source_of_funds,declined_cash_withdrawal,transfer_into_account
verify_source_of_funds,top_up_by_cash_or_cheque,declined_cash_withdrawal
verify_source_of_funds,transfer_into_account,top_up_by_cash_or_cheque
verify_source_of_funds,declined_cash_withdrawal,transfer_into_account
verify_source_of_funds,declined_cash_withdrawal,transfer_into_account
verify_source_of_funds,wrong_amount_of_cash_received,transfer_into_account
verify_source_of_funds,declined_cash_withdrawal,transfer_into_account
transfer_timing,balance_not_updated_after_bank_transfer,pending_transfer
transfer_timing,balance_not_updated_after_bank_transfer,pending_transfer
transfer_timing,balance_not_updated_after_bank_transfer,pending_transfer
transfer_timing,balance_not_updated_after_bank_transfer,transfer_not_received_by_recipient
transfer_timing,balance_not_updated_after_bank_transfer,balance_not_updated_after_cheque_or_cash_deposit
pending_transfer,transfer_timing,balance_not_updated_after_bank_transfer
transfer_timing,balance_not_updated_after_bank_transfer,country_support
transfer_timing,balance_not_updated_after_bank_transfer,transfer_not_received_by_recipient
balance_not_updated_after_bank_transfer,transfer_timing,transfer_not_received_by_recipient
transfer_timing,balance_not_updated_after_bank_transfer,pending_transfer
transfer_timing,balance_not_updated_after_bank_transfer,balance_not_updated_after_cheque_or_cash_deposit
transfer_timing,balance_not_updated_after_bank_transfer,pending_transfer
balance_not_updated_after_bank_transfer,transfer_timing,pending_transfer
balance_not_updated_after_bank_transfer,transfer_timing,transfer_not_received_by_recipient
transfer_timing,balance_not_updated_after_bank_transfer,pending_transfer
balance_not_updated_after_bank_transfer,transfer_timing,transfer_not_received_by_recipient
transfer_timing,balance_not_updated_after_bank_transfer,pending_transfer
transfer_timing,card_delivery_estimate,balance_not_updated_after_bank_transfer
transfer_timing,pending_transfer,balance_not_updated_after_bank_transfer
transfer_timing,balance_not_updated_after_bank_transfer,top_up_by_bank_transfer_charge
transfer_timing,balance_not_updated_after_bank_transfer,pending_transfer
transfer_timing,balance_not_updated_after_bank_transfer,pending_transfer
transfer_timing,balance_not_updated_after_bank_transfer,balance_not_updated_after_cheque_or_cash_deposit
pending_transfer,transfer_timing,balance_not_updated_after_bank_transfer
transfer_timing,balance_not_updated_after_bank_transfer,pending_transfer
transfer_timing,balance_not_updated_after_bank_transfer,pending_transfer
transfer_timing,balance_not_updated_after_bank_transfer,pending_transfer
transfer_timing,balance_not_updated_after_bank_transfer,transfer_into_account
transfer_timing,balance_not_updated_after_bank_transfer,pending_transfer
transfer_timing,balance_not_updated_after_bank_transfer,transfer_not_received_by_recipient
transfer_timing,balance_not_updated_after_bank_transfer,transfer_not_received_by_recipient
transfer_timing,balance_not_updated_after_bank_transfer,pending_transfer
transfer_timing,balance_not_updated_after_bank_transfer,pending_transfer
transfer_timing,balance_not_updated_after_cheque_or_cash_deposit,transfer_not_received_by_recipient
transfer_timing,transfer_not_received_by_recipient,balance_not_updated_after_bank_transfer
transfer_timing,balance_not_updated_after_bank_transfer,pending_transfer
transfer_timing,balance_not_updated_after_bank_transfer,pending_transfer
transfer_timing,balance_not_updated_after_bank_transfer,pending_transfer
transfer_timing,balance_not_updated_after_bank_transfer,pending_transfer
transfer_timing,balance_not_updated_after_bank_transfer,balance_not_updated_after_cheque_or_cash_deposit
reverted_card_payment?,declined_card_payment,pending_card_payment
reverted_card_payment?,declined_card_payment,card_payment_not_recognised
reverted_card_payment?,declined_card_payment,pending_card_payment
reverted_card_payment?,declined_card_payment,card_payment_not_recognised
reverted_card_payment?,declined_card_payment,pending_card_payment
reverted_card_payment?,declined_card_payment,card_payment_not_recognised
reverted_card_payment?,declined_card_payment,card_payment_not_recognised
reverted_card_payment?,request_refund,transfer_not_received_by_recipient
reverted_card_payment?,declined_card_payment,card_payment_not_recognised
reverted_card_payment?,declined_card_payment,pending_card_payment
reverted_card_payment?,declined_card_payment,pending_card_payment
reverted_card_payment?,request_refund,Refund_not_showing_up
declined_card_payment,reverted_card_payment?,card_not_working
reverted_card_payment?,declined_card_payment,card_payment_not_recognised
declined_card_payment,reverted_card_payment?,card_payment_not_recognised
reverted_card_payment?,declined_card_payment,pending_card_payment
reverted_card_payment?,declined_card_payment,card_payment_not_recognised
reverted_card_payment?,declined_card_payment,card_payment_not_recognised
reverted_card_payment?,pending_card_payment,card_payment_not_recognised
reverted_card_payment?,pending_card_payment,declined_card_payment
reverted_card_payment?,Refund_not_showing_up,card_payment_not_recognised
reverted_card_payment?,declined_card_payment,card_payment_not_recognised
declined_card_payment,reverted_card_payment?,card_not_working
reverted_card_payment?,declined_card_payment,pending_card_payment
reverted_card_payment?,declined_card_payment,pending_card_payment
card_arrival,reverted_card_payment?,card_not_working
reverted_card_payment?,transfer_not_received_by_recipient,top_up_reverted
reverted_card_payment?,declined_card_payment,pending_card_payment
reverted_card_payment?,declined_card_payment,pending_card_payment
reverted_card_payment?,declined_card_payment,pending_card_payment
card_payment_not_recognised,direct_debit_payment_not_recognised,reverted_card_payment?
reverted_card_payment?,declined_card_payment,pending_card_payment
reverted_card_payment?,card_payment_not_recognised,cancel_transfer
reverted_card_payment?,declined_card_payment,card_payment_not_recognised
card_payment_not_recognised,reverted_card_payment?,declined_card_payment
reverted_card_payment?,declined_card_payment,card_payment_not_recognised
request_refund,reverted_card_payment?,Refund_not_showing_up
reverted_card_payment?,declined_card_payment,card_payment_not_recognised
reverted_card_payment?,declined_card_payment,pending_card_payment
reverted_card_payment?,pending_card_payment,transfer_not_received_by_recipient
change_pin,get_physical_card,pin_blocked
change_pin,get_physical_card,pin_blocked
change_pin,get_physical_card,pin_blocked
change_pin,get_physical_card,pin_blocked
change_pin,get_physical_card,pin_blocked
change_pin,get_physical_card,pin_blocked
change_pin,get_physical_card,pin_blocked
change_pin,get_physical_card,pin_blocked
change_pin,get_physical_card,pin_blocked
change_pin,get_physical_card,pin_blocked
change_pin,get_physical_card,pin_blocked
change_pin,get_physical_card,pin_blocked
change_pin,get_physical_card,pin_blocked
change_pin,get_physical_card,pin_blocked
change_pin,get_physical_card,pin_blocked
change_pin,get_physical_card,pin_blocked
change_pin,edit_personal_details,get_physical_card
change_pin,get_physical_card,pin_blocked
change_pin,get_physical_card,pin_blocked
change_pin,get_physical_card,pin_blocked
change_pin,get_physical_card,pin_blocked
change_pin,get_physical_card,pin_blocked
change_pin,get_physical_card,pin_blocked
change_pin,get_physical_card,pin_blocked
change_pin,get_physical_card,pin_blocked
change_pin,get_physical_card,pin_blocked
get_physical_card,change_pin,pin_blocked
change_pin,get_physical_card,pin_blocked
change_pin,get_physical_card,pin_blocked
change_pin,get_physical_card,pin_blocked
change_pin,get_physical_card,pin_blocked
change_pin,get_physical_card,pin_blocked
change_pin,get_physical_card,pin_blocked
change_pin,get_physical_card,pin_blocked
change_pin,get_physical_card,pin_blocked
change_pin,get_physical_card,pin_blocked
change_pin,get_physical_card,pin_blocked
change_pin,get_physical_card,pin_blocked
change_pin,get_physical_card,pin_blocked
change_pin,get_physical_card,pin_blocked
failed_transfer,beneficiary_not_allowed,declined_transfer
beneficiary_not_allowed,cancel_transfer,failed_transfer
beneficiary_not_allowed,balance_not_updated_after_bank_transfer,transfer_into_account
beneficiary_not_allowed,failed_transfer,balance_not_updated_after_bank_transfer
failed_transfer,cancel_transfer,declined_transfer
beneficiary_not_allowed,failed_transfer,cancel_transfer
beneficiary_not_allowed,balance_not_updated_after_bank_transfer,transfer_into_account
beneficiary_not_allowed,failed_transfer,declined_transfer
beneficiary_not_allowed,failed_transfer,cancel_transfer
failed_transfer,beneficiary_not_allowed,declined_transfer
beneficiary_not_allowed,failed_transfer,declined_transfer
beneficiary_not_allowed,failed_transfer,cancel_transfer
beneficiary_not_allowed,transfer_not_received_by_recipient,failed_transfer
beneficiary_not_allowed,failed_transfer,declined_transfer
beneficiary_not_allowed,failed_transfer,cancel_transfer
beneficiary_not_allowed,balance_not_updated_after_bank_transfer,transfer_fee_charged
failed_transfer,beneficiary_not_allowed,cancel_transfer
beneficiary_not_allowed,failed_transfer,cancel_transfer
beneficiary_not_allowed,failed_transfer,balance_not_updated_after_bank_transfer
beneficiary_not_allowed,failed_transfer,declined_transfer
beneficiary_not_allowed,failed_transfer,cancel_transfer
beneficiary_not_allowed,failed_transfer,balance_not_updated_after_bank_transfer
beneficiary_not_allowed,balance_not_updated_after_bank_transfer,failed_transfer
beneficiary_not_allowed,failed_transfer,declined_transfer
beneficiary_not_allowed,failed_transfer,declined_transfer
beneficiary_not_allowed,failed_transfer,transfer_not_received_by_recipient
failed_transfer,beneficiary_not_allowed,declined_transfer
beneficiary_not_allowed,failed_transfer,declined_transfer
beneficiary_not_allowed,failed_transfer,declined_transfer
beneficiary_not_allowed,failed_transfer,cancel_transfer
failed_transfer,beneficiary_not_allowed,declined_transfer
beneficiary_not_allowed,failed_transfer,transfer_not_received_by_recipient
beneficiary_not_allowed,failed_transfer,declined_transfer
beneficiary_not_allowed,failed_transfer,declined_transfer
beneficiary_not_allowed,failed_transfer,declined_transfer
transfer_into_account,balance_not_updated_after_bank_transfer,transfer_timing
beneficiary_not_allowed,balance_not_updated_after_bank_transfer,failed_transfer
beneficiary_not_allowed,failed_transfer,declined_transfer
beneficiary_not_allowed,failed_transfer,declined_transfer
beneficiary_not_allowed,failed_transfer,balance_not_updated_after_bank_transfer
transfer_fee_charged,top_up_by_bank_transfer_charge,card_payment_fee_charged
transfer_fee_charged,top_up_by_bank_transfer_charge,extra_charge_on_statement
transfer_fee_charged,top_up_by_bank_transfer_charge,card_payment_fee_charged
transfer_fee_charged,top_up_by_bank_transfer_charge,transaction_charged_twice
transfer_fee_charged,beneficiary_not_allowed,cancel_transfer
transfer_fee_charged,top_up_by_bank_transfer_charge,cash_withdrawal_charge
transfer_fee_charged,top_up_by_bank_transfer_charge,transaction_charged_twice
transfer_fee_charged,top_up_by_bank_transfer_charge,beneficiary_not_allowed
transfer_fee_charged,top_up_by_bank_transfer_charge,card_payment_fee_charged
transfer_fee_charged,top_up_by_bank_transfer_charge,card_payment_fee_charged
transfer_fee_charged,top_up_by_bank_transfer_charge,transaction_charged_twice
transfer_fee_charged,top_up_by_bank_transfer_charge,card_payment_fee_charged
transfer_fee_charged,top_up_by_bank_transfer_charge,top_up_by_card_charge
transfer_fee_charged,card_payment_fee_charged,transaction_charged_twice
transfer_fee_charged,wrong_amount_of_cash_received,beneficiary_not_allowed
card_payment_fee_charged,transfer_fee_charged,extra_charge_on_statement
transfer_fee_charged,top_up_by_bank_transfer_charge,transaction_charged_twice
transfer_fee_charged,transaction_charged_twice,extra_charge_on_statement
transfer_fee_charged,top_up_by_bank_transfer_charge,extra_charge_on_statement
transfer_fee_charged,top_up_by_bank_transfer_charge,card_payment_fee_charged
transfer_fee_charged,top_up_by_bank_transfer_charge,card_payment_fee_charged
transfer_fee_charged,top_up_by_bank_transfer_charge,beneficiary_not_allowed
transfer_fee_charged,top_up_by_bank_transfer_charge,card_payment_fee_charged
transfer_fee_charged,top_up_by_bank_transfer_charge,cash_withdrawal_charge
transfer_fee_charged,top_up_by_bank_transfer_charge,extra_charge_on_statement
transfer_fee_charged,top_up_by_bank_transfer_charge,transaction_charged_twice
transfer_fee_charged,wrong_amount_of_cash_received,beneficiary_not_allowed
transfer_fee_charged,top_up_by_bank_transfer_charge,card_payment_fee_charged
transfer_fee_charged,top_up_by_bank_transfer_charge,extra_charge_on_statement
transfer_fee_charged,top_up_by_bank_transfer_charge,card_payment_fee_charged
transfer_fee_charged,top_up_by_bank_transfer_charge,card_payment_fee_charged
card_payment_fee_charged,transfer_fee_charged,transaction_charged_twice
transfer_fee_charged,top_up_by_bank_transfer_charge,card_payment_fee_charged
extra_charge_on_statement,card_payment_fee_charged,top_up_by_card_charge
transfer_fee_charged,top_up_by_bank_transfer_charge,card_payment_fee_charged
transfer_fee_charged,transaction_charged_twice,top_up_by_bank_transfer_charge
transaction_charged_twice,extra_charge_on_statement,card_payment_not_recognised
transfer_fee_charged,top_up_by_bank_transfer_charge,beneficiary_not_allowed
transfer_fee_charged,top_up_by_bank_transfer_charge,cash_withdrawal_charge
transfer_fee_charged,top_up_by_bank_transfer_charge,extra_charge_on_statement
receiving_money,transfer_into_account,top_up_by_bank_transfer_charge
receiving_money,exchange_charge,exchange_via_app
receiving_money,transfer_into_account,top_up_by_bank_transfer_charge
receiving_money,transfer_into_account,top_up_by_bank_transfer_charge
receiving_money,transfer_into_account,verify_source_of_funds
receiving_money,transfer_into_account,top_up_by_bank_transfer_charge
receiving_money,transfer_into_account,age_limit
receiving_money,exchange_via_app,supported_cards_and_currencies
fiat_currency_support,exchange_via_app,exchange_charge
receiving_money,transfer_into_account,top_up_by_bank_transfer_charge
receiving_money,transfer_into_account,top_up_by_bank_transfer_charge
receiving_money,verify_source_of_funds,transfer_into_account
exchange_via_app,fiat_currency_support,supported_cards_and_currencies
receiving_money,top_up_by_bank_transfer_charge,transfer_fee_charged
receiving_money,transfer_into_account,top_up_by_bank_transfer_charge
receiving_money,transfer_into_account,top_up_by_bank_transfer_charge
transfer_into_account,receiving_money,top_up_by_bank_transfer_charge
receiving_money,transfer_into_account,verify_source_of_funds
receiving_money,transfer_into_account,top_up_by_bank_transfer_charge
receiving_money,transfer_into_account,age_limit
receiving_money,transfer_into_account,top_up_by_bank_transfer_charge
receiving_money,transfer_into_account,top_up_by_bank_transfer_charge
exchange_via_app,fiat_currency_support,supported_cards_and_currencies
receiving_money,transfer_into_account,extra_charge_on_statement
transfer_into_account,receiving_money,balance_not_updated_after_bank_transfer
receiving_money,transfer_into_account,top_up_by_bank_transfer_charge
top_up_by_cash_or_cheque,receiving_money,transfer_into_account
receiving_money,transfer_into_account,top_up_by_bank_transfer_charge
receiving_money,transfer_into_account,top_up_by_bank_transfer_charge
receiving_money,transfer_into_account,top_up_by_bank_transfer_charge
receiving_money,transfer_into_account,top_up_by_bank_transfer_charge
receiving_money,transfer_into_account,top_up_by_bank_transfer_charge
receiving_money,transfer_into_account,top_up_by_bank_transfer_charge
receiving_money,top_up_by_cash_or_cheque,top_up_by_bank_transfer_charge
receiving_money,transfer_into_account,top_up_by_bank_transfer_charge
receiving_money,exchange_charge,exchange_via_app
receiving_money,transfer_into_account,top_up_by_bank_transfer_charge
receiving_money,transfer_into_account,extra_charge_on_statement
receiving_money,exchange_charge,exchange_via_app
receiving_money,top_up_by_cash_or_cheque,top_up_by_bank_transfer_charge
failed_transfer,declined_transfer,beneficiary_not_allowed
failed_transfer,cancel_transfer,beneficiary_not_allowed
failed_transfer,declined_transfer,beneficiary_not_allowed
failed_transfer,beneficiary_not_allowed,cancel_transfer
failed_transfer,declined_transfer,beneficiary_not_allowed
failed_transfer,declined_transfer,beneficiary_not_allowed
failed_transfer,beneficiary_not_allowed,declined_transfer
failed_transfer,transfer_not_received_by_recipient,beneficiary_not_allowed
failed_transfer,beneficiary_not_allowed,declined_transfer
failed_transfer,declined_transfer,beneficiary_not_allowed
failed_transfer,beneficiary_not_allowed,cancel_transfer
failed_transfer,declined_transfer,beneficiary_not_allowed
failed_transfer,beneficiary_not_allowed,balance_not_updated_after_bank_transfer
failed_transfer,declined_transfer,cancel_transfer
failed_transfer,declined_transfer,beneficiary_not_allowed
transfer_not_received_by_recipient,balance_not_updated_after_bank_transfer,pending_transfer
failed_transfer,declined_transfer,beneficiary_not_allowed
failed_transfer,beneficiary_not_allowed,declined_transfer
failed_transfer,declined_transfer,beneficiary_not_allowed
failed_transfer,declined_transfer,beneficiary_not_allowed
top_up_by_bank_transfer_charge,transfer_into_account,receiving_money
failed_transfer,cancel_transfer,declined_transfer
failed_transfer,declined_transfer,beneficiary_not_allowed
failed_transfer,beneficiary_not_allowed,declined_transfer
failed_transfer,declined_transfer,beneficiary_not_allowed
beneficiary_not_allowed,balance_not_updated_after_bank_transfer,transfer_into_account
failed_transfer,cancel_transfer,beneficiary_not_allowed
failed_transfer,beneficiary_not_allowed,declined_transfer
failed_transfer,beneficiary_not_allowed,declined_transfer
failed_transfer,beneficiary_not_allowed,cancel_transfer
failed_transfer,beneficiary_not_allowed,declined_transfer
failed_transfer,declined_transfer,beneficiary_not_allowed
failed_transfer,cancel_transfer,beneficiary_not_allowed
balance_not_updated_after_bank_transfer,pending_transfer,transfer_not_received_by_recipient
failed_transfer,beneficiary_not_allowed,pending_transfer
failed_transfer,declined_transfer,beneficiary_not_allowed
failed_transfer,declined_transfer,beneficiary_not_allowed
failed_transfer,declined_transfer,beneficiary_not_allowed
failed_transfer,declined_transfer,beneficiary_not_allowed
failed_transfer,declined_transfer,beneficiary_not_allowed
transfer_into_account,receiving_money,balance_not_updated_after_bank_transfer
top_up_by_cash_or_cheque,topping_up_by_card,transfer_into_account
transfer_into_account,receiving_money,verify_source_of_funds
topping_up_by_card,top_up_limits,automatic_top_up
balance_not_updated_after_bank_transfer,transfer_timing,beneficiary_not_allowed
transfer_into_account,receiving_money,verify_source_of_funds
transfer_into_account,receiving_money,verify_source_of_funds
transfer_into_account,balance_not_updated_after_bank_transfer,beneficiary_not_allowed
topping_up_by_card,supported_cards_and_currencies,transfer_into_account
transfer_into_account,receiving_money,verify_source_of_funds
transfer_into_account,receiving_money,balance_not_updated_after_bank_transfer
transfer_into_account,receiving_money,balance_not_updated_after_bank_transfer
transfer_into_account,receiving_money,transfer_timing
transfer_into_account,receiving_money,verify_source_of_funds
transfer_into_account,receiving_money,transfer_timing
transfer_into_account,topping_up_by_card,top_up_by_cash_or_cheque
transfer_into_account,receiving_money,balance_not_updated_after_bank_transfer
transfer_into_account,receiving_money,verify_source_of_funds
topping_up_by_card,top_up_limits,automatic_top_up
transfer_into_account,receiving_money,top_up_by_bank_transfer_charge
transfer_into_account,top_up_by_cash_or_cheque,topping_up_by_card
top_up_by_cash_or_cheque,topping_up_by_card,supported_cards_and_currencies
transfer_into_account,balance_not_updated_after_bank_transfer,beneficiary_not_allowed
transfer_into_account,transfer_fee_charged,receiving_money
transfer_into_account,receiving_money,verify_source_of_funds
transfer_into_account,receiving_money,balance_not_updated_after_bank_transfer
transfer_into_account,receiving_money,transfer_timing
transfer_into_account,receiving_money,transfer_timing
transfer_into_account,transfer_timing,top_up_by_bank_transfer_charge
transfer_into_account,receiving_money,verify_source_of_funds
transfer_into_account,topping_up_by_card,top_up_by_cash_or_cheque
beneficiary_not_allowed,balance_not_updated_after_bank_transfer,failed_transfer
transfer_into_account,balance_not_updated_after_bank_transfer,top_up_by_bank_transfer_charge
transfer_into_account,receiving_money,top_up_by_bank_transfer_charge
balance_not_updated_after_cheque_or_cash_deposit,balance_not_updated_after_bank_transfer,transfer_into_account
transfer_into_account,receiving_money,transfer_timing
transfer_into_account,receiving_money,top_up_by_bank_transfer_charge
transfer_into_account,balance_not_updated_after_bank_transfer,receiving_money
transfer_into_account,receiving_money,balance_not_updated_after_bank_transfer
transfer_into_account,receiving_money,balance_not_updated_after_bank_transfer
verify_top_up,automatic_top_up,top_up_limits
verify_top_up,automatic_top_up,top_up_limits
verify_top_up,automatic_top_up,top_up_limits
verify_top_up,automatic_top_up,top_up_limits
verify_top_up,passcode_forgotten,why_verify_identity
verify_top_up,automatic_top_up,top_up_limits
verify_top_up,automatic_top_up,top_up_limits
verify_top_up,automatic_top_up,top_up_limits
verify_top_up,automatic_top_up,top_up_limits
verify_top_up,automatic_top_up,passcode_forgotten
verify_top_up,automatic_top_up,top_up_limits
verify_top_up,automatic_top_up,top_up_limits
verify_top_up,automatic_top_up,top_up_limits
verify_top_up,automatic_top_up,top_up_limits
verify_top_up,automatic_top_up,top_up_limits
verify_top_up,automatic_top_up,top_up_limits
verify_top_up,automatic_top_up,top_up_limits
verify_top_up,automatic_top_up,top_up_limits
verify_top_up,automatic_top_up,top_up_limits
verify_top_up,automatic_top_up,top_up_limits
verify_top_up,automatic_top_up,top_up_limits
verify_top_up,automatic_top_up,top_up_limits
verify_top_up,automatic_top_up,top_up_limits
verify_top_up,automatic_top_up,passcode_forgotten
verify_top_up,automatic_top_up,top_up_limits
verify_top_up,automatic_top_up,top_up_limits
verify_top_up,pending_top_up,automatic_top_up
verify_top_up,automatic_top_up,top_up_limits
verify_top_up,automatic_top_up,top_up_limits
verify_top_up,automatic_top_up,passcode_forgotten
verify_top_up,automatic_top_up,top_up_limits
verify_top_up,automatic_top_up,top_up_limits
verify_top_up,passcode_forgotten,automatic_top_up
verify_top_up,passcode_forgotten,automatic_top_up
verify_top_up,automatic_top_up,top_up_limits
verify_top_up,automatic_top_up,passcode_forgotten
verify_top_up,automatic_top_up,top_up_limits
verify_top_up,automatic_top_up,top_up_limits
verify_top_up,automatic_top_up,top_up_limits
verify_top_up,automatic_top_up,top_up_limits
getting_spare_card,order_physical_card,card_about_to_expire
getting_spare_card,order_physical_card,supported_cards_and_currencies
card_about_to_expire,exchange_via_app,getting_spare_card
getting_spare_card,order_physical_card,card_about_to_expire
getting_spare_card,order_physical_card,card_payment_fee_charged
getting_spare_card,order_physical_card,card_about_to_expire
getting_spare_card,order_physical_card,card_about_to_expire
getting_spare_card,order_physical_card,card_about_to_expire
getting_spare_card,order_physical_card,card_about_to_expire
getting_spare_card,order_physical_card,card_about_to_expire
getting_spare_card,order_physical_card,card_payment_fee_charged
getting_spare_card,disposable_card_limits,order_physical_card
getting_spare_card,order_physical_card,card_about_to_expire
getting_spare_card,order_physical_card,card_about_to_expire
getting_spare_card,order_physical_card,card_about_to_expire
getting_spare_card,order_physical_card,card_about_to_expire
getting_spare_card,order_physical_card,card_about_to_expire
getting_spare_card,order_physical_card,card_about_to_expire
getting_spare_card,order_physical_card,card_about_to_expire
getting_spare_card,order_physical_card,card_about_to_expire
getting_spare_card,order_physical_card,card_payment_fee_charged
getting_spare_card,order_physical_card,card_about_to_expire
getting_spare_card,order_physical_card,card_about_to_expire
getting_spare_card,card_about_to_expire,order_physical_card
getting_spare_card,order_physical_card,card_about_to_expire
getting_spare_card,order_physical_card,card_about_to_expire
getting_virtual_card,get_disposable_virtual_card,disposable_card_limits
getting_spare_card,order_physical_card,supported_cards_and_currencies
getting_spare_card,order_physical_card,card_about_to_expire
getting_spare_card,order_physical_card,card_about_to_expire
getting_spare_card,order_physical_card,disposable_card_limits
getting_spare_card,order_physical_card,card_about_to_expire
getting_spare_card,order_physical_card,card_about_to_expire
getting_spare_card,order_physical_card,card_about_to_expire
getting_spare_card,order_physical_card,card_payment_fee_charged
getting_spare_card,card_payment_fee_charged,order_physical_card
getting_spare_card,order_physical_card,card_about_to_expire
getting_spare_card,order_physical_card,card_linking
getting_spare_card,order_physical_card,card_linking
order_physical_card,getting_spare_card,supported_cards_and_currencies
top_up_by_cash_or_cheque,topping_up_by_card,balance_not_updated_after_cheque_or_cash_deposit
top_up_by_cash_or_cheque,topping_up_by_card,top_up_by_card_charge
top_up_by_cash_or_cheque,topping_up_by_card,balance_not_updated_after_cheque_or_cash_deposit
top_up_by_cash_or_cheque,top_up_by_card_charge,topping_up_by_card
top_up_by_cash_or_cheque,topping_up_by_card,balance_not_updated_after_cheque_or_cash_deposit
top_up_by_cash_or_cheque,topping_up_by_card,balance_not_updated_after_cheque_or_cash_deposit
balance_not_updated_after_cheque_or_cash_deposit,top_up_by_cash_or_cheque,declined_cash_withdrawal
top_up_by_cash_or_cheque,topping_up_by_card,balance_not_updated_after_cheque_or_cash_deposit
top_up_by_cash_or_cheque,topping_up_by_card,top_up_by_card_charge
top_up_by_cash_or_cheque,top_up_by_card_charge,supported_cards_and_currencies
top_up_by_cash_or_cheque,top_up_by_card_charge,supported_cards_and_currencies
top_up_by_cash_or_cheque,top_up_by_bank_transfer_charge,top_up_by_card_charge
top_up_by_cash_or_cheque,balance_not_updated_after_cheque_or_cash_deposit,transfer_into_account
verify_source_of_funds,top_up_by_cash_or_cheque,balance_not_updated_after_cheque_or_cash_deposit
top_up_by_cash_or_cheque,topping_up_by_card,balance_not_updated_after_cheque_or_cash_deposit
top_up_by_cash_or_cheque,topping_up_by_card,supported_cards_and_currencies
top_up_by_cash_or_cheque,topping_up_by_card,supported_cards_and_currencies
top_up_by_cash_or_cheque,balance_not_updated_after_cheque_or_cash_deposit,topping_up_by_card
top_up_by_cash_or_cheque,top_up_by_card_charge,supported_cards_and_currencies
top_up_by_cash_or_cheque,top_up_by_card_charge,supported_cards_and_currencies
top_up_by_cash_or_cheque,topping_up_by_card,balance_not_updated_after_cheque_or_cash_deposit
top_up_by_cash_or_cheque,balance_not_updated_after_cheque_or_cash_deposit,topping_up_by_card
top_up_by_cash_or_cheque,topping_up_by_card,top_up_by_card_charge
top_up_by_cash_or_cheque,topping_up_by_card,supported_cards_and_currencies
top_up_by_cash_or_cheque,balance_not_updated_after_cheque_or_cash_deposit,topping_up_by_card
top_up_by_cash_or_cheque,balance_not_updated_after_cheque_or_cash_deposit,topping_up_by_card
topping_up_by_card,top_up_limits,top_up_by_cash_or_cheque
top_up_by_cash_or_cheque,top_up_by_card_charge,topping_up_by_card
declined_cash_withdrawal,cash_withdrawal_not_recognised,top_up_by_cash_or_cheque
declined_cash_withdrawal,top_up_by_cash_or_cheque,cash_withdrawal_charge
top_up_by_cash_or_cheque,balance_not_updated_after_cheque_or_cash_deposit,declined_cash_withdrawal
top_up_by_cash_or_cheque,balance_not_updated_after_cheque_or_cash_deposit,topping_up_by_card
top_up_by_cash_or_cheque,balance_not_updated_after_cheque_or_cash_deposit,topping_up_by_card
top_up_by_cash_or_cheque,balance_not_updated_after_cheque_or_cash_deposit,topping_up_by_card
top_up_by_cash_or_cheque,topping_up_by_card,top_up_by_card_charge
top_up_by_cash_or_cheque,balance_not_updated_after_cheque_or_cash_deposit,topping_up_by_card
top_up_by_cash_or_cheque,topping_up_by_card,top_up_by_card_charge
top_up_limits,automatic_top_up,topping_up_by_card
top_up_by_cash_or_cheque,balance_not_updated_after_cheque_or_cash_deposit,cash_withdrawal_charge
top_up_by_cash_or_cheque,declined_cash_withdrawal,balance_not_updated_after_cheque_or_cash_deposit
order_physical_card,getting_spare_card,card_acceptance
order_physical_card,getting_spare_card,card_acceptance
order_physical_card,getting_spare_card,supported_cards_and_currencies
order_physical_card,card_arrival,card_delivery_estimate
order_physical_card,getting_spare_card,card_acceptance
order_physical_card,getting_spare_card,country_support
order_physical_card,getting_spare_card,supported_cards_and_currencies
order_physical_card,getting_spare_card,card_acceptance
order_physical_card,getting_spare_card,country_support
order_physical_card,getting_spare_card,card_payment_fee_charged
order_physical_card,getting_spare_card,supported_cards_and_currencies
order_physical_card,country_support,getting_spare_card
order_physical_card,getting_spare_card,top_up_by_card_charge
order_physical_card,getting_spare_card,card_acceptance
order_physical_card,getting_spare_card,country_support
order_physical_card,getting_spare_card,country_support
order_physical_card,getting_spare_card,country_support
order_physical_card,getting_spare_card,country_support
order_physical_card,getting_spare_card,top_up_by_card_charge
order_physical_card,getting_spare_card,card_linking
card_payment_fee_charged,top_up_by_card_charge,getting_spare_card
order_physical_card,getting_spare_card,country_support
card_linking,order_physical_card,getting_spare_card
getting_virtual_card,get_disposable_virtual_card,disposable_card_limits
order_physical_card,getting_spare_card,country_support
order_physical_card,getting_spare_card,top_up_by_card_charge
card_arrival,order_physical_card,card_delivery_estimate
order_physical_card,getting_spare_card,top_up_by_card_charge
order_physical_card,getting_spare_card,card_acceptance
order_physical_card,getting_spare_card,country_support
order_physical_card,card_delivery_estimate,card_acceptance
order_physical_card,getting_spare_card,country_support
order_physical_card,getting_spare_card,card_linking
card_arrival,order_physical_card,lost_or_stolen_card
order_physical_card,getting_spare_card,card_acceptance
order_physical_card,getting_spare_card,country_support
order_physical_card,getting_spare_card,country_support
order_physical_card,getting_spare_card,card_payment_fee_charged
order_physical_card,getting_spare_card,country_support
order_physical_card,getting_spare_card,country_support
get_disposable_virtual_card,disposable_card_limits,getting_virtual_card
get_disposable_virtual_card,disposable_card_limits,activate_my_card
get_disposable_virtual_card,disposable_card_limits,getting_virtual_card
card_not_working,declined_card_payment,activate_my_card
get_disposable_virtual_card,disposable_card_limits,getting_virtual_card
getting_virtual_card,virtual_card_not_working,activate_my_card
disposable_card_limits,get_disposable_virtual_card,automatic_top_up
getting_virtual_card,virtual_card_not_working,get_disposable_virtual_card
getting_virtual_card,activate_my_card,virtual_card_not_working
get_disposable_virtual_card,disposable_card_limits,activate_my_card
get_disposable_virtual_card,disposable_card_limits,virtual_card_not_working
getting_virtual_card,get_disposable_virtual_card,virtual_card_not_working
getting_virtual_card,activate_my_card,virtual_card_not_working
get_disposable_virtual_card,disposable_card_limits,activate_my_card
getting_virtual_card,virtual_card_not_working,get_disposable_virtual_card
getting_virtual_card,virtual_card_not_working,activate_my_card
getting_virtual_card,get_disposable_virtual_card,virtual_card_not_working
getting_virtual_card,virtual_card_not_working,activate_my_card
get_disposable_virtual_card,disposable_card_limits,getting_virtual_card
getting_virtual_card,activate_my_card,virtual_card_not_working
getting_virtual_card,activate_my_card,virtual_card_not_working
getting_virtual_card,activate_my_card,virtual_card_not_working
get_disposable_virtual_card,disposable_card_limits,virtual_card_not_working
getting_virtual_card,activate_my_card,virtual_card_not_working
card_not_working,declined_card_payment,activate_my_card
disposable_card_limits,get_disposable_virtual_card,activate_my_card
getting_virtual_card,activate_my_card,virtual_card_not_working
get_disposable_virtual_card,disposable_card_limits,getting_virtual_card
get_disposable_virtual_card,disposable_card_limits,activate_my_card
get_disposable_virtual_card,disposable_card_limits,activate_my_card
get_disposable_virtual_card,disposable_card_limits,getting_virtual_card
get_disposable_virtual_card,activate_my_card,getting_virtual_card
get_disposable_virtual_card,disposable_card_limits,activate_my_card
get_disposable_virtual_card,disposable_card_limits,getting_virtual_card
getting_virtual_card,activate_my_card,virtual_card_not_working
get_disposable_virtual_card,disposable_card_limits,activate_my_card
getting_virtual_card,get_disposable_virtual_card,virtual_card_not_working
getting_virtual_card,activate_my_card,virtual_card_not_working
getting_virtual_card,virtual_card_not_working,get_disposable_virtual_card
getting_virtual_card,virtual_card_not_working,get_disposable_virtual_card
wrong_exchange_rate_for_cash_withdrawal,card_payment_wrong_exchange_rate,wrong_amount_of_cash_received
card_payment_wrong_exchange_rate,wrong_exchange_rate_for_cash_withdrawal,transaction_charged_twice
cash_withdrawal_charge,wrong_exchange_rate_for_cash_withdrawal,wrong_amount_of_cash_received
exchange_rate,card_payment_wrong_exchange_rate,wrong_exchange_rate_for_cash_withdrawal
wrong_exchange_rate_for_cash_withdrawal,card_payment_wrong_exchange_rate,declined_cash_withdrawal
wrong_exchange_rate_for_cash_withdrawal,cash_withdrawal_not_recognised,card_payment_wrong_exchange_rate
wrong_exchange_rate_for_cash_withdrawal,card_payment_wrong_exchange_rate,exchange_rate
wrong_exchange_rate_for_cash_withdrawal,card_payment_wrong_exchange_rate,wrong_amount_of_cash_received
wrong_exchange_rate_for_cash_withdrawal,card_payment_wrong_exchange_rate,exchange_rate
card_payment_wrong_exchange_rate,wrong_exchange_rate_for_cash_withdrawal,exchange_rate
wrong_exchange_rate_for_cash_withdrawal,card_payment_wrong_exchange_rate,cash_withdrawal_not_recognised
cash_withdrawal_charge,exchange_charge,wrong_exchange_rate_for_cash_withdrawal
wrong_exchange_rate_for_cash_withdrawal,card_payment_wrong_exchange_rate,direct_debit_payment_not_recognised
wrong_exchange_rate_for_cash_withdrawal,card_payment_wrong_exchange_rate,declined_cash_withdrawal
wrong_exchange_rate_for_cash_withdrawal,card_payment_wrong_exchange_rate,exchange_rate
cash_withdrawal_charge,wrong_exchange_rate_for_cash_withdrawal,declined_cash_withdrawal
cash_withdrawal_charge,wrong_exchange_rate_for_cash_withdrawal,wrong_amount_of_cash_received
wrong_exchange_rate_for_cash_withdrawal,card_payment_wrong_exchange_rate,wrong_amount_of_cash_received
wrong_exchange_rate_for_cash_withdrawal,card_payment_wrong_exchange_rate,wrong_amount_of_cash_received
cash_withdrawal_charge,wrong_exchange_rate_for_cash_withdrawal,declined_cash_withdrawal
card_payment_wrong_exchange_rate,wrong_exchange_rate_for_cash_withdrawal,exchange_rate
card_payment_wrong_exchange_rate,wrong_exchange_rate_for_cash_withdrawal,wrong_amount_of_cash_received
wrong_exchange_rate_for_cash_withdrawal,card_payment_wrong_exchange_rate,cash_withdrawal_not_recognised
wrong_exchange_rate_for_cash_withdrawal,card_payment_wrong_exchange_rate,exchange_charge
wrong_exchange_rate_for_cash_withdrawal,card_payment_wrong_exchange_rate,wrong_amount_of_cash_received
wrong_exchange_rate_for_cash_withdrawal,card_payment_wrong_exchange_rate,exchange_rate
wrong_exchange_rate_for_cash_withdrawal,card_payment_wrong_exchange_rate,cash_withdrawal_charge
cash_withdrawal_charge,wrong_exchange_rate_for_cash_withdrawal,wrong_amount_of_cash_received
wrong_exchange_rate_for_cash_withdrawal,card_payment_wrong_exchange_rate,exchange_rate
wrong_exchange_rate_for_cash_withdrawal,card_payment_wrong_exchange_rate,wrong_amount_of_cash_received
wrong_exchange_rate_for_cash_withdrawal,card_payment_wrong_exchange_rate,wrong_amount_of_cash_received
wrong_exchange_rate_for_cash_withdrawal,card_payment_wrong_exchange_rate,exchange_rate
wrong_exchange_rate_for_cash_withdrawal,card_payment_wrong_exchange_rate,wrong_amount_of_cash_received
wrong_exchange_rate_for_cash_withdrawal,card_payment_wrong_exchange_rate,declined_cash_withdrawal
wrong_exchange_rate_for_cash_withdrawal,card_payment_wrong_exchange_rate,exchange_rate
wrong_exchange_rate_for_cash_withdrawal,card_payment_wrong_exchange_rate,wrong_amount_of_cash_received
wrong_exchange_rate_for_cash_withdrawal,card_payment_wrong_exchange_rate,exchange_rate
cash_withdrawal_charge,wrong_exchange_rate_for_cash_withdrawal,wrong_amount_of_cash_received
wrong_exchange_rate_for_cash_withdrawal,card_payment_wrong_exchange_rate,declined_cash_withdrawal
wrong_exchange_rate_for_cash_withdrawal,wrong_amount_of_cash_received,cash_withdrawal_charge
get_disposable_virtual_card,disposable_card_limits,getting_virtual_card
get_disposable_virtual_card,disposable_card_limits,getting_virtual_card
get_disposable_virtual_card,disposable_card_limits,getting_virtual_card
get_disposable_virtual_card,disposable_card_limits,getting_virtual_card
activate_my_card,card_linking,getting_virtual_card
get_disposable_virtual_card,disposable_card_limits,getting_virtual_card
getting_virtual_card,get_disposable_virtual_card,virtual_card_not_working
disposable_card_limits,get_disposable_virtual_card,virtual_card_not_working
get_disposable_virtual_card,disposable_card_limits,getting_virtual_card
get_disposable_virtual_card,disposable_card_limits,getting_virtual_card
disposable_card_limits,get_disposable_virtual_card,passcode_forgotten
get_disposable_virtual_card,disposable_card_limits,getting_virtual_card
get_disposable_virtual_card,disposable_card_limits,getting_virtual_card
get_disposable_virtual_card,disposable_card_limits,getting_virtual_card
get_disposable_virtual_card,disposable_card_limits,getting_virtual_card
get_disposable_virtual_card,disposable_card_limits,getting_virtual_card
disposable_card_limits,get_disposable_virtual_card,order_physical_card
getting_virtual_card,get_disposable_virtual_card,virtual_card_not_working
get_disposable_virtual_card,disposable_card_limits,getting_virtual_card
getting_virtual_card,get_disposable_virtual_card,virtual_card_not_working
get_disposable_virtual_card,disposable_card_limits,getting_virtual_card
get_disposable_virtual_card,disposable_card_limits,getting_virtual_card
getting_virtual_card,get_disposable_virtual_card,virtual_card_not_working
get_disposable_virtual_card,disposable_card_limits,getting_virtual_card
get_disposable_virtual_card,disposable_card_limits,getting_virtual_card
get_disposable_virtual_card,disposable_card_limits,getting_virtual_card
get_disposable_virtual_card,disposable_card_limits,getting_virtual_card
get_disposable_virtual_card,disposable_card_limits,getting_virtual_card
disposable_card_limits,get_disposable_virtual_card,automatic_top_up
get_disposable_virtual_card,disposable_card_limits,getting_virtual_card
disposable_card_limits,get_disposable_virtual_card,activate_my_card
get_disposable_virtual_card,disposable_card_limits,getting_virtual_card
get_disposable_virtual_card,disposable_card_limits,getting_virtual_card
get_disposable_virtual_card,disposable_card_limits,getting_virtual_card
get_disposable_virtual_card,disposable_card_limits,getting_virtual_card
get_disposable_virtual_card,disposable_card_limits,getting_virtual_card
order_physical_card,getting_spare_card,supported_cards_and_currencies
disposable_card_limits,get_disposable_virtual_card,automatic_top_up
disposable_card_limits,get_disposable_virtual_card,order_physical_card
get_disposable_virtual_card,disposable_card_limits,getting_virtual_card
top_up_failed,top_up_reverted,pending_top_up
top_up_failed,top_up_reverted,pending_top_up
top_up_failed,top_up_reverted,pending_top_up
top_up_failed,top_up_reverted,pending_top_up
top_up_failed,top_up_reverted,pending_top_up
top_up_failed,top_up_reverted,pending_top_up
top_up_failed,top_up_reverted,pending_top_up
top_up_failed,top_up_reverted,pending_top_up
top_up_failed,top_up_reverted,pending_top_up
top_up_failed,top_up_reverted,pending_top_up
top_up_failed,top_up_reverted,pending_top_up
top_up_failed,top_up_reverted,pending_top_up
top_up_failed,top_up_reverted,pending_top_up
top_up_failed,top_up_reverted,pending_top_up
top_up_failed,top_up_reverted,pending_top_up
top_up_failed,top_up_reverted,pending_top_up
top_up_failed,top_up_reverted,pending_top_up
declined_card_payment,top_up_failed,card_not_working
top_up_failed,top_up_reverted,pending_top_up
top_up_failed,top_up_reverted,pending_top_up
top_up_failed,top_up_reverted,pending_top_up
top_up_failed,top_up_reverted,pending_top_up
top_up_failed,top_up_reverted,pending_top_up
pending_top_up,top_up_reverted,top_up_failed
top_up_failed,top_up_reverted,topping_up_by_card
top_up_failed,top_up_reverted,pending_top_up
top_up_failed,top_up_reverted,pending_top_up
top_up_failed,top_up_reverted,pending_top_up
top_up_failed,top_up_reverted,pending_top_up
top_up_failed,top_up_reverted,pending_top_up
top_up_failed,topping_up_by_card,top_up_reverted
top_up_failed,top_up_reverted,pending_top_up
top_up_failed,top_up_reverted,topping_up_by_card
top_up_failed,top_up_reverted,pending_top_up
top_up_failed,top_up_reverted,pending_top_up
declined_card_payment,declined_cash_withdrawal,cash_withdrawal_not_recognised
top_up_failed,top_up_reverted,pending_top_up
top_up_failed,top_up_reverted,pending_top_up
top_up_failed,top_up_reverted,pending_top_up
top_up_failed,top_up_reverted,pending_top_up
balance_not_updated_after_bank_transfer,transfer_not_received_by_recipient,transfer_timing
balance_not_updated_after_bank_transfer,transfer_not_received_by_recipient,beneficiary_not_allowed
balance_not_updated_after_bank_transfer,transfer_timing,pending_transfer
balance_not_updated_after_bank_transfer,transfer_not_received_by_recipient,beneficiary_not_allowed
balance_not_updated_after_bank_transfer,transfer_timing,transfer_not_received_by_recipient
transfer_timing,balance_not_updated_after_bank_transfer,pending_transfer
balance_not_updated_after_bank_transfer,transfer_timing,transfer_not_received_by_recipient
transfer_timing,balance_not_updated_after_bank_transfer,pending_transfer
balance_not_updated_after_bank_transfer,transfer_not_received_by_recipient,failed_transfer
balance_not_updated_after_bank_transfer,transfer_not_received_by_recipient,transfer_timing
balance_not_updated_after_bank_transfer,transfer_not_received_by_recipient,beneficiary_not_allowed
transfer_timing,balance_not_updated_after_bank_transfer,pending_transfer
balance_not_updated_after_bank_transfer,transfer_not_received_by_recipient,transfer_timing
pending_transfer,transfer_not_received_by_recipient,balance_not_updated_after_bank_transfer
pending_transfer,balance_not_updated_after_bank_transfer,transfer_not_received_by_recipient
balance_not_updated_after_bank_transfer,transfer_not_received_by_recipient,transfer_timing
balance_not_updated_after_bank_transfer,transfer_not_received_by_recipient,transfer_timing
balance_not_updated_after_bank_transfer,transfer_not_received_by_recipient,balance_not_updated_after_cheque_or_cash_deposit
balance_not_updated_after_bank_transfer,transfer_not_received_by_recipient,pending_transfer
balance_not_updated_after_bank_transfer,transfer_not_received_by_recipient,pending_transfer
balance_not_updated_after_bank_transfer,transfer_not_received_by_recipient,beneficiary_not_allowed
transfer_not_received_by_recipient,balance_not_updated_after_bank_transfer,pending_transfer
balance_not_updated_after_bank_transfer,transfer_not_received_by_recipient,transfer_timing
failed_transfer,beneficiary_not_allowed,balance_not_updated_after_bank_transfer
balance_not_updated_after_bank_transfer,transfer_not_received_by_recipient,beneficiary_not_allowed
balance_not_updated_after_bank_transfer,transfer_not_received_by_recipient,transfer_timing
transfer_not_received_by_recipient,balance_not_updated_after_bank_transfer,pending_transfer
balance_not_updated_after_bank_transfer,transfer_not_received_by_recipient,beneficiary_not_allowed
pending_transfer,transfer_timing,balance_not_updated_after_bank_transfer
balance_not_updated_after_bank_transfer,transfer_not_received_by_recipient,balance_not_updated_after_cheque_or_cash_deposit
balance_not_updated_after_bank_transfer,transfer_not_received_by_recipient,transfer_timing
pending_transfer,transfer_not_received_by_recipient,balance_not_updated_after_bank_transfer
balance_not_updated_after_bank_transfer,transfer_timing,transfer_not_received_by_recipient
transfer_timing,balance_not_updated_after_bank_transfer,country_support
balance_not_updated_after_bank_transfer,transfer_not_received_by_recipient,balance_not_updated_after_cheque_or_cash_deposit
transfer_not_received_by_recipient,balance_not_updated_after_bank_transfer,pending_transfer
balance_not_updated_after_bank_transfer,transfer_not_received_by_recipient,transfer_timing
balance_not_updated_after_bank_transfer,transfer_not_received_by_recipient,transfer_timing
balance_not_updated_after_bank_transfer,transfer_not_received_by_recipient,balance_not_updated_after_cheque_or_cash_deposit
balance_not_updated_after_bank_transfer,transfer_timing,transfer_not_received_by_recipient
cash_withdrawal_not_recognised,compromised_card,wrong_amount_of_cash_received
cash_withdrawal_not_recognised,pending_cash_withdrawal,declined_cash_withdrawal
cash_withdrawal_not_recognised,declined_cash_withdrawal,pending_cash_withdrawal
cash_withdrawal_not_recognised,declined_cash_withdrawal,wrong_amount_of_cash_received
wrong_amount_of_cash_received,cash_withdrawal_not_recognised,declined_cash_withdrawal
cash_withdrawal_not_recognised,pending_cash_withdrawal,declined_cash_withdrawal
cash_withdrawal_not_recognised,pending_cash_withdrawal,declined_cash_withdrawal
cash_withdrawal_not_recognised,declined_cash_withdrawal,wrong_amount_of_cash_received
cash_withdrawal_not_recognised,declined_cash_withdrawal,pending_cash_withdrawal
cash_withdrawal_not_recognised,wrong_amount_of_cash_received,declined_cash_withdrawal
cash_withdrawal_not_recognised,declined_cash_withdrawal,pending_cash_withdrawal
cash_withdrawal_not_recognised,pending_cash_withdrawal,declined_cash_withdrawal
cash_withdrawal_not_recognised,pending_cash_withdrawal,declined_cash_withdrawal
cash_withdrawal_not_recognised,pending_cash_withdrawal,declined_cash_withdrawal
cash_withdrawal_not_recognised,declined_cash_withdrawal,pending_cash_withdrawal
cash_withdrawal_not_recognised,declined_cash_withdrawal,pending_cash_withdrawal
cash_withdrawal_not_recognised,pending_cash_withdrawal,declined_cash_withdrawal
cash_withdrawal_not_recognised,declined_cash_withdrawal,pending_cash_withdrawal
cash_withdrawal_not_recognised,declined_cash_withdrawal,pending_cash_withdrawal
cash_withdrawal_not_recognised,declined_cash_withdrawal,pending_cash_withdrawal
cash_withdrawal_not_recognised,declined_cash_withdrawal,pending_cash_withdrawal
cash_withdrawal_not_recognised,wrong_amount_of_cash_received,declined_cash_withdrawal
cash_withdrawal_not_recognised,wrong_amount_of_cash_received,declined_cash_withdrawal
cash_withdrawal_not_recognised,declined_cash_withdrawal,pending_cash_withdrawal
cash_withdrawal_not_recognised,declined_cash_withdrawal,pending_cash_withdrawal
cash_withdrawal_not_recognised,cancel_transfer,lost_or_stolen_card
card_payment_not_recognised,card_payment_fee_charged,direct_debit_payment_not_recognised
cash_withdrawal_not_recognised,declined_cash_withdrawal,pending_cash_withdrawal
cash_withdrawal_not_recognised,declined_cash_withdrawal,pending_cash_withdrawal
cash_withdrawal_not_recognised,declined_cash_withdrawal,pending_cash_withdrawal
cash_withdrawal_not_recognised,pending_cash_withdrawal,declined_cash_withdrawal
cash_withdrawal_not_recognised,wrong_amount_of_cash_received,declined_cash_withdrawal
cash_withdrawal_not_recognised,pending_cash_withdrawal,declined_cash_withdrawal
cash_withdrawal_not_recognised,declined_cash_withdrawal,wrong_amount_of_cash_received
cash_withdrawal_not_recognised,declined_cash_withdrawal,pending_cash_withdrawal
cash_withdrawal_not_recognised,wrong_amount_of_cash_received,declined_cash_withdrawal
cash_withdrawal_not_recognised,compromised_card,pending_cash_withdrawal
cash_withdrawal_not_recognised,declined_cash_withdrawal,pending_cash_withdrawal
cash_withdrawal_not_recognised,declined_cash_withdrawal,pending_cash_withdrawal
cash_withdrawal_not_recognised,declined_cash_withdrawal,pending_cash_withdrawal
exchange_charge,exchange_via_app,fiat_currency_support
exchange_rate,card_payment_wrong_exchange_rate,wrong_exchange_rate_for_cash_withdrawal
exchange_charge,exchange_via_app,fiat_currency_support
exchange_rate,wrong_exchange_rate_for_cash_withdrawal,card_payment_wrong_exchange_rate
exchange_charge,fiat_currency_support,exchange_via_app
exchange_charge,exchange_via_app,wrong_exchange_rate_for_cash_withdrawal
exchange_charge,exchange_via_app,fiat_currency_support
exchange_charge,exchange_via_app,fiat_currency_support
exchange_charge,exchange_via_app,fiat_currency_support
exchange_charge,exchange_via_app,wrong_exchange_rate_for_cash_withdrawal
exchange_charge,exchange_via_app,fiat_currency_support
exchange_charge,exchange_via_app,wrong_exchange_rate_for_cash_withdrawal
exchange_charge,exchange_via_app,fiat_currency_support
exchange_charge,exchange_via_app,fiat_currency_support
exchange_charge,fiat_currency_support,exchange_via_app
exchange_charge,wrong_exchange_rate_for_cash_withdrawal,exchange_via_app
exchange_charge,exchange_via_app,supported_cards_and_currencies
exchange_charge,exchange_via_app,fiat_currency_support
exchange_charge,exchange_via_app,wrong_exchange_rate_for_cash_withdrawal
exchange_charge,exchange_via_app,fiat_currency_support
exchange_charge,exchange_via_app,fiat_currency_support
exchange_charge,wrong_exchange_rate_for_cash_withdrawal,exchange_via_app
exchange_charge,exchange_via_app,fiat_currency_support
exchange_charge,exchange_via_app,fiat_currency_support
exchange_charge,exchange_via_app,fiat_currency_support
transfer_fee_charged,top_up_by_bank_transfer_charge,extra_charge_on_statement
exchange_charge,wrong_exchange_rate_for_cash_withdrawal,transfer_fee_charged
exchange_charge,exchange_via_app,fiat_currency_support
exchange_charge,exchange_via_app,fiat_currency_support
exchange_charge,exchange_via_app,fiat_currency_support
exchange_charge,exchange_via_app,fiat_currency_support
exchange_charge,exchange_via_app,fiat_currency_support
exchange_charge,exchange_via_app,wrong_exchange_rate_for_cash_withdrawal
exchange_charge,exchange_via_app,fiat_currency_support
exchange_charge,exchange_via_app,fiat_currency_support
exchange_charge,exchange_via_app,fiat_currency_support
exchange_charge,exchange_via_app,fiat_currency_support
exchange_charge,exchange_via_app,fiat_currency_support
exchange_charge,exchange_via_app,fiat_currency_support
exchange_charge,exchange_via_app,fiat_currency_support
top_up_by_card_charge,supported_cards_and_currencies,top_up_by_bank_transfer_charge
top_up_by_card_charge,supported_cards_and_currencies,top_up_by_bank_transfer_charge
top_up_by_card_charge,card_payment_fee_charged,order_physical_card
top_up_by_card_charge,supported_cards_and_currencies,card_payment_fee_charged
top_up_by_card_charge,top_up_by_bank_transfer_charge,top_up_by_cash_or_cheque
top_up_by_card_charge,supported_cards_and_currencies,top_up_by_bank_transfer_charge
top_up_by_card_charge,top_up_by_bank_transfer_charge,card_payment_fee_charged
top_up_by_card_charge,supported_cards_and_currencies,top_up_by_bank_transfer_charge
top_up_by_card_charge,supported_cards_and_currencies,top_up_by_bank_transfer_charge
top_up_by_card_charge,top_up_by_bank_transfer_charge,supported_cards_and_currencies
top_up_by_card_charge,top_up_by_cash_or_cheque,supported_cards_and_currencies
top_up_by_card_charge,top_up_by_bank_transfer_charge,supported_cards_and_currencies
top_up_by_card_charge,supported_cards_and_currencies,card_payment_fee_charged
top_up_by_card_charge,top_up_by_bank_transfer_charge,cash_withdrawal_charge
top_up_by_card_charge,top_up_by_bank_transfer_charge,top_up_by_cash_or_cheque
top_up_by_card_charge,supported_cards_and_currencies,top_up_by_cash_or_cheque
top_up_by_card_charge,top_up_by_bank_transfer_charge,card_payment_fee_charged
top_up_by_card_charge,top_up_by_bank_transfer_charge,supported_cards_and_currencies
top_up_by_card_charge,supported_cards_and_currencies,card_payment_fee_charged
top_up_by_card_charge,supported_cards_and_currencies,top_up_by_cash_or_cheque
top_up_by_card_charge,supported_cards_and_currencies,top_up_by_cash_or_cheque
top_up_by_card_charge,top_up_by_bank_transfer_charge,top_up_by_cash_or_cheque
top_up_by_card_charge,top_up_by_bank_transfer_charge,cash_withdrawal_charge
top_up_by_card_charge,top_up_by_bank_transfer_charge,top_up_by_cash_or_cheque
top_up_by_card_charge,supported_cards_and_currencies,top_up_by_bank_transfer_charge
top_up_by_card_charge,card_payment_fee_charged,cash_withdrawal_charge
top_up_by_card_charge,supported_cards_and_currencies,top_up_by_bank_transfer_charge
top_up_by_card_charge,supported_cards_and_currencies,top_up_by_cash_or_cheque
top_up_by_card_charge,supported_cards_and_currencies,top_up_by_bank_transfer_charge
supported_cards_and_currencies,topping_up_by_card,top_up_by_card_charge
top_up_by_card_charge,top_up_by_bank_transfer_charge,top_up_by_cash_or_cheque
top_up_by_card_charge,top_up_by_bank_transfer_charge,card_payment_fee_charged
top_up_by_card_charge,supported_cards_and_currencies,top_up_by_bank_transfer_charge
top_up_by_card_charge,top_up_by_bank_transfer_charge,exchange_charge
top_up_by_card_charge,top_up_by_bank_transfer_charge,cash_withdrawal_charge
supported_cards_and_currencies,top_up_by_card_charge,topping_up_by_card
top_up_by_card_charge,supported_cards_and_currencies,top_up_by_cash_or_cheque
top_up_by_card_charge,supported_cards_and_currencies,card_payment_fee_charged
top_up_by_card_charge,top_up_by_bank_transfer_charge,top_up_by_cash_or_cheque
top_up_by_card_charge,supported_cards_and_currencies,top_up_by_bank_transfer_charge
activate_my_card,card_linking,card_not_working
activate_my_card,card_linking,card_not_working
activate_my_card,card_linking,card_not_working
activate_my_card,card_linking,card_not_working
activate_my_card,card_linking,card_not_working
activate_my_card,card_linking,card_not_working
activate_my_card,card_linking,card_not_working
activate_my_card,card_linking,card_not_working
activate_my_card,card_linking,card_about_to_expire
activate_my_card,card_linking,card_not_working
activate_my_card,card_linking,card_not_working
activate_my_card,card_linking,card_not_working
lost_or_stolen_card,card_arrival,card_linking
activate_my_card,card_linking,card_not_working
activate_my_card,card_linking,pin_blocked
activate_my_card,card_linking,card_not_working
activate_my_card,card_linking,card_not_working
activate_my_card,card_linking,card_not_working
activate_my_card,card_not_working,card_linking
activate_my_card,card_linking,pin_blocked
activate_my_card,card_linking,card_not_working
activate_my_card,card_linking,card_not_working
activate_my_card,card_linking,card_not_working
activate_my_card,card_linking,card_not_working
activate_my_card,card_linking,card_not_working
activate_my_card,card_linking,card_not_working
activate_my_card,card_linking,card_not_working
activate_my_card,card_linking,card_not_working
activate_my_card,card_linking,card_not_working
activate_my_card,card_linking,card_not_working
activate_my_card,card_linking,card_not_working
activate_my_card,card_linking,card_not_working
card_linking,activate_my_card,card_not_working
activate_my_card,card_linking,card_not_working
activate_my_card,card_linking,card_not_working
activate_my_card,card_linking,card_not_working
activate_my_card,card_linking,card_not_working
activate_my_card,card_linking,card_not_working
activate_my_card,card_linking,card_not_working
activate_my_card,card_linking,card_not_working
cash_withdrawal_charge,declined_cash_withdrawal,cash_withdrawal_not_recognised
cash_withdrawal_charge,declined_cash_withdrawal,cash_withdrawal_not_recognised
cash_withdrawal_charge,declined_cash_withdrawal,cash_withdrawal_not_recognised
cash_withdrawal_charge,cash_withdrawal_not_recognised,declined_cash_withdrawal
cash_withdrawal_charge,declined_cash_withdrawal,card_payment_fee_charged
cash_withdrawal_charge,declined_cash_withdrawal,cash_withdrawal_not_recognised
cash_withdrawal_charge,declined_cash_withdrawal,card_payment_fee_charged
cash_withdrawal_charge,declined_cash_withdrawal,wrong_exchange_rate_for_cash_withdrawal
cash_withdrawal_charge,card_payment_fee_charged,transfer_fee_charged
cash_withdrawal_charge,declined_cash_withdrawal,card_payment_fee_charged
card_payment_fee_charged,transfer_fee_charged,cash_withdrawal_charge
cash_withdrawal_charge,card_payment_fee_charged,transfer_fee_charged
cash_withdrawal_charge,card_payment_fee_charged,declined_cash_withdrawal
cash_withdrawal_charge,cash_withdrawal_not_recognised,declined_cash_withdrawal
cash_withdrawal_charge,card_payment_fee_charged,transfer_fee_charged
cash_withdrawal_charge,declined_cash_withdrawal,wrong_exchange_rate_for_cash_withdrawal
cash_withdrawal_charge,card_payment_fee_charged,declined_cash_withdrawal
cash_withdrawal_charge,card_payment_fee_charged,transfer_fee_charged
cash_withdrawal_charge,declined_cash_withdrawal,pending_cash_withdrawal
cash_withdrawal_charge,declined_cash_withdrawal,cash_withdrawal_not_recognised
cash_withdrawal_charge,declined_cash_withdrawal,card_payment_fee_charged
cash_withdrawal_charge,card_payment_fee_charged,declined_cash_withdrawal
cash_withdrawal_charge,declined_cash_withdrawal,cash_withdrawal_not_recognised
cash_withdrawal_charge,declined_cash_withdrawal,cash_withdrawal_not_recognised
cash_withdrawal_charge,card_payment_fee_charged,transfer_fee_charged
cash_withdrawal_charge,card_payment_fee_charged,transfer_fee_charged
cash_withdrawal_charge,transfer_fee_charged,declined_cash_withdrawal
cash_withdrawal_charge,card_payment_fee_charged,transfer_fee_charged
cash_withdrawal_charge,wrong_exchange_rate_for_cash_withdrawal,declined_cash_withdrawal
cash_withdrawal_charge,card_payment_fee_charged,transfer_fee_charged
cash_withdrawal_charge,declined_cash_withdrawal,cash_withdrawal_not_recognised
cash_withdrawal_charge,card_payment_fee_charged,transfer_fee_charged
cash_withdrawal_charge,declined_cash_withdrawal,cash_withdrawal_not_recognised
cash_withdrawal_charge,declined_cash_withdrawal,cash_withdrawal_not_recognised
cash_withdrawal_charge,card_payment_fee_charged,transfer_fee_charged
cash_withdrawal_charge,declined_cash_withdrawal,wrong_amount_of_cash_received
cash_withdrawal_charge,card_payment_fee_charged,transfer_fee_charged
wrong_amount_of_cash_received,wrong_exchange_rate_for_cash_withdrawal,cash_withdrawal_not_recognised
cash_withdrawal_charge,declined_cash_withdrawal,transfer_fee_charged
cash_withdrawal_charge,card_payment_fee_charged,declined_cash_withdrawal
card_about_to_expire,card_arrival,card_delivery_estimate
card_about_to_expire,card_arrival,card_delivery_estimate
card_about_to_expire,card_delivery_estimate,supported_cards_and_currencies
card_about_to_expire,card_delivery_estimate,supported_cards_and_currencies
card_about_to_expire,card_delivery_estimate,card_arrival
card_about_to_expire,card_delivery_estimate,card_arrival
card_about_to_expire,supported_cards_and_currencies,card_delivery_estimate
card_about_to_expire,getting_spare_card,card_arrival
card_about_to_expire,card_delivery_estimate,card_arrival
card_about_to_expire,card_delivery_estimate,card_arrival
card_about_to_expire,supported_cards_and_currencies,card_delivery_estimate
card_about_to_expire,supported_cards_and_currencies,card_delivery_estimate
card_about_to_expire,card_delivery_estimate,card_arrival
card_about_to_expire,supported_cards_and_currencies,card_delivery_estimate
card_about_to_expire,card_delivery_estimate,supported_cards_and_currencies
card_about_to_expire,card_arrival,card_linking
card_about_to_expire,card_delivery_estimate,supported_cards_and_currencies
card_about_to_expire,supported_cards_and_currencies,card_delivery_estimate
card_about_to_expire,supported_cards_and_currencies,card_delivery_estimate
card_about_to_expire,card_arrival,getting_spare_card
getting_spare_card,card_about_to_expire,order_physical_card
card_about_to_expire,card_delivery_estimate,supported_cards_and_currencies
card_about_to_expire,card_delivery_estimate,card_arrival
card_about_to_expire,getting_spare_card,supported_cards_and_currencies
card_about_to_expire,supported_cards_and_currencies,card_delivery_estimate
card_about_to_expire,card_delivery_estimate,getting_spare_card
card_about_to_expire,card_delivery_estimate,supported_cards_and_currencies
card_about_to_expire,card_delivery_estimate,getting_spare_card
card_about_to_expire,card_delivery_estimate,card_arrival
card_about_to_expire,getting_spare_card,supported_cards_and_currencies
card_about_to_expire,card_delivery_estimate,card_arrival
card_about_to_expire,supported_cards_and_currencies,card_delivery_estimate
card_about_to_expire,supported_cards_and_currencies,getting_spare_card
card_about_to_expire,supported_cards_and_currencies,card_delivery_estimate
card_about_to_expire,card_delivery_estimate,card_arrival
card_about_to_expire,getting_spare_card,card_delivery_estimate
card_about_to_expire,getting_spare_card,order_physical_card
card_about_to_expire,supported_cards_and_currencies,getting_spare_card
card_about_to_expire,supported_cards_and_currencies,getting_spare_card
card_about_to_expire,getting_spare_card,card_linking
apple_pay_or_google_pay,lost_or_stolen_phone,topping_up_by_card
apple_pay_or_google_pay,visa_or_mastercard,topping_up_by_card
apple_pay_or_google_pay,pending_top_up,card_not_working
apple_pay_or_google_pay,visa_or_mastercard,age_limit
apple_pay_or_google_pay,topping_up_by_card,visa_or_mastercard
apple_pay_or_google_pay,visa_or_mastercard,topping_up_by_card
apple_pay_or_google_pay,pending_top_up,topping_up_by_card
apple_pay_or_google_pay,visa_or_mastercard,topping_up_by_card
apple_pay_or_google_pay,lost_or_stolen_phone,card_not_working
apple_pay_or_google_pay,topping_up_by_card,visa_or_mastercard
apple_pay_or_google_pay,topping_up_by_card,visa_or_mastercard
apple_pay_or_google_pay,visa_or_mastercard,topping_up_by_card
apple_pay_or_google_pay,card_not_working,visa_or_mastercard
apple_pay_or_google_pay,topping_up_by_card,visa_or_mastercard
apple_pay_or_google_pay,visa_or_mastercard,supported_cards_and_currencies
apple_pay_or_google_pay,lost_or_stolen_phone,visa_or_mastercard
apple_pay_or_google_pay,visa_or_mastercard,topping_up_by_card
apple_pay_or_google_pay,topping_up_by_card,visa_or_mastercard
apple_pay_or_google_pay,card_not_working,topping_up_by_card
apple_pay_or_google_pay,lost_or_stolen_phone,card_not_working
apple_pay_or_google_pay,visa_or_mastercard,topping_up_by_card
apple_pay_or_google_pay,topping_up_by_card,visa_or_mastercard
apple_pay_or_google_pay,lost_or_stolen_phone,topping_up_by_card
apple_pay_or_google_pay,supported_cards_and_currencies,visa_or_mastercard
apple_pay_or_google_pay,lost_or_stolen_phone,card_not_working
apple_pay_or_google_pay,visa_or_mastercard,topping_up_by_card
apple_pay_or_google_pay,visa_or_mastercard,supported_cards_and_currencies
apple_pay_or_google_pay,card_not_working,topping_up_by_card
apple_pay_or_google_pay,pending_top_up,topping_up_by_card
apple_pay_or_google_pay,lost_or_stolen_phone,visa_or_mastercard
apple_pay_or_google_pay,age_limit,lost_or_stolen_phone
apple_pay_or_google_pay,card_not_working,top_up_failed
apple_pay_or_google_pay,topping_up_by_card,pending_top_up
apple_pay_or_google_pay,visa_or_mastercard,topping_up_by_card
apple_pay_or_google_pay,lost_or_stolen_phone,pending_top_up
apple_pay_or_google_pay,topping_up_by_card,lost_or_stolen_phone
apple_pay_or_google_pay,visa_or_mastercard,topping_up_by_card
apple_pay_or_google_pay,supported_cards_and_currencies,card_not_working
apple_pay_or_google_pay,lost_or_stolen_phone,topping_up_by_card
apple_pay_or_google_pay,visa_or_mastercard,supported_cards_and_currencies
why_verify_identity,verify_my_identity,unable_to_verify_identity
verify_my_identity,why_verify_identity,unable_to_verify_identity
verify_my_identity,why_verify_identity,unable_to_verify_identity
why_verify_identity,verify_my_identity,unable_to_verify_identity
why_verify_identity,unable_to_verify_identity,verify_my_identity
verify_my_identity,why_verify_identity,unable_to_verify_identity
verify_my_identity,why_verify_identity,unable_to_verify_identity
verify_my_identity,why_verify_identity,unable_to_verify_identity
verify_my_identity,why_verify_identity,unable_to_verify_identity
verify_my_identity,why_verify_identity,unable_to_verify_identity
verify_my_identity,why_verify_identity,unable_to_verify_identity
verify_my_identity,why_verify_identity,unable_to_verify_identity
verify_my_identity,why_verify_identity,unable_to_verify_identity
verify_my_identity,why_verify_identity,unable_to_verify_identity
verify_my_identity,why_verify_identity,unable_to_verify_identity
verify_my_identity,why_verify_identity,unable_to_verify_identity
verify_my_identity,why_verify_identity,unable_to_verify_identity
verify_my_identity,why_verify_identity,unable_to_verify_identity
verify_my_identity,why_verify_identity,unable_to_verify_identity
verify_my_identity,why_verify_identity,unable_to_verify_identity
why_verify_identity,verify_my_identity,unable_to_verify_identity
verify_my_identity,why_verify_identity,unable_to_verify_identity
verify_my_identity,why_verify_identity,unable_to_verify_identity
verify_my_identity,why_verify_identity,unable_to_verify_identity
edit_personal_details,why_verify_identity,verify_my_identity
verify_my_identity,why_verify_identity,unable_to_verify_identity
unable_to_verify_identity,why_verify_identity,verify_my_identity
verify_my_identity,why_verify_identity,unable_to_verify_identity
verify_my_identity,why_verify_identity,unable_to_verify_identity
verify_my_identity,why_verify_identity,unable_to_verify_identity
verify_my_identity,why_verify_identity,unable_to_verify_identity
verify_my_identity,why_verify_identity,unable_to_verify_identity
why_verify_identity,unable_to_verify_identity,verify_my_identity
verify_my_identity,why_verify_identity,unable_to_verify_identity
verify_my_identity,why_verify_identity,unable_to_verify_identity
unable_to_verify_identity,why_verify_identity,verify_my_identity
verify_my_identity,why_verify_identity,unable_to_verify_identity
verify_my_identity,why_verify_identity,unable_to_verify_identity
verify_my_identity,why_verify_identity,unable_to_verify_identity
verify_my_identity,why_verify_identity,unable_to_verify_identity
country_support,supported_cards_and_currencies,order_physical_card
country_support,supported_cards_and_currencies,order_physical_card
country_support,exchange_via_app,supported_cards_and_currencies
country_support,supported_cards_and_currencies,exchange_via_app
country_support,supported_cards_and_currencies,order_physical_card
country_support,supported_cards_and_currencies,order_physical_card
country_support,supported_cards_and_currencies,order_physical_card
country_support,supported_cards_and_currencies,order_physical_card
country_support,supported_cards_and_currencies,order_physical_card
country_support,supported_cards_and_currencies,order_physical_card
country_support,supported_cards_and_currencies,order_physical_card
country_support,age_limit,receiving_money
country_support,supported_cards_and_currencies,exchange_via_app
country_support,supported_cards_and_currencies,order_physical_card
country_support,supported_cards_and_currencies,card_about_to_expire
country_support,supported_cards_and_currencies,order_physical_card
country_support,edit_personal_details,supported_cards_and_currencies
country_support,supported_cards_and_currencies,exchange_via_app
edit_personal_details,country_support,order_physical_card
country_support,supported_cards_and_currencies,order_physical_card
country_support,transfer_timing,exchange_via_app
country_support,supported_cards_and_currencies,order_physical_card
country_support,supported_cards_and_currencies,exchange_via_app
country_support,transfer_timing,supported_cards_and_currencies
country_support,order_physical_card,edit_personal_details
country_support,supported_cards_and_currencies,transfer_timing
country_support,supported_cards_and_currencies,card_about_to_expire
country_support,supported_cards_and_currencies,visa_or_mastercard
country_support,supported_cards_and_currencies,transfer_timing
country_support,supported_cards_and_currencies,exchange_via_app
country_support,supported_cards_and_currencies,order_physical_card
country_support,edit_personal_details,verify_source_of_funds
country_support,supported_cards_and_currencies,visa_or_mastercard
country_support,supported_cards_and_currencies,transfer_timing
country_support,supported_cards_and_currencies,order_physical_card
country_support,supported_cards_and_currencies,order_physical_card
country_support,supported_cards_and_currencies,exchange_via_app
country_support,supported_cards_and_currencies,exchange_via_app
country_support,supported_cards_and_currencies,transfer_timing
country_support,order_physical_card,supported_cards_and_currencies
